Workbook

Sheet Issue
A1: Rev | B1: Data | C1: Descrizione
A2: 1.0 | B2: 46190 | C2: Presentazione bozza

Sheet ToDo
A1: Data | B1: Chi | C1: Priorità | D1: Descrizione | E1: Note
A2: 46190 | B2: Federico | C2: Alta | D2: protezione azionamenti | E2: da ricercare all'interno dei documenti, una volta collezionati tutti i doc disponibili sulla trazione
A3: 46190 | B3: Federico | C3: Alta | D3: ricerca doc propulsion | E3: in corso sui vari SGF
A4: 46190 | B4: Maurizio | C4: Alta | D4: legare manuali e CPR a documenti CONF | E4: eseguito manualmente, TBD legame automatico (vedi pt sotto)
A5: 46190 | B5: Federico | C5: Alta | D5: provare integrazione copilot | E5: Eseguita prova su FRS_Line_Voltage con compilazione automatica colonna B di Funzioni. Riutilizzabile per prossime FUNC ID
A6: 46189 | B6: Maurizio | C6: Bassa | D6: Definire struttura codice FUNC ID | E6: Valutare se necessario
A7: 46189 | B7: Maurizio | C7: Media | D7: Diagnostica: - Reperire documentazione diagnostica EVENTI + AWO per flotta - Definire modalità archiviazione file diagnostici per flotta e referenziazione in FUNZIONI | E7: Alcuni doc già recuperati, da definire criterio di archiviazione
A8: 46189 | B8: Maurizio | C8: Bassa | D8: Rivedere/Completare PBS | E8: TBD
A9: 46189 | B9: Maurizio | C9: Bassa | D9: Legare FUNZIONI a PBS ??? | E9: TBD
A10: 46189 | B10: Maurizio | C10: Bassa | D10: Pensare a come gestire in Funzioni, l'aggiornamento dei documenti richiamati. ES aggiungere campo data??? | E10: TBD
A11: 46196 | B11: Maurizio | C11: Alta | D11: Valutare se inserire colonna File Type in Conf Sheet per poter referenziare anche documenti diversi da pdf (es. file excel degli annex ICD) In tal caso modificare la costruzione del link in Funzioni | E11: la diversa tipologia di doc a disposizione potrebbe generare problemi nel referenziare i doc tramite link. Agganciare i link ad una colonna che indica il tipo di documento bypassa il problema del formato
A12: 46196 | B12: Maurizio | C12: Alta | D12: Inserire in Funzioni una colonna Doc Type che specifica la tipologia di documenti da linkare (es. CONFIG, MR_CPR, GENERAL, DIAGNOSTIC…) al quale è associato il foglio excel per la ricerca del documento (automatica nella formula del link) e la cartella di archiviazione per la costruzione del link (automatica) | E12: Dato che la costruzione del file DB e delle cartelle su Sharepoint (criterio di archiviazione) può essere ancora modificabile sulla base della tipologia di documenti che sarà necessario tracciare/archiviare, potrebbe essere utili introdurre un Doc Type che venga utilizzato sia per tracciare i doc su un foglio del DB dedicato sia per creare dinamicamente il link su cartelle ad oggi ancora "flessibili"
A13: 46197 | B13: Federico | C13: Media | D13: Pensare a come esportare il file in formato di HTML per poter essere navigabile via broswer | E13: Potrebbe essere utile in caso sia necessario reperire informazioni quando siamo a bordo treno anche da Telefono

Sheet Cartelle
A1: DESCRIZIONE | B1: NOME | C1: Livello | D1: INDIRIZZO | E1: LINK
A2: Root Sharepoint | B2: Sharepoint | C2: 0 | D2: https://gruppofsitaliane.sharepoint.com/:f:/r/sites/IngegneriaETReMezziLeggeri-Trenitalia/ | E2: =HYPERLINK(D2,"🔗") -> 🔗
A3: Cartella Documenti Ingegneria | B3: Shared%20Documents/ | C3: 1 | D3: =CONCATENATE($D$2,B3) -> https://gruppofsitaliane.sharepoint.com/:f:/r/sites/IngegneriaETReMezziLeggeri-Trenitalia/Shared%20Documents/ | E3: =HYPERLINK(D3,"🔗") -> 🔗
A4: Cartella Archiviazione doc ETR1000 | B4: DB_ETR1000/ | C4: 2 | D4: =CONCATENATE($D$3,B4) -> https://gruppofsitaliane.sharepoint.com/:f:/r/sites/IngegneriaETReMezziLeggeri-Trenitalia/Shared%20Documents/DB_ETR1000/ | E4: =HYPERLINK(D4,"🔗") -> 🔗
A5: Documenti di configurazione | B5: DOC_FLOTTE/ | C5: 3 | D5: =CONCATENATE($D$4,B5) -> https://gruppofsitaliane.sharepoint.com/:f:/r/sites/IngegneriaETReMezziLeggeri-Trenitalia/Shared%20Documents/DB_ETR1000/DOC_FLOTTE/ | E5: =HYPERLINK(D5,"🔗") -> 🔗
A6: Raccolta documentazione Funzioni | B6: DOC_FUNC/ | C6: 3 | D6: =CONCATENATE($D$4,B6) -> https://gruppofsitaliane.sharepoint.com/:f:/r/sites/IngegneriaETReMezziLeggeri-Trenitalia/Shared%20Documents/DB_ETR1000/DOC_FUNC/ | E6: =HYPERLINK(D6,"🔗") -> 🔗
A10: VINCOLI
A11: Id Flotta | B11: Riga 1
A12: DOC ID | B12: Colonna B
A13: DOC EXT | B13: Colonna C

Sheet Flotte
A1: Nome flotta | B1: ID flotta | C1: ID flotta "nativa" | D1: Ultima BL rilasciata | E1: Conf Sheet aggiornata a BL | F1: TOT Treni | G1: NUMERI TRENO
A2: VZI-50_IT Flotta base | B2: VZI_Base | C2: VZI_Base | D2: 6.3 ? | E2: 6.0 27/09/24 | F2: =COUNTIF(G2:BW2,"<>") -> 44 | G2: 1 | H2: 2 | I2: 3 | J2: 4 | K2: 5 | L2: 6 | M2: 7 | N2: 8 | O2: 9 | P2: 10 | Q2: 11 | R2: 12 | S2: 13 | T2: 14 | V2: 16 | W2: 17 | X2: 18 | Y2: 19 | AA2: 21 | AB2: 22 | AD2: 24 | AF2: 26 | AG2: 27 | AI2: 29 | AJ2: 30 | AL2: 32 | AM2: 33 | AN2: 34 | AP2: 36 | AQ2: 37 | AR2: 38 | AS2: 39 | AT2: 40 | AU2: 41 | AV2: 42 | AW2: 43 | AY2: 45 | AZ2: 46 | BB2: 48 | BE2: 46 | BF2: 47 | BG2: 48 | BH2: 49 | BI2: 50
A3: VZI-51-58_IT (New 14) | B3: VZI_New14 | C3: VZI_Base | D3: 4.3_14 17/12/2025 | E3: 4.2_14 30/01/2025 | F3: =COUNTIF(G3:BW3,"<>") -> 8 | BJ3: 51 | BK3: 52 | BL3: 53 | BM3: 54 | BN3: 55 | BO3: 56 | BP3: 57 | BQ3: 58
A4: VZ_IF Francia | B4: VZ_IF | C4: VZI_Base | D4: 4.3_IF 04/04/2025 | E4: 4.0_F 10/04/2024 | F4: =COUNTIF(G4:BW4,"<>") -> 8 | U4: 15 | AC4: 23 | AE4: 25 | AH4: 28 | AK4: 31 | BA4: 47 | BC4: 49 | BD4: 50
A5: VZ_ES Spagna | B5: VZ_ES | C5: VZI_New14 | D5: 2.8 16/04/2025 | E5: 2.4 09/03/2023 | F5: =COUNTIF(G5:BW5,"<>") -> 20 | G5: 1 | H5: 2 | I5: 3 | J5: 4 | K5: 5 | L5: 6 | M5: 7 | N5: 8 | O5: 9 | P5: 10 | Q5: 11 | R5: 12 | S5: 13 | T5: 14 | U5: 15 | V5: 16 | W5: 17 | X5: 18 | Y5: 19 | Z5: 20
A6: VZI-6_IT Full HRI (New 14) | B6: VZI-6_R1 | C6: VZI-6_R1 | D6: 5.0 15/04/2026 | E6: 4.0 ? xx/07/2025 | F6: =COUNTIF(G6:BW6,"<>") -> 6 | G6: 101 | H6: 102 | I6: 103 | J6: 104 | K6: 105 | L6: 106
A7: VZI-4_IT Full HRI | B7: VZI-4_R1 | C7: VZI-6_R1 | D7: 1.0 15/04/2026 | E7: ? | F7: =COUNTIF(G7:BW7,"<>") -> 40 | M7: 107 | N7: 108 | O7: 109 | P7: 110 | Q7: 111 | R7: 112 | S7: 113 | T7: 114 | U7: 115 | V7: 116 | W7: 117 | X7: 118 | Y7: 119 | Z7: 120 | AA7: 121 | AB7: 122 | AC7: 123 | AD7: 124 | AE7: 125 | AF7: 126 | AG7: 127 | AH7: 128 | AI7: 129 | AJ7: 130 | AK7: 131 | AL7: 132 | AM7: 133 | AN7: 134 | AO7: 135 | AP7: 136 | AQ7: 137 | AR7: 138 | AS7: 139 | AT7: 140 | AU7: 141 | AV7: 142 | AW7: 143 | AX7: 144 | AY7: 145 | AZ7: 146
A8: VZ_ES Spagna Full HRI | B8: VZ_ESxx | C8: VZI-6_R1 | F8: =COUNTIF(G8:BW8,"<>") -> 3 | AA8: 21 | AB8: 22 | AC8: 23
A9: VZ_DAI | B9: VZ_DAI | C9: VZI-6_R1 | F9: =COUNTIF(G9:BW9,"<>") -> 3 | Z9: 20 | AO9: 35 | AX9: 44

Sheet CONFIG
A1: DOC DESCRIPTION | B1: DOC ID | C1: DOC EXT | D1: VZI_Base | G1: VZI_New14 | J1: VZ_FR | M1: VZ_ES | P1: VZI-6_R1 | R1: VZI-4_R1 | T1: VZ_DAI | V1: VZ_Esxx
D2: Doc BD130033980 - BL 6.0 | G2: BD140036813 - BL 4.2 | J2: 3ECP414415-0001 - BL 4.0 | M2: VZ-ES Spagna BL 2.4 | P2: VZI-6_IT [R1] BL 4.0 | R2: VZI-4_IT [R1] BL 1.0 | T2: VZ-DAI BL xxx | V2: VZ_ES Full HRI BL xxx
D3: File/Codice | E3: Rev | F3: Codice Config | G3: File/Codice | H3: Rev | I3: Codice Config | J3: File/Codice | K3: Rev | L3: Codice Config | M3: File/Codice | N3: Rev | O3: Codice Config | P3: Codice | Q3: Rev | R3: Codice | S3: Rev | T3: Codice | U3: Rev | V3: Codice | W3: Rev
A4: SW Configuration
A5: SW Config. Matrix | B5: SW_Config | C5: pdf | D5: BD130033981 | E5: _ | G5: 3ECP414196-0001 | H5: _ | J5: 3ECP414332-0001 | K5: _ | M5: 3ECP414502-0001 | N5: \ | P5: FT080031387 | Q5: 4.3 | R5: FT080031387 | S5: 4.3
A6: Functional principle diagrams (VISIO)
A7: Drive Control | B7: FPD_Drive Control | C7: pdf | D7: 3ECP410467-0001 | E7: B | G7: 3ECP400500-0005 | H7: _ | J7: 3ECP410467-0001 | K7: B | M7: 3ECP413651-0005 | N7: _ | P7: FA010024090 | Q7: 00.2 | R7: FA010024090 | S7: 00.2
A8: Conventional Train Control | B8: FPD_Conventional Train Control | C8: pdf | D8: 3ECP410476-0001 | E8: C | G8: 3ECP400500-0014 | H8: A | J8: 3ECP307072-0001 | K8: C | M8: 3ECP413651-0014 | N8: A | P8: FA010024089 | Q8: 03.2 | R8: FA010024089 | S8: 03.2
A9: Train Protection - ATP | B9: FPD_Train Protection - ATP | C9: pdf | D9: 3ECP410482-0001 | E9: C | G9: 3ECP400500-0020 | H9: A | J9: 3ECP410482-0001 | K9: C | M9: 3ECP413651-0020 | N9: D | P9: FA010024100 | Q9: 03.2 | R9: FA010024100 | S9: 03.2
A10: TCMS Architecture | B10: FPD_TCMS Architecture | C10: pdf | D10: \ | E10: \ | G10: \ | H10: \ | J10: 3ECP307076-0001 | K10: _ | M10: 3ECP307255-0001 | N10: D | P10: FA010024104 | Q10: 00.2 | R10: FA010024104 | S10: 00.2
A11: Propulsion and Auxiliary | B11: FPD_Propulsion and Auxiliary | C11: pdf | D11: \ | E11: \ | G11: \ | H11: \ | M11: \ | N11: \ | P11: FA010024103 | Q11: 01.2 | R11: FA010024103 | S11: 01.2
A12: Line Voltage | B12: FPD_Line Voltage | C12: pdf | D12: 3ECP410475-0001 | E12: B | G12: 3ECP400500-0013 | H12: C | J12: 3ECP307079-0001 | K12: A | M12: 3ECP413651-0013 | N12: _ | P12: FA010024096 | Q12: 03.2 | R12: FA010024096 | S12: 03.2
A13: Auxiliary Electrical Supply | B13: FPD_Auxiliary Electrical Supply | C13: pdf | D13: 3ECP410465-0001 | E13: B | G13: 3ECP400500-0003 | H13: C | J13: 3ECP410465-0001 | K13: B | M13: 3ECP413651-0003 | N13: A | P13: FA010024083 | Q13: 01.2 | R13: FA010024083 | S13: 01.2
A14: Battery | B14: FPD_Battery | C14: pdf | D14: 3ECP410477-0001 | E14: B | G14: 3ECP400500-0015 | H14: _ | J14: 3ECP410477-0001 | K14: B | M14: 3ECP413651-0015 | N14: _ | P14: FA010024084 | Q14: 01.2 | R14: FA010024084 | S14: 01.2
A15: Air Supply | B15: FPD_Air Supply | C15: pdf | D15: 3ECP410463-0001 | E15: B | G15: 3ECP400500-0002 | H15: A | J15: 3ECP410463-0001 | K15: B | M15: 3ECP413651-0002 | N15: A | P15: FA010024081 | Q15: 01.2 | R15: FA010024081 | S15: 01.2
A16: Brake Control | B16: FPD_Brake Control | C16: pdf | D16: 3ECP410480-0001 | E16: C | G16: 3ECP400500-0018 | H16: B | J16: 3ECP307074-0001 | K16: E | M16: 3ECP413651-0018 | N16: A | P16: FA010024086 | Q16: 02.2 | R16: FA010024086 | S16: 02.2
A17: Bogie | B17: FPD_Bogie | C17: pdf | D17: 3ECP410466-0001 | E17: D | G17: 3ECP400500-0004 | H17: B | J17: 3ECP307081-0001 | K17: B | M17: 3ECP413651-0004 | N17: _ | P17: FA010024085 | Q17: 01.2 | R17: FA010024085 | S17: 01.2
A18: Wash Wiper | B18: FPD_Wash Wiper | C18: pdf | D18: 3ECP410473-0001 | E18: B | G18: 3ECP400500-0011 | H18: _ | J18: 3ECP307082-0001 | K18: _ | M18: 3ECP413651-0011 | N18: _ | P18: FA010024101 | Q18: 00.2 | R18: FA010024101 | S18: 00.2
A19: Windscreen heater | B19: FPD_Windscreen heater | C19: pdf | D19: 3ECP410474-0001 | E19: B | G19: 3ECP400500-0012 | H19: _ | J19: 3ECP410474-0001 | K19: B | M19: 3ECP413651-0012 | N19: _ | P19: FA010024102 | Q19: 00.2 | R19: FA010024102 | S19: 00.2
A20: Automatic Coupler | B20: FPD_Automatic Coupler | C20: pdf | D20: 3ECP410481-0001 | E20: C | G20: 3ECP400500-0019 | H20: A | J20: 3ECP307077-0001 | K20: B | M20: 3ECP413651-0019 | N20: A | P20: FA010024082 | Q20: 02.2 | R20: FA010024082 | S20: 02.2
A21: Horn | B21: FPD_Horn | C21: pdf | D21: 3ECP410468-0001 | E21: B | G21: 3ECP400500-0006 | H21: _ | J21: 3ECP410468-0001 | K21: B | M21: 3ECP413651-0006 | N21: _ | P21: FA010024094 | Q21: 00.2 | R21: FA010024094 | S21: 00.2
A22: Exterior and Interior Doors | B22: FPD_Exterior and Interior Doors | C22: pdf | D22: 3ECP410462-0001 | E22: C | G22: 3ECP400500-0001 | H22: A | J22: 3ECP307073-0001 | K22: D | M22: 3ECP413651-0001 | N22: A | P22: FA010024091 | Q22: 02.2 | R22: FA010024091 | S22: 02.2
A23: Cab HVAC | B23: FPD_Cab HVAC | C23: pdf | D23: 3ECP410470-0001 | E23: B | G23: 3ECP400500-0008 | H23: A | J23: 3ECP307084-0001 | K23: _ | M23: 3ECP413651-0008 | N23: A | P23: FA010024087 | Q23: 00.2 | R23: FA010024087 | S23: 00.2
... A30: Interior Lighting | B30: FPD_Interior Lighting | C30: pdf | D30: 3ECP410478-0001 | E30: B | G30: 3ECP400500-0016 | H30: _ | J30: 3ECP410478-0001 | K30: B | M30: 3ECP413651-0016 | N30: A | P30: FA010024095 | Q30: 01.2 | R30: FA010024095 | S30: 01.2
A31: Train Control Design System | B31: FPD_Train Control | C31: pdf | D31: \ | E31: \ | J31: 3ECP307076-0001 | K31: A | L31: manca
A32: Schematic diagram for French ATP MU | B32: FPD_ATP-MU | C32: pdf | J32: 90000056.D04 | K32: 5.0 | L32: manca
A33: Energy Meter System | B33: FPD_EMS | C33: pdf | J33: FA010031914 | K33: 00.1
A34: Functional Requirement Specification (FRS)
A35: Functional Vehicle Requirement Specification | B35: FRS_Vehicle | C35: pdf | D35: 3EST000224-9984 | E35: C | F35: 3EST000224-9984 | M35: 3ECP413839-0001 | N35: B | O35: 3ECP413839-0001 | P35: \ | Q35: \ | S35: \
A36: Drive Control | B36: FRS_Drive Control | C36: pdf | D36: 3EST000225-7909 | E36: A | F36: 3EST000225-7909 | G36: 3EST000225-7909 | H36: A | J36: 3ECP413571-0501 | K36: _ | M36: 3EST000225-7909 | N36: A | O36: 3EST000225-7909 | P36: FA020022675 | Q36: 03.2 4.0? | R36: FA020022675 | S36: 03.2 4.0?
A37: Conventional Train Control | B37: FRS_Conventional Train Control | C37: pdf | D37: 3EST000225-7916 | E37: A | F37: 3EST000225-7916 | G37: 3ECP413719-0903 | H37: _ | I37: manca | J37: FA02P021958B | K37: 2.0 | L37: 3ECP413719-0903 | M37: 3ECP413922-0903 | N37: _ | O37: 3ECP413922-0903 | P37: FA020023107 | Q37: 06.3 | R37: FA020023107 | S37: 06.3
A38: Train Protection - ATP | B38: FRS_Train Protection - ATP | C38: pdf | D38: FA020013231 | E38: 01 | F38: 3EST000225-7889 EC01P008999B | G38: FA020013231 | H38: 01 | I38: 3ECP414246-0902 | J38: FA020013231 | K38: 01 | L38: 3EST000225-7889 EC01P008999B | M38: FA020007630 | N38: 04 | O38: 3ECP413922-0902 | P38: FA020025863 | Q38: 01.3 | R38: FA020025863 | S38: 01.3
A39: Diagnostics | B39: FRS_Diagnostics | C39: pdf | D39: 3EST000225-7918 | E39: B | F39: 3EST000225-7918 | G39: 3EST000225-7918 | H39: B | I39: 3EST000225-7918 | J39: 3EST000225-7918 | K39: B | L39: 3EST000225-7918 | M39: 3ECP413922-1001 | N39: _ | O39: 3ECP413922-1001 | P39: FA020023413 | Q39: 01.2 | R39: FA020023413 | S39: 01.2
A40: Visualisation - MMI | B40: FRS_Visualisation - MMI | C40: pdf | D40: 3EST000225-7919 | E40: B | F40: 3EST000225-7919 | G40: 3EST000225-7919 | H40: B | I40: 3EST000225-7919 | J40: 3EST000225-7919 | K40: B | L40: 3EST000225-7919 | M40: 3ECP413922-1003 | N40: _ | O40: 3ECP413922-1003 | P40: FA020027681 | Q40: 03.2 | R40: FA020027681 | S40: 03.2
A41: TCMS - Operational | B41: FRS_TCMS - Operational | C41: pdf | D41: 3EST000225-7917 | E41: B | F41: 3EST000225-7917 | G41: 3EST000225-7917 | H41: B | I41: 3EST000225-7917 | J41: 3EST000225-7917 | K41: B | L41: 3EST000225-7917 | M41: 3ECP413922-0904 | N41: _ | O41: 3ECP413922-0904 | P41: FA020026278 | Q41: 02.2 | R41: FA020026278 | S41: 02.2
A42: Train to Wayside Communication (Teledia) | B42: FRS_Teledia | C42: pdf | D42: 3ECP413176-0001 | E42: _ | F42: 3ECP413176-0001 | G42: 3ECP413719-1200 | H42: _ | I42: 3ECP413719-1200 | J42: 3ECP413176-0001 | K42: _ | L42: 3ECP413176-0001 | M42: 3ECP413719-1200 | N42: _ | O42: 3ECP413719-1200 | P42: \ | Q42: \ | R42: \ | S42: \
A43: Line Voltage | B43: FRS_Line Voltage | C43: pdf | D43: 3EST000225-7907 | E43: C | F43: 3EST000225-7907 | G43: 3ECP413719-0401 | H43: _ | I43: manca | J43: 3ECP413571-0401 | K43: A | M43: 3EGH489028-2358 | N43: B | O43: 3EGH489028-2358 | P43: FA020022045 | Q43: 06.2 | R43: FA020022045 | S43: 06.2
A44: Aux Electrical Supply | B44: FRS_Aux Electrical Supply | C44: pdf | D44: 3EST000225-7914 | E44: B | F44: 3EST000225-7914 | G44: 3EST000225-7914 | H44: B | I44: 3EST000225-7914 | J44: 3ECP413571-0601 | K44: _ | M44: 3EST000225-7914 | N44: B | O44: 3EST000225-7914 | P44: FA020024537 | Q44: 03.2 | R44: FA020024537 | S44: 03.2
A45: Battery | B45: FRS_Battery | C45: pdf | D45: 3EST000225-7908 | E45: B | F45: 3EST000225-7908 | G45: 3EST000225-7908 | H45: B | I45: 3EST000225-7908 | J45: 3EST000225-7908 | K45: B | L45: 3EST000225-7908 | M45: 3EST000225-7908 | N45: B | O45: 3EST000225-7908 | P45: FA020024538 | Q45: 03.2 | R45: FA020024538 | S45: 03.2
A46: Air Supply | B46: FRS_Air Supply | C46: pdf | D46: 3EST000225-7915 | E46: D | F46: 3EST000225-7915 | G46: 3ECP413719-0603 | H46: _ | I46: 3ECP413719-0603 | J46: 3EST000225-7915 | K46: D | L46: 3EST000225-7915 | M46: 3ECP413719-0603 | N46: _ | O46: 3ECP413719-0603 | P46: FA020024531 | Q46: 01.3 | R46: FA020024531 | S46: 01.3
A47: Brake Control | B47: FRS_Brake Control | C47: pdf | D47: 3EST000225-7910 | E47: L | F47: 3EST000225-7910 | G47: 3ECP413719-0502 | H47: A | I47: manca | J47: 3ECP413571-0502 | K47: C | M47: 3ECP413922-0502 | N47: A | O47: 3ECP413922-0502 | P47: FA020023100 | Q47: 02.3 | R47: FA020023100 | S47: 02.3
A48: Bogies | B48: FRS_Bogies | C48: pdf | D48: 3EST000225-7906 | E48: D | F48: 3EST000225-7906 | G48: 3ECP413719-0300 | H48: _ | I48: 3ECP413719-0300 | J48: 3ECP413571-0300 | K48: A | L48: manca | M48: 3ECP413719-0300 | N48: _ | O48: 3ECP413719-0300 | P48: FA020030729 | Q48: 04.3 | R48: FA020030729 | S48: 04.3
A49: Wash Wiper | B49: FRS_Wash Wiper | C49: pdf | D49: 3EST000225-7900 | E49: A | F49: 3EST000225-7900 | G49: 3EST000225-7900 | H49: A | I49: 3EST000225-7900 | J49: 3EST000225-7900 | K49: A | L49: 3EST000225-7900 | M49: 3EST000225-7900 | N49: A | O49: 3EST000225-7900 | P49: FA020026344 | Q49: 00.3 | R49: FA020026344 | S49: 00.3
A50: Windscreen | B50: FRS_Windscreen | C50: pdf | D50: 3EST000225-7902 | E50: A | F50: 3EST000225-7902 | G50: 3EST000225-7902 | H50: A | I50: 3EST000225-7902 | J50: 3EST000225-7902 | K50: A | L50: 3EST000225-7902 | M50: 3EST000225-7902 | N50: A | O50: 3EST000225-7902 | P50: FA020026347 | Q50: 00.3 | R50: FA020026347 | S50: 00.3
A51: Coupler | B51: FRS_Coupler | C51: pdf | D51: 3EST000225-7903 | E51: C | F51: 3EST000225-7903 | G51: 3ECP413719-0204 | H51: A | I51: manca | J51: 3ECP413571-0204 | K51: _ | L51: manca | M51: 3ECP413922-0204 | N51: _ | O51: 3ECP413922-0204 | P51: FA020026357 | Q51: 02.2 | R51: FA020026357 | S51: 02.2
A52: Horn | B52: FRS_Horn | C52: pdf | D52: 3EST000225-7905 | E52: A | F52: 3EST000225-7905 | G52: 3EST000225-7905 | H52: A | I52: 3EST000225-7905 | J52: 3EST000225-7905 | K52: A | L52: 3EST000225-7905 | M52: 3EST000225-7905 | N52: A | O52: 3EST000225-7905 | P52: FA020026338 | Q52: 00.3 | R52: FA020026338 | S52: 00.3
A53: Wheelchair Lifts | B53: FRS_Wheelchair Lifts | C53: pdf | D53: 3EST000225-7887 | E53: _ | F53: 3EST000225-7887 | G53: 3EST000225-7887 | H53: _ | I53: 3EST000225-7887 | J53: 3EST000225-7887 | K53: _ | L53: 3EST000225-7887 | M53: 3EST000225-7887 | N53: _ | O53: 3EST000225-7887 | P53: FA020025254 | Q53: 02.2 | R53: FA020025254 | S53: 02.2
A54: Exterior Door and Step Systems | B54: FRS_Exterior Door and Step Systems | C54: pdf | D54: EC01P008887B | E54: 09 | F54: 3EST000225-7893 | G54: EC01P008887B | H54: 09 | I54: 3ECP413719-1400 | J54: FA020000711 | K54: 00 | L54: 3ECP413571-1400 | M54: EC01P008887B | N54: 09 | O54: 3ECP413922-1400 | P54: FA020025252 | Q54: 04.2 | R54: FA020025252 | S54: 04.2
A55: Interior Doors | B55: FRS_Interior Doors | C55: pdf | D55: EC01P008873B | E55: 01 | F55: 3EST000225-7886 | G55: EC01P008873B | H55: 01 | I55: 3EST000225-7886 | J55: EC01P008873B | K55: 01 | L55: 3EST000225-7886 | M55: EC01P008873B | N55: 01 | O55: 3EST000225-7886 | P55: FA020025253 | Q55: 04.2 | R55: FA020025253 | S55: 04.2
A56: Cab HVAC | B56: FRS_Cab HVAC | C56: pdf | D56: EC01P009028B | E56: 00.4 | F56: 3EST000225-7894 | G56: EC01P009028B | H56: 00.4 | I56: 3EST000225-7894 | J56: EC01P009028B | K56: 00.4 | L56: 3EST000225-7894 | M56: EC01P009028B | N56: 00.4 | O56: 3EST000225-7894 | P56: FA020026562 | Q56: 00.2 | R56: FA020026562 | S56: 00.2
A57: Saloon HVAC | B57: FRS_Saloon HVAC | C57: pdf | D57: EC01P008880B | E57: 00.8 | F57: 3EST000225-7897 | G57: 3EST000225-7897 | H57: A | I57: 3EST000225-7897 | J57: EC01P008880B | K57: 00.8 | L57: 3EST000225-7897 | M57: 3EST000225-7897 | N57: 00.8 | O57: EC01P008880B | P57: FA020026563 | Q57: 02.2 | R57: FA020026563 | S57: 02.2
A58: Fire Protection and Extinction | B58: FRS_FPS | C58: pdf | D58: EC01P008884B | E58: 04 | F58: 3EST000225-7879 | G58: 3EST000225-7879 | H58: A | I58: 3EST000225-7879 | J58: EC01P008884B | K58: 04 | L58: 3EST000225-7879 | M58: 3ECP413922-0604 | N58: 04 | O58: EC01P008884B | P58: FA020025419 | Q58: 03.2 | R58: FA020025419 | S58: 03.2
A59: Toilet | B59: FRS_Toilet | C59: pdf | D59: EC01P008888B | E59: 02 | F59: 3EST000225-7883 | G59: EC01P008888B | H59: 02 | I59: 3ECP413719-0802 | J59: EC01P008888B | K59: 02 | L59: 3EST000225-7883 | M59: EC01P008888B | N59: 02 | O59: 3ECP413719-0802 | P59: FA020026053 | Q59: 01.2 | R59: FA020026053 | S59: 01.2
... A61: PIES | B61: FRS_PIS | C61: pdf | D61: EC01P009000B | E61: 02 | F61: 3EST000225-7890 | G61: EC010008563 | H61: 00 | I61: 3ECP413719-1100 | J61: EC01P009000B | K61: 02 | L61: 3EST000225-7890 | M61: EC010008581 | N61: 00 | O61: 3ECP413922-1100 | P61: FA020025354 | Q61: 00.3 | R61: FA020025354 | S61: 00.3
A62: PIS 2.0 | B62: FRS_PIS 2.0 | C62: pdf | D62: \ | E62: \ | F62: \ | G62: \ | H62: \ | I62: \ | M62: \ | N62: \ | O62: \ | P62: FA020047983 | Q62: 00.1 | R62: FA020047983 | S62: 00.1
A63: CCTV | B63: FRS_CCTV | C63: pdf | D63: EC01P009001B | E63: 01 | F63: 3EST000225-7891 | G63: EC01P009001B | H63: 01 | I63: 3EST000225-7891 | J63: 3EST000225-7891 | K63: A | M63: EC01P009001B | N63: 01 | O63: 3EST000225-7891 | P63: FA020025360 | Q63: 01.2 | R63: FA020025360 | S63: 01.2
A64: Exterior Lighting | B64: FRS_Exterior Lighting | C64: pdf | D64: 3EST000225-7904 | E64: B | F64: 3EST000225-7904 | G64: 3EST000225-7904 | H64: B | I64: 3EST000225-7904 | J64: 3ECP413571-0206 | K64: _ | M64: 3EST000225-7904 | N64: B | O64: 3EST000225-7904 | P64: 3EST000225-7904 | Q64: B.1 | R64: 3EST000225-7904 | S64: B.1
A65: Interior Lighting | B65: FRS_Interior Lighting | C65: pdf | D65: EC01P008890B | E65: 01.3 | F65: 3EST000225-7882 | G65: EC01P008890B | H65: 01.3 | I65: 3EST000225-7882 | J65: 3EST000225-7882 | K65: B | M65: FA020011254 | N65: 00 | O65: 3ECP413922-0801 | P65: FA020011254 | Q65: 00.2 | R65: FA020011254 | S65: 00.2
A66: Train Protection - ATP (France) | B66: FRS_Train Protection_France | C66: pdf | J66: 3ECP413571-0902 | K66: B
A67: Energy Meter System | B67: FRS_EMS | C67: pdf | J67: EC010029076 | K67: 00.1 | P67: EC010019484 | Q67: 01
A68: Functional schematics | R68: mancanti
A69: Functional schematics DM1 | B69: FS_DM1 | C69: pdf | D69: 3ECP502128-0001 | E69: M | G69: 3ECP307211-1401 | H69: C | J69: 3ECP307051-0001 | K69: E | M69: 3ECP307251-0001 | N69: G | P69: FS020022117-001 | Q69: 05.2 | R69: FS020036994-001 | S69: 01.2
A70: Functional schematics TT2 | B70: FS_TT2 | C70: pdf | D70: 3ECP502129-0001 | E70: J | G70: 3ECP307211-0002 | H70: D | J70: 3ECP307059-0001 | K70: D | M70: 3ECP307251-0002 | N70: G | P70: FS020022117-002 | Q70: 05.2 | R70: FS020036994-002 | S70: 01.2
A71: Functional schematics M3 | B71: FS_M3 | C71: pdf | D71: 3ECP502130-0001 | E71: J | G71: 3ECP307211-0003 | H71: D | J71: 3ECP307157-0001 | K71: C | M71: 3ECP307251-0003 | N71: G | P71: FS020022117-003 | Q71: 05.2 | R71: FS020036994-003 | S71: 01.2
A72: Functional schematics T4 | B72: FS_T4 | C72: pdf | D72: 3ECP502131-0001 | E72: J | G72: 3ECP307211-0004 | H72: D | J72: 3ECP307158-0001 | K72: C | M72: 3ECP307251-0004 | N72: G | P72: FS020022117-004 | Q72: 05.2 | R72: FS020036994-004 | S72: 01.2
A73: Functional schematics T5 | B73: FS_T5 | C73: pdf | D73: 3ECP502132-0001 | E73: J | G73: 3ECP307211-0005 | H73: D | J73: 3ECP307159-0001 | K73: C | M73: 3ECP307251-0005 | N73: G | P73: FS020022117-005 | Q73: 05.2 | R73: FS020036994-005 | S73: 01.2
A74: Functional schematics M6 | B74: FS_M6 | C74: pdf | D74: 3ECP502133-0001 | E74: J | G74: 3ECP307211-0006 | H74: D | J74: 3ECP307160-0001 | K74: C | M74: 3ECP307251-0006 | N74: G | P74: FS020022117-006 | Q74: 05.2 | R74: FS020036994-006 | S74: 01.2
A75: Functional schematics TT7 | B75: FS_TT7 | C75: pdf | D75: 3ECP502134-0001 | E75: J | G75: 3ECP307211-0007 | H75: C | J75: 3ECP307060-0001 | K75: D | M75: 3ECP307251-0007 | N75: G | P75: FS020022117-007 | Q75: 05.2 | R75: FS020036994-007 | S75: 01.2
A76: Functional schematics DM8 | B76: FS_DM8 | C76: pdf | D76: 3ECP502135-0001 | E76: N | G76: 3ECP307211-1408 | H76: C | J76: 3ECP307052-0001 | K76: G | M76: 3ECP307251-0008 | N76: G | P76: FS020022117-008 | Q76: 05.2 | R76: FS020036994-008 | S76: 01.2
A77: Wiring table | P77: FS020022117-009 | Q77: 05.2 | R77: FS020036994-009 | S77: 01.2
A78: Wiring table DM1 | B78: WT_DM1 | C78: TBD | D78: 3ECP502136-0001 | E78: M | G78: 3ECP307212-1401 | H78: B | J78: 3ECP307053-0001 | K78: E | M78: 3ECP307252-0001 | N78: G
A79: Wiring table TT2 | B79: WT_TT2 | C79: TBD | D79: 3ECP502137-0001 | E79: J | G79: 3ECP307212-0002 | H79: D | J79: 3ECP307061-0001 | K79: D | M79: 3ECP307252-0002 | N79: G
A80: Wiring table M3 | B80: WT_M3 | C80: TBD | D80: 3ECP502138-0001 | E80: J | G80: 3ECP307212-0003 | H80: D | J80: 3ECP307153-0001 | K80: C | M80: 3ECP307252-0003 | N80: G
A81: Wiring table T4 | B81: WT_T4 | C81: TBD | D81: 3ECP502139-0001 | E81: J | G81: 3ECP307212-0004 | H81: D | J81: 3ECP307154-0001 | K81: C | M81: 3ECP307252-0004 | N81: G
A82: Wiring table T5 | B82: WT_T5 | C82: TBD | D82: 3ECP502140-0001 | E82: J | G82: 3ECP307212-0005 | H82: D | J82: 3ECP307155-0001 | K82: C | M82: 3ECP307252-0005 | N82: G
A83: Wiring table M6 | B83: WT_M6 | C83: TBD | D83: 3ECP502141-0001 | E83: J | G83: 3ECP307212-0006 | H83: D | J83: 3ECP307156-0001 | K83: C | M83: 3ECP307252-0006 | N83: G
A84: Wiring table TT7 | B84: WT_TT7 | C84: TBD | D84: 3ECP502142-0001 | E84: J | G84: 3ECP307212-0007 | H84: D | J84: 3ECP307062-0001 | K84: D | M84: 3ECP307252-0007 | N84: G
A85: Wiring table DM8 | B85: WT_DM8 | C85: TBD | D85: 3ECP502143-0001 | E85: N | G85: 3ECP307212-1408 | H85: C | J85: 3ECP307054-0001 | K85: G | M85: 3ECP307252-0008 | N85: G
A86: Electric Part lists
A87: Electric Part List DM1 | B87: EPL_DM1 | C87: TBD | D87: 3ECP502144-0001 | E87: M | G87: 3ECP307213-1401 | H87: C | J87: 3ECP307055-0001 | K87: E | M87: 3ECP307253-0001 | N87: G
A88: Electric Part List TT2 | B88: EPL_TT2 | C88: TBD | D88: 3ECP502145-0001 | E88: J | G88: 3ECP307213-0002 | H88: D | J88: 3ECP307063-0001 | K88: D | M88: 3ECP307253-0002 | N88: G
A89: Electric Part List M3 | B89: EPL_M3 | C89: TBD | D89: 3ECP502146-0001 | E89: J | G89: 3ECP307213-0003 | H89: D | J89: 3ECP307161-0001 | K89: C | M89: 3ECP307253-0003 | N89: G
A90: Electric Part List T4 | B90: EPL_T4 | C90: TBD | D90: 3ECP502147-0001 | E90: J | G90: 3ECP307213-0004 | H90: D | J90: 3ECP307162-0001 | K90: C | M90: 3ECP307253-0004 | N90: G
A91: Electric Part List T5 | B91: EPL_T5 | C91: TBD | D91: 3ECP502148-0001 | E91: J | G91: 3ECP307213-0005 | H91: D | J91: 3ECP307163-0001 | K91: C | M91: 3ECP307253-0005 | N91: G
A92: Electric Part List M6 | B92: EPL_M6 | C92: TBD | D92: 3ECP502149-0001 | E92: J | G92: 3ECP307213-0006 | H92: D | J92: 3ECP307164-0001 | K92: C | M92: 3ECP307253-0006 | N92: G
A93: Electric Part List TT7 | B93: EPL_TT7 | C93: TBD | D93: 3ECP502150-0001 | E93: J | G93: 3ECP307213-0007 | H93: D | J93: 3ECP307164-0001 | K93: D | M93: 3ECP307253-0007 | N93: G
A94: Electric Part List DM8 | B94: EPL_DM8 | C94: TBD | D94: 3ECP502151-0001 | E94: N | G94: 3ECP307213-1408 | H94: C | J94: 3ECP307056-0001 | K94: G | M94: 3ECP307253-0008 | N94: G
A95: Interface Control Document | B95: NOTA
A96: ICD Sistema TCMS | B96: ICD_TCMS | C96: pdf | D96: 3EST000225-0120 | E96: D | F96: 3EST000225-0120 | P96: EC130021271 | Q96: 01.2 | R96: EC130021271 | S96: 01.2
A97: ICD Sistema TCMS - Annex | C97: xslx | D97: \ | F97: \ | P97: EC130021272 | Q97: 03.2 | R97: EC130021272 | S97: 03.2
A98: ICD GTW IPTCOM-TRDP | B98: ICD_GTW | C98: pdf | D98: \ | F98: \ | P98: EC130019965 | Q98: 03.2 | R98: EC130019965 | S98: 03.2
A99: ICD GTW IPTCOM-TRDP - Annex | C99: xslx | D99: \ | F99: \ | P99: EC130019966 | Q99: 01.2 | R99: EC130019966 | S99: 01.2
A100: ICD Sistema Propulsion TCU | B100: ICD_Propulsion | C100: pdf | D100: 3EST000225-5108 | E100: E | F100: \ | P100: EC130019102 | Q100: 02.2 | R100: EC130019102 | S100: 02.2
A101: ICD Sistema Propulsion TCU - Annex | C101: xslx | D101: \ | F101: \ | P101: EC130019104 | Q101: 05.2 | R101: EC130019104 | S101: 05.2
A102: ICD Pantografo | B102: ICD_Panto | C102: pdf | D102: 3EST000225-7432 | E102: C | F102: \ | P102: EC130021259 | Q102: 00.3 | R102: EC130021259 | S102: 00.3
A103: ICD Pantografo - Annex | C103: xslx | D103: \ | F103: \ | P103: EC130021260 | Q103: 03.2 | R103: EC130021260 | S103: 03.2
A104: ICD Sistema BCU | B104: ICD_Brake | C104: pdf | D104: 3EST000225-7431 | E104: D | F104: \ | P104: EC130019100 | Q104: 02.2 | R104: EC130019100 | S104: 02.2
A105: ICD Sistema BCU - Annex | B105: ICD_Brake_Annex | C105: xslx | D105: 3EST000225-7431_Annex | F105: \ | P105: EC130019101 | Q105: 03.3 | R105: EC130019101 | S105: 03.3
A106: ICD Sistema Segnalamento | B106: ICD_ATP | C106: pdf | D106: \ | F106: \ | P106: EC130020522 | Q106: 01.3 | R106: EC130020522 | S106: 01.3
A107: ICD Sistema Segnalamento - Annex | C107: xslx | D107: \ | F107: \ | P107: EC130020523 | Q107: 03.2 | R107: EC130020523 | S107: 03.2
...

Sheet GENERAL
A1: DOC DESCRIPTION | B1: DOC ID | C1: DOC EXT | D1: VZI_Base | F1: VZI_New14 | H1: VZ_FR | J1: VZ_ES | L1: VZI-6_R1 | N1: VZI-4_R1 | P1: VZ_DAI | R1: VZ_Esxx
D2: File/Codice | E2: Rev | F2: File/Codice | G2: Rev | H2: File/Codice | I2: Rev | J2: File/Codice | K2: Rev | L2: Codice | M2: Rev | N2: Codice | O2: Rev | P2: Codice | Q2: Rev | R2: Codice | S2: Rev
A3: Functional Doc & Specification
A4: Architettura di Controllo Treno ed Interfacce di Comando | B4: FD_TCMS | C4: pdf | D4: 3ECP410429-0001 | E4: L | F4: 3ECP413973-0001 | G4: A | L4: FE010019098 | M4: 1.02
A5: Brake System | B5: FD_Brake | C5: pdf | D5: 3EGH489013-3044 | E5: F
A6: Air Supply | B6: FD_Air Supply | C6: pdf | D6: 3EGH489013-4928 | E6: A
A7: Descrizione SW PCU | B7: FD_PCU | C7: pdf | D7: 3EST000225-5111 | E7: C
A8: Descrizione SW Alta Tensione | B8: FD_High Voltage | C8: pdf | D8: 3EST000225-5113 | E8: C
A9: Descrizione SW Propulsione | B9: FD_Propulsion | C9: pdf | D9: 3EST000225-5115 | E9: C
A10: Descrizione SW DCU/L | B10: FD_DCU/L | C10: pdf | D10: 3EST000225-5117 | E10: B
A11: Descrizione SW DCU/M | B11: FD_DCU/M | C11: pdf | D11: 3EST000225-5118 | E11: G
A12: Descrizione SW ACM | B12: FD_ACM | C12: pdf | D12: 3EST000225-5119 | E12: E
A13: Descrizione SW DCU/C | B13: FD_DCU/C | C13: pdf | D13: 3EST000225-5120 | E13: C
A14: Descrizione SW LIM | B14: FD_LIM | C14: pdf | D14: 3EST000225-5132 | E14: _
A16: Product Description
A17: Converter unit TC1120 | B17: PDES_Converter | C17: pdf | D17: 3EST000228-5653 | E17: B
A18: Auxiliary converter module, CM-C S 15/10 WA V02 | B18: PDES_Auxiliary module | C18: pdf | D18: 3EST000226-1993 | E18: A
A19: Chopper converter module, CM-C L 30/07 WC V01 | B19: PDES_Chopper module | C19: pdf | D19: 3EST000226-1995 | E19: B
A20: Line converter module, CM-C M 15/15 WL V06 | B20: PDES_Line Module | C20: pdf | D20: 3EST000226-1994 | E20: B
A21: Motor converter module, CM-C S 15/10 WM V02 | B21: PDES_Motor Module | C21: pdf | D21: 3EST000226-1992 | E21: B
A22: TCMS Tech Description | B22: PDES_TCMS | C22: pdf | D22: 3EST000225-4855 | E22: E
A23: Brake Tech Description | B23: PDES_Brake | C23: pdf | D23: FTIT10002-I01TDE | E23: F00
A25: Test Specification & Report
A26: System Test Specification | B26: TS_VZI_Base | C26: pdf | D26: 3EST000225-6042 | E26: C
A27: EPVE63 Test Intervento protezioni azionamento | B27: TS_Test Protezioni azionamento EPVE63 | C27: pdf | L27: DC08060VE63 | M27: 01
A28: EPVE63 Report Intervento protezioni azionamento | B28: TS_Report Protezioni azionamento EPVE63 | C28: pdf | L28: DD04060VE63 | M28: 00
A29: Test Report HVSP | B29: TS_Report HVSP | C29: pdf | L29: DD040031058 | M29: 00.6
A30: Test High Voltage | B30: TS_Test High Voltage | C30: pdf | L30: EC070028470 | M30: 1.0
A31: Test Driver Control | B31: TS_Test Driver Control | C31: pdf | L31: EC070028753 | M31: 1.0
A32: Test Intervento protezioni azionamento | B32: TS_Test Protezioni azionamento | C32: pdf | L32: EC070045631 | M32: 2.0
A33: Combined test specification | B33: TS_Test Combined | C33: pdf | L33: EC070027996 | M33: 2.0
A34: Prove HVSP in combined test | B34: TS_Test HVSP Combined | C34: pdf | L34: EC070030298 | M34: 00.2

Sheet MAN_CPR
A1: DOC DESCRIPTION | B1: DOC ID | C1: DOC EXT | D1: TIPO | E1: VOLUME SUBVOLUME _TOMO | F1: CODICE | G1: VZI_Base | J1: VZI_New14 | M1: VZ_FR | P1: VZ-ES | S1: VZI-6_R1 | V1: VZI-4_R1
G2: REF | H2: REV | I2: DATA | J2: REF | K2: REV | L2: DATA | M2: REF | N2: REV | O2: DATA | P2: REF | Q2: REV | R2: DATA | S2: REV | V2: REV
A3: Descrizione generale e funzionamento | B3: =CONCATENATE(D3,"_",E3) -> PBC_01A | C3: pdf | D3: PBC | E3: 01A | F3: =CONCATENATE(G3,"-",H3) -> ETR1000V300-PBC-01A-14 | G3: =CONCATENATE("ETR1000V300-",$D3,"-",$E3) -> ETR1000V300-PBC-01A | H3: 14 | I3: 46113 | J3: =CONCATENATE("ETR1000V300-",$D3,"-",$E3) -> ETR1000V300-PBC-01A | K3: 14 | L3: 46113 | S3: 06 | V3: 06
A4: Norme d’Uso ed Interventi di Emergenza | B4: =CONCATENATE(D4,"_",E4) -> PBC_01B | C4: pdf | D4: PBC | E4: 01B | F4: =CONCATENATE(G4,"-",H4) -> ETR1000V300-PBC-01B-14 | G4: =CONCATENATE("ETR1000V300-",$D4,"-",$E4) -> ETR1000V300-PBC-01B | H4: 14 | I4: 45748 | J4: =CONCATENATE("ETR1000V300-",$D4,"-",$E4) -> ETR1000V300-PBC-01B | K4: 14 | L4: 45748 | M4: TBD | N4: TBD | O4: TBD | P4: TBD | Q4: TBD | R4: TBD | S4: 09 | V4: 09
A5: Manuale per il Personale di Bordo addetto alla Scorta | B5: =CONCATENATE(D5,"_",E5) -> PBS_01A | C5: pdf | D5: PBS | E5: 01A | F5: =CONCATENATE(G5,"-",H5) -> ETR1000V300-PBS-01A-04 | G5: =CONCATENATE("ETR1000V300-",$D5,"-",$E5) -> ETR1000V300-PBS-01A | H5: 04 | I5: 45748 | J5: =CONCATENATE("ETR1000V300-",$D5,"-",$E5) -> ETR1000V300-PBS-01A | K5: 04 | L5: 45748 | M5: esiste collana completa Giugno 2022 in | S5: 03 | V5: 03
A6: Cassa | B6: =CONCATENATE(D6,"_",E6) -> MR1_01A | C6: pdf | D6: MR1 | E6: 01A | F6: =CONCATENATE(G6,"-",H6) -> ETR1000V300-MR1-01A-08 | G6: =CONCATENATE("ETR1000V300-",$D6,"-",$E6) -> ETR1000V300-MR1-01A | H6: 08 | I6: 46113 | J6: =CONCATENATE("ETR1000V300-",$D6,"-",$E6) -> ETR1000V300-MR1-01A | K6: 08 | L6: 46113 | M6: SGF Base/ Documentazione Tecnica | S6: 05 | V6: 05
A7: Carrello | B7: =CONCATENATE(D7,"_",E7) -> MR1_02A | C7: pdf | D7: MR1 | E7: 02A | F7: =CONCATENATE(G7,"-",H7) -> ETR1000V300-MR1-02A-14 | G7: =CONCATENATE("ETR1000V300-",$D7,"-",$E7) -> ETR1000V300-MR1-02A | H7: 14 | I7: 46113 | J7: =CONCATENATE("ETR1000V300-",$D7,"-",$E7) -> ETR1000V300-MR1-02A | K7: 14 | L7: 46113 | M7: / ETR1000 I-F | S7: 08 | V7: 08
A8: Impianto pneumatico e freno | B8: =CONCATENATE(D8,"_",E8) -> MR1_03A | C8: pdf | D8: MR1 | E8: 03A | F8: =CONCATENATE(G8,"-",H8) -> ETR1000V300-MR1-03A-09 | G8: =CONCATENATE("ETR1000V300-",$D8,"-",$E8) -> ETR1000V300-MR1-03A | H8: 09 | I8: 46113 | J8: =CONCATENATE("ETR1000V300-",$D8,"-",$E8) -> ETR1000V300-MR1-03A | K8: 09 | L8: 46113 | M8: / Manualistica Corridoio I/F | S8: 04 | V8: 04
A9: Equipaggiamento elettrico ed elettropneumatico | B9: =CONCATENATE(D9,"_",E9) -> MR1_04A | C9: pdf | D9: MR1 | E9: 04A | F9: =CONCATENATE(G9,"-",H9) -> ETR1000V300-MR1-04A-10 | G9: =CONCATENATE("ETR1000V300-",$D9,"-",$E9) -> ETR1000V300-MR1-04A | H9: 10 | I9: 46113 | J9: =CONCATENATE("ETR1000V300-",$D9,"-",$E9) -> ETR1000V300-MR1-04A | K9: 10 | L9: 46113 | S9: 05 | V9: 05
A10: Logica di comando | B10: =CONCATENATE(D10,"_",E10) -> MR1_05A | C10: pdf | D10: MR1 | E10: 05A | F10: =CONCATENATE(G10,"-",H10) -> ETR1000V300-MR1-05A-04 | G10: =CONCATENATE("ETR1000V300-",$D10,"-",$E10) -> ETR1000V300-MR1-05A | H10: 04 | I10: 46113 | J10: =CONCATENATE("ETR1000V300-",$D10,"-",$E10) -> ETR1000V300-MR1-05A | K10: 04 | L10: 46113 | S10: 03 | V10: 03
A11: Logica di comando - Nodo TCN | B11: =CONCATENATE(D11,"_",E11) -> MR1_05B | C11: pdf | D11: MR1 | E11: 05B | F11: =CONCATENATE(G11,"-",H11) -> ETR1000V300-MR1-05B-02 | G11: =CONCATENATE("ETR1000V300-",$D11,"-",$E11) -> ETR1000V300-MR1-05B | H11: 02 | I11: giu-17 | J11: =CONCATENATE("ETR1000V300-",$D11,"-",$E11) -> ETR1000V300-MR1-05B | K11: 02 | L11: giu-17 | S11: 04 | V11: 04
A12: Azionamento di trazione | B12: =CONCATENATE(D12,"_",E12) -> MR1_06A | C12: pdf | D12: MR1 | E12: 06A | F12: =CONCATENATE(G12,"-",H12) -> ETR1000V300-MR1-06A-05 | G12: =CONCATENATE("ETR1000V300-",$D12,"-",$E12) -> ETR1000V300-MR1-06A | H12: 05 | I12: 46113 | J12: =CONCATENATE("ETR1000V300-",$D12,"-",$E12) -> ETR1000V300-MR1-06A | K12: 05 | L12: 46113 | S12: 04 | V12: 04
A13: Motore di trazione | B13: =CONCATENATE(D13,"_",E13) -> MR1_07A | C13: pdf | D13: MR1 | E13: 07A | F13: =CONCATENATE(G13,"-",H13) -> ETR1000V300-MR1-07A-07 | G13: =CONCATENATE("ETR1000V300-",$D13,"-",$E13) -> ETR1000V300-MR1-07A | H13: 07 | I13: 46113 | J13: =CONCATENATE("ETR1000V300-",$D13,"-",$E13) -> ETR1000V300-MR1-07A | K13: 07 | L13: 46113 | S13: 04 | V13: 04
A14: Passaggi esterni | B14: =CONCATENATE(D14,"_",E14) -> MR1_08A | C14: pdf | D14: MR1 | E14: 08A | F14: =CONCATENATE(G14,"-",H14) -> ETR1000V300-MR1-08A-05 | G14: =CONCATENATE("ETR1000V300-",$D14,"-",$E14) -> ETR1000V300-MR1-08A | H14: 05 | I14: 46113 | J14: =CONCATENATE("ETR1000V300-",$D14,"-",$E14) -> ETR1000V300-MR1-08A | K14: 05 | L14: 46113 | S14: 04 | V14: 04
A15: Sottosistema di climatizzazione | B15: =CONCATENATE(D15,"_",E15) -> MR1_09A | C15: pdf | D15: MR1 | E15: 09A | F15: =CONCATENATE(G15,"-",H15) -> ETR1000V300-MR1-09A-05 | G15: =CONCATENATE("ETR1000V300-",$D15,"-",$E15) -> ETR1000V300-MR1-09A | H15: 05 | I15: 46113 | J15: =CONCATENATE("ETR1000V300-",$D15,"-",$E15) -> ETR1000V300-MR1-09A | K15: 05 | L15: 46113 | S15: 04 | V15: 04
A16: Sottosistema di comunicazione | B16: =CONCATENATE(D16,"_",E16) -> MR1_10A | C16: pdf | D16: MR1 | E16: 10A | F16: =CONCATENATE(G16,"-",H16) -> ETR1000V300-MR1-10A-05 | G16: =CONCATENATE("ETR1000V300-",$D16,"-",$E16) -> ETR1000V300-MR1-10A | H16: 05 | I16: 46113 | J16: =CONCATENATE("ETR1000V300-",$D16,"-",$E16) -> ETR1000V300-MR1-10A | K16: 05 | L16: 46113 | S16: 03 | V16: 03
A17: Convertitore servizi ausiliari e caricabatterie | B17: =CONCATENATE(D17,"_",E17) -> MR1_11A | C17: pdf | D17: MR1 | E17: 11A | F17: =CONCATENATE(G17,"-",H17) -> ETR1000V300-MR1-11A-03 | G17: =CONCATENATE("ETR1000V300-",$D17,"-",$E17) -> ETR1000V300-MR1-11A | H17: 03 | I17: 46113 | J17: =CONCATENATE("ETR1000V300-",$D17,"-",$E17) -> ETR1000V300-MR1-11A | K17: 03 | L17: 46113 | S17: 03 | V17: 03
A18: Sottosistema diagnostica di bordo | B18: =CONCATENATE(D18,"_",E18) -> MR1_13A | C18: pdf | D18: MR1 | E18: 13A | F18: =CONCATENATE(G18,"-",H18) -> ETR1000V300-MR1-13A-03 | G18: =CONCATENATE("ETR1000V300-",$D18,"-",$E18) -> ETR1000V300-MR1-13A | H18: 03 | I18: 46113 | J18: =CONCATENATE("ETR1000V300-",$D18,"-",$E18) -> ETR1000V300-MR1-13A | K18: 03 | L18: 46113 | S18: 03 | V18: 03
A19: Allestimenti interni | B19: =CONCATENATE(D19,"_",E19) -> MR1_14A | C19: pdf | D19: MR1 | E19: 14A | F19: =CONCATENATE(G19,"-",H19) -> ETR1000V300-MR1-14A-06 | G19: =CONCATENATE("ETR1000V300-",$D19,"-",$E19) -> ETR1000V300-MR1-14A | H19: 06 | I19: 46113 | J19: =CONCATENATE("ETR1000V300-",$D19,"-",$E19) -> ETR1000V300-MR1-14A | K19: 06 | L19: 46113
A20: Allestimenti interni - Arredi comparto e cabina di guida | B20: =CONCATENATE(D20,"_",E20) -> MR1_14B | C20: pdf | D20: MR1 | E20: 14B | F20: =CONCATENATE(G20,"-",H20) -> ETR1000V300-MR1-14B-\ | G20: =CONCATENATE("ETR1000V300-",$D20,"-",$E20) -> ETR1000V300-MR1-14B | H20: \ | I20: \ | J20: =CONCATENATE("ETR1000V300-",$D20,"-",$E20) -> ETR1000V300-MR1-14B | K20: \ | L20: \ | S20: 03 | V20: 03
A21: Servizi Generali di Bordo - Toilette | B21: =CONCATENATE(D21,"_",E21) -> MR1_15A | C21: pdf | D21: MR1 | E21: 15A | F21: =CONCATENATE(G21,"-",H21) -> ETR1000V300-MR1-15A-06 | G21: =CONCATENATE("ETR1000V300-",$D21,"-",$E21) -> ETR1000V300-MR1-15A | H21: 06 | I21: 46113 | J21: =CONCATENATE("ETR1000V300-",$D21,"-",$E21) -> ETR1000V300-MR1-15A | K21: 06 | L21: 46113 | S21: 03 | V21: 03
A22: Servizi Generali di Bordo - Bar Bistrot | B22: =CONCATENATE(D22,"_",E22) -> MR1_15B | C22: pdf | D22: MR1 | E22: 15B | F22: =CONCATENATE(G22,"-",H22) -> ETR1000V300-MR1-15B-\ | G22: =CONCATENATE("ETR1000V300-",$D22,"-",$E22) -> ETR1000V300-MR1-15B | H22: \ | I22: \ | J22: =CONCATENATE("ETR1000V300-",$D22,"-",$E22) -> ETR1000V300-MR1-15B | K22: \ | L22: \ | S22: 03 | V22: 03
A23: Emergenza e recupero | B23: =CONCATENATE(D23,"_",E23) -> MR1_16A | C23: pdf | D23: MR1 | E23: 16A | F23: =CONCATENATE(G23,"-",H23) -> ETR1000V300-MR1-16A-07 | G23: =CONCATENATE("ETR1000V300-",$D23,"-",$E23) -> ETR1000V300-MR1-16A | H23: 07 | I23: 44228 | J23: =CONCATENATE("ETR1000V300-",$D23,"-",$E23) -> ETR1000V300-MR1-16A | K23: 07 | L23: 44228 | S23: 03 | V23: 03
A24: Telecomunicazioni TT | B24: =CONCATENATE(D24,"_",E24) -> MR1_18A | C24: pdf | D24: MR1 | E24: 18A | F24: =CONCATENATE(G24,"-",H24) -> ETR1000V300-MR1-18A-05 | G24: =CONCATENATE("ETR1000V300-",$D24,"-",$E24) -> ETR1000V300-MR1-18A | H24: 05 | I24: 46113 | J24: =CONCATENATE("ETR1000V300-",$D24,"-",$E24) -> ETR1000V300-MR1-18A | K24: 05 | L24: 46113 | S24: 03 | V24: 03
A25: Sottosistema di bordo generale | B25: =CONCATENATE(D25,"_",E25) -> MR1_20A | C25: pdf | D25: MR1 | E25: 20A | F25: =CONCATENATE(G25,"-",H25) -> ETR1000V300-MR1-20A-03 | G25: =CONCATENATE("ETR1000V300-",$D25,"-",$E25) -> ETR1000V300-MR1-20A | H25: 03 | I25: giu-20 | J25: =CONCATENATE("ETR1000V300-",$D25,"-",$E25) -> ETR1000V300-MR1-20A | K25: 03 | L25: giu-20 | S25: 05 | V25: 05
A26: Sottosistema di bordo ETCS specifico del treno | B26: =CONCATENATE(D26,"_",E26) -> MR1_20B | C26: pdf | D26: MR1 | E26: 20B | F26: =CONCATENATE(G26,"-",H26) -> ETR1000V300-MR1-20B-01 | G26: =CONCATENATE("ETR1000V300-",$D26,"-",$E26) -> ETR1000V300-MR1-20B | H26: 01 | I26: lug-17 | J26: =CONCATENATE("ETR1000V300-",$D26,"-",$E26) -> ETR1000V300-MR1-20B | K26: 01 | L26: lug-17 | S26: 02 | V26: 02
A27: SSB ERTMS/SCMT (ALA) - MANUALE GENERICO USO E MANUTENZIONE (B60A.000012.640.06I) | B27: =CONCATENATE(D27,"_",E27) -> MR1_20A_ALA | C27: pdf | D27: MR1 | E27: 20A_ALA | F27: =CONCATENATE(G27,"-",H27) -> ETR1000V300-MR1-20A_ALA-08 | G27: =CONCATENATE("ETR1000V300-",$D27,"-",$E27) -> ETR1000V300-MR1-20A_ALA | H27: 08 | I27: 43966 | J27: =CONCATENATE("ETR1000V300-",$D27,"-",$E27) -> ETR1000V300-MR1-20A_ALA | K27: 08 | L27: 43966
A28: SSB ERTMS/SCMT (ELO) - MANUALE GENERICO USO E MANUTENZIONE (B60X.0100506.G00.00IT rev.02.00) | B28: =CONCATENATE(D28,"_",E28) -> MR1_20A_ELO | C28: pdf | D28: MR1 | E28: 20A_ELO | F28: =CONCATENATE(G28,"-",H28) -> ETR1000V300-MR1-20A_ELO-05 | G28: =CONCATENATE("ETR1000V300-",$D28,"-",$E28) -> ETR1000V300-MR1-20A_ELO | H28: 05 | I28: 46113 | J28: =CONCATENATE("ETR1000V300-",$D28,"-",$E28) -> ETR1000V300-MR1-20A_ELO | K28: 05 | L28: 46113
A29: Sotto Sistema di Bordo ERTMS BL3 CON SCMT INTEGRATO (B60A.0100914.G00.00IT) | B29: =CONCATENATE(D29,"_",E29) -> MR1_20B_ELO | C29: pdf | D29: MR1 | E29: 20B_ELO | F29: =CONCATENATE(G29,"-",H29) -> ETR1000V300-MR1-20B_ELO-02 | G29: =CONCATENATE("ETR1000V300-",$D29,"-",$E29) -> ETR1000V300-MR1-20B_ELO | H29: 02 | I29: 45717 | J29: =CONCATENATE("ETR1000V300-",$D29,"-",$E29) -> ETR1000V300-MR1-20B_ELO | K29: 02 | L29: 45717
A30: PGDJ DIS-JRU FTP - PRODOTTO GENERICO DIS-JRU (FT11P035105GE03B) | B30: =CONCATENATE(D30,"_",E30) -> MR1_31A_JRU | C30: pdf | D30: MR1 | E30: 31A_JRU | F30: =CONCATENATE(G30,"-",H30) -> ETR1000V300-MR1-31A_JRU-\ | G30: =CONCATENATE("ETR1000V300-",$D30,"-",$E30) -> ETR1000V300-MR1-31A_JRU | H30: \ | I30: 44256 | J30: =CONCATENATE("ETR1000V300-",$D30,"-",$E30) -> ETR1000V300-MR1-31A_JRU | K30: \ | L30: 44256
A31: Sistema informativo di condotta Generale (DIS) | B31: =CONCATENATE(D31,"_",E31) -> MR1_31A | C31: pdf | D31: MR1 | E31: 31A | F31: =CONCATENATE(G31,"-",H31) -> ETR1000V300-MR1-31A-02 | G31: =CONCATENATE("ETR1000V300-",$D31,"-",$E31) -> ETR1000V300-MR1-31A | H31: 02 | I31: gen-18 | J31: =CONCATENATE("ETR1000V300-",$D31,"-",$E31) -> ETR1000V300-MR1-31A | K31: 02 | L31: gen-18 | S31: 04 | V31: 04
A32: Cassa | B32: =CONCATENATE(D32,"_",E32) -> MR2_01A | C32: pdf | D32: MR2 | E32: 01A | F32: =CONCATENATE(G32,"-",H32) -> ETR1000V300-MR2-01A-07 | G32: =CONCATENATE("ETR1000V300-",$D32,"-",$E32) -> ETR1000V300-MR2-01A | H32: 07 | I32: 46113 | J32: =CONCATENATE("ETR1000V300-",$D32,"-",$E32) -> ETR1000V300-MR2-01A | K32: 07 | L32: 46113
A33: Carrello | B33: =CONCATENATE(D33,"_",E33) -> MR2_02A | C33: pdf | D33: MR2 | E33: 02A | F33: =CONCATENATE(G33,"-",H33) -> ETR1000V300-MR2-02A-13 | G33: =CONCATENATE("ETR1000V300-",$D33,"-",$E33) -> ETR1000V300-MR2-02A | H33: 13 | I33: 46113 | J33: =CONCATENATE("ETR1000V300-",$D33,"-",$E33) -> ETR1000V300-MR2-02A | K33: 13 | L33: 46113
A34: Impianto pneumatico e freno | B34: =CONCATENATE(D34,"_",E34) -> MR2_03A | C34: pdf | D34: MR2 | E34: 03A | F34: =CONCATENATE(G34,"-",H34) -> ETR1000V300-MR2-03A-06 | G34: =CONCATENATE("ETR1000V300-",$D34,"-",$E34) -> ETR1000V300-MR2-03A | H34: 06 | I34: 46113 | J34: =CONCATENATE("ETR1000V300-",$D34,"-",$E34) -> ETR1000V300-MR2-03A | K34: 06 | L34: 46113
A35: Equipaggiamento elettrico ed elettropneumatico | B35: =CONCATENATE(D35,"_",E35) -> MR2_04A | C35: pdf | D35: MR2 | E35: 04A | F35: =CONCATENATE(G35,"-",H35) -> ETR1000V300-MR2-04A-10 | G35: =CONCATENATE("ETR1000V300-",$D35,"-",$E35) -> ETR1000V300-MR2-04A | H35: 10 | I35: 46113 | J35: =CONCATENATE("ETR1000V300-",$D35,"-",$E35) -> ETR1000V300-MR2-04A | K35: 10 | L35: 46113
A36: Logica di comando | B36: =CONCATENATE(D36,"_",E36) -> MR2_05A | C36: pdf | D36: MR2 | E36: 05A | F36: =CONCATENATE(G36,"-",H36) -> ETR1000V300-MR2-05A-03 | G36: =CONCATENATE("ETR1000V300-",$D36,"-",$E36) -> ETR1000V300-MR2-05A | H36: 03 | I36: 46113 | J36: =CONCATENATE("ETR1000V300-",$D36,"-",$E36) -> ETR1000V300-MR2-05A | K36: 03 | L36: 46113
A37: Logica di comando - Nodo TCN | B37: =CONCATENATE(D37,"_",E37) -> MR2_05B | C37: pdf | D37: MR2 | E37: 05B | F37: =CONCATENATE(G37,"-",H37) -> ETR1000V300-MR2-05B-02 | G37: =CONCATENATE("ETR1000V300-",$D37,"-",$E37) -> ETR1000V300-MR2-05B | H37: 02 | I37: giu-17 | J37: =CONCATENATE("ETR1000V300-",$D37,"-",$E37) -> ETR1000V300-MR2-05B | K37: 02 | L37: giu-17
A38: Azionamento di trazione | B38: =CONCATENATE(D38,"_",E38) -> MR2_06A | C38: pdf | D38: MR2 | E38: 06A | F38: =CONCATENATE(G38,"-",H38) -> ETR1000V300-MR2-06A-04 | G38: =CONCATENATE("ETR1000V300-",$D38,"-",$E38) -> ETR1000V300-MR2-06A | H38: 04 | I38: 46113 | J38: =CONCATENATE("ETR1000V300-",$D38,"-",$E38) -> ETR1000V300-MR2-06A | K38: 04 | L38: 46113
A39: Motore di trazione | B39: =CONCATENATE(D39,"_",E39) -> MR2_07A | C39: pdf | D39: MR2 | E39: 07A | F39: =CONCATENATE(G39,"-",H39) -> ETR1000V300-MR2-07A-05 | G39: =CONCATENATE("ETR1000V300-",$D39,"-",$E39) -> ETR1000V300-MR2-07A | H39: 05 | I39: 46113 | J39: =CONCATENATE("ETR1000V300-",$D39,"-",$E39) -> ETR1000V300-MR2-07A | K39: 05 | L39: 46113
A40: Passaggi esterni | B40: =CONCATENATE(D40,"_",E40) -> MR2_08A | C40: pdf | D40: MR2 | E40: 08A | F40: =CONCATENATE(G40,"-",H40) -> ETR1000V300-MR2-08A-04 | G40: =CONCATENATE("ETR1000V300-",$D40,"-",$E40) -> ETR1000V300-MR2-08A | H40: 04 | I40: 46113 | J40: =CONCATENATE("ETR1000V300-",$D40,"-",$E40) -> ETR1000V300-MR2-08A | K40: 04 | L40: 46113
A41: Sottosistema di climatizzazione | B41: =CONCATENATE(D41,"_",E41) -> MR2_09A | C41: pdf | D41: MR2 | E41: 09A | F41: =CONCATENATE(G41,"-",H41) -> ETR1000V300-MR2-09A-04 | G41: =CONCATENATE("ETR1000V300-",$D41,"-",$E41) -> ETR1000V300-MR2-09A | H41: 04 | I41: 46113 | J41: =CONCATENATE("ETR1000V300-",$D41,"-",$E41) -> ETR1000V300-MR2-09A | K41: 04 | L41: 46113
A42: Convertitore servizi ausiliari e caricabatterie | B42: =CONCATENATE(D42,"_",E42) -> MR2_11A | C42: pdf | D42: MR2 | E42: 11A | F42: =CONCATENATE(G42,"-",H42) -> ETR1000V300-MR2-11A-03 | G42: =CONCATENATE("ETR1000V300-",$D42,"-",$E42) -> ETR1000V300-MR2-11A | H42: 03 | I42: 46113 | J42: =CONCATENATE("ETR1000V300-",$D42,"-",$E42) -> ETR1000V300-MR2-11A | K42: 03 | L42: 46113
A43: Sottosistema diagnostica di bordo | B43: =CONCATENATE(D43,"_",E43) -> MR2_13A | C43: pdf | D43: MR2 | E43: 13A | F43: =CONCATENATE(G43,"-",H43) -> ETR1000V300-MR2-13A-03 | G43: =CONCATENATE("ETR1000V300-",$D43,"-",$E43) -> ETR1000V300-MR2-13A | H43: 03 | I43: 46113 | J43: =CONCATENATE("ETR1000V300-",$D43,"-",$E43) -> ETR1000V300-MR2-13A | K43: 03 | L43: 46113
A44: Allestimenti interni | B44: =CONCATENATE(D44,"_",E44) -> MR2_14A | C44: pdf | D44: MR2 | E44: 14A | F44: =CONCATENATE(G44,"-",H44) -> ETR1000V300-MR2-14A-05 | G44: =CONCATENATE("ETR1000V300-",$D44,"-",$E44) -> ETR1000V300-MR2-14A | H44: 05 | I44: 46113 | J44: =CONCATENATE("ETR1000V300-",$D44,"-",$E44) -> ETR1000V300-MR2-14A | K44: 05 | L44: 46113
A45: Servizi Generali di Bordo | B45: =CONCATENATE(D45,"_",E45) -> MR2_15A | C45: pdf | D45: MR2 | E45: 15A | F45: =CONCATENATE(G45,"-",H45) -> ETR1000V300-MR2-15A-05 | G45: =CONCATENATE("ETR1000V300-",$D45,"-",$E45) -> ETR1000V300-MR2-15A | H45: 05 | I45: 46113 | J45: =CONCATENATE("ETR1000V300-",$D45,"-",$E45) -> ETR1000V300-MR2-15A | K45: 05 | L45: 46113
A46: Documentazione circuiti elettronici | B46: =CONCATENATE(D46,"_",E46) -> MR2_17A | C46: pdf | D46: MR2 | E46: 17A | F46: =CONCATENATE(G46,"-",H46) -> ETR1000V300-MR2-17A-00 | G46: =CONCATENATE("ETR1000V300-",$D46,"-",$E46) -> ETR1000V300-MR2-17A | H46: 00 | I46: 41913 | J46: =CONCATENATE("ETR1000V300-",$D46,"-",$E46) -> ETR1000V300-MR2-17A | K46: 00 | L46: 41913 | S46: 03 | V46: 03
A47: Messa in servizio (tomo 1 di 5) | B47: =CONCATENATE(D47,"_",E47) -> MR2_30A_1 | C47: pdf | D47: MR2 | E47: 30A_1 | F47: =CONCATENATE(G47,"-",H47) -> ETR1000V300-MR2-30A_1-01 | G47: =CONCATENATE("ETR1000V300-",$D47,"-",$E47) -> ETR1000V300-MR2-30A_1 | H47: 01 | I47: mag-16 | J47: =CONCATENATE("ETR1000V300-",$D47,"-",$E47) -> ETR1000V300-MR2-30A_1 | K47: 01 | L47: mag-16
A48: Messa in servizio (tomo 2 di 5) | B48: =CONCATENATE(D48,"_",E48) -> MR2_30A_2 | C48: pdf | D48: MR2 | E48: 30A_2 | F48: =CONCATENATE(G48,"-",H48) -> ETR1000V300-MR2-30A_2-01 | G48: =CONCATENATE("ETR1000V300-",$D48,"-",$E48) -> ETR1000V300-MR2-30A_2 | H48: 01 | I48: mag-16 | J48: =CONCATENATE("ETR1000V300-",$D48,"-",$E48) -> ETR1000V300-MR2-30A_2 | K48: 01 | L48: mag-16
A49: Messa in servizio (tomo 3 di 5) | B49: =CONCATENATE(D49,"_",E49) -> MR2_30A_3 | C49: pdf | D49: MR2 | E49: 30A_3 | F49: =CONCATENATE(G49,"-",H49) -> ETR1000V300-MR2-30A_3-01 | G49: =CONCATENATE("ETR1000V300-",$D49,"-",$E49) -> ETR1000V300-MR2-30A_3 | H49: 01 | I49: mag-16 | J49: =CONCATENATE("ETR1000V300-",$D49,"-",$E49) -> ETR1000V300-MR2-30A_3 | K49: 01 | L49: mag-16
A50: Messa in servizio (tomo 4 di 5) | B50: =CONCATENATE(D50,"_",E50) -> MR2_30A_4 | C50: pdf | D50: MR2 | E50: 30A_4 | F50: =CONCATENATE(G50,"-",H50) -> ETR1000V300-MR2-30A_4-01 | G50: =CONCATENATE("ETR1000V300-",$D50,"-",$E50) -> ETR1000V300-MR2-30A_4 | H50: 01 | I50: mag-16 | J50: =CONCATENATE("ETR1000V300-",$D50,"-",$E50) -> ETR1000V300-MR2-30A_4 | K50: 01 | L50: mag-16
A51: Messa in servizio (tomo 5 di 5) | B51: =CONCATENATE(D51,"_",E51) -> MR2_30A_5 | C51: pdf | D51: MR2 | E51: 30A_5 | F51: =CONCATENATE(G51,"-",H51) -> ETR1000V300-MR2-30A_5-01 | G51: =CONCATENATE("ETR1000V300-",$D51,"-",$E51) -> ETR1000V300-MR2-30A_5 | H51: 01 | I51: mag-16 | J51: =CONCATENATE("ETR1000V300-",$D51,"-",$E51) -> ETR1000V300-MR2-30A_5 | K51: 01 | L51: mag-16
A52: Cassa veicoli di estremità | B52: =CONCATENATE(D52,"_",E52) -> CPR_01A | C52: pdf | D52: CPR | E52: 01A | F52: 2.05.993 | G52: =CONCATENATE("ETR1000V300-",$D52,"-",$E52) -> ETR1000V300-CPR-01A | H52: \ | I52: mag-22 | J52: =CONCATENATE("ETR1000V300-",$D52,"-",$E52) -> ETR1000V300-CPR-01A | K52: \ | L52: mag-22 | S52: 01 | V52: 01
A53: Cassa veicoli intermedi | B53: =CONCATENATE(D53,"_",E53) -> CPR_01B | C53: pdf | D53: CPR | E53: 01B | F53: 2.05.994 | G53: =CONCATENATE("ETR1000V300-",$D53,"-",$E53) -> ETR1000V300-CPR-01B | H53: \ | I53: mag-22 | J53: =CONCATENATE("ETR1000V300-",$D53,"-",$E53) -> ETR1000V300-CPR-01B | K53: \ | L53: mag-22 | S53: 01 | V53: 01
A54: Accoppiatore automatico-asta semipermanente | B54: =CONCATENATE(D54,"_",E54) -> CPR_01C | C54: pdf | D54: CPR | E54: 01C | F54: 2.05.995 | G54: =CONCATENATE("ETR1000V300-",$D54,"-",$E54) -> ETR1000V300-CPR-01C | H54: \ | I54: mag-22 | J54: =CONCATENATE("ETR1000V300-",$D54,"-",$E54) -> ETR1000V300-CPR-01C | K54: \ | L54: mag-22
A55: Musetto mobile | B55: =CONCATENATE(D55,"_",E55) -> CPR_01D | C55: pdf | D55: CPR | E55: 01D | F55: 2.05.996 | G55: =CONCATENATE("ETR1000V300-",$D55,"-",$E55) -> ETR1000V300-CPR-01D | H55: \ | I55: mag-22 | J55: =CONCATENATE("ETR1000V300-",$D55,"-",$E55) -> ETR1000V300-CPR-01D | K55: \ | L55: mag-22 | S55: 01 | V55: 01
A56: Carrello | B56: =CONCATENATE(D56,"_",E56) -> CPR_02A | C56: pdf | D56: CPR | E56: 02A | F56: 2.05.997 | G56: =CONCATENATE("ETR1000V300-",$D56,"-",$E56) -> ETR1000V300-CPR-02A | H56: \ | I56: mar-21 | J56: =CONCATENATE("ETR1000V300-",$D56,"-",$E56) -> ETR1000V300-CPR-02A | K56: \ | L56: mar-21 | S56: 02 | V56: 02
A57: Impianto pneumatico e freno - sistemazioni | B57: =CONCATENATE(D57,"_",E57) -> CPR_03A | C57: pdf | D57: CPR | E57: 03A | F57: 2.05.998 | G57: =CONCATENATE("ETR1000V300-",$D57,"-",$E57) -> ETR1000V300-CPR-03A | H57: \ | I57: lug-17 | J57: =CONCATENATE("ETR1000V300-",$D57,"-",$E57) -> ETR1000V300-CPR-03A | K57: \ | L57: lug-17 | S57: 02 | V57: 02
A58: Impianto pneumatico e freno - componenti | B58: =CONCATENATE(D58,"_",E58) -> CPR_03B | C58: pdf | D58: CPR | E58: 03B | F58: 2.05.999 | G58: =CONCATENATE("ETR1000V300-",$D58,"-",$E58) -> ETR1000V300-CPR-03B | H58: \ | I58: 46113 | J58: =CONCATENATE("ETR1000V300-",$D58,"-",$E58) -> ETR1000V300-CPR-03B | K58: \ | L58: 46113 | S58: 02 | V58: 02
A59: Equipaggiamento elettrico ed elettropneumatico - sistemazioni | B59: =CONCATENATE(D59,"_",E59) -> CPR_04A | C59: pdf | D59: CPR | E59: 04A | F59: 2.05.1000 | G59: =CONCATENATE("ETR1000V300-",$D59,"-",$E59) -> ETR1000V300-CPR-04A | H59: \ | I59: 45748 | J59: =CONCATENATE("ETR1000V300-",$D59,"-",$E59) -> ETR1000V300-CPR-04A | K59: \ | L59: 45748 | S59: 01 | V59: 01
A60: Equipaggiamento elettrico ed elettropneumatico - componenti | B60: =CONCATENATE(D60,"_",E60) -> CPR_04B | C60: pdf | D60: CPR | E60: 04B | F60: 2.05.1001 | G60: =CONCATENATE("ETR1000V300-",$D60,"-",$E60) -> ETR1000V300-CPR-04B | H60: \ | I60: 46082 | J60: =CONCATENATE("ETR1000V300-",$D60,"-",$E60) -> ETR1000V300-CPR-04B | K60: \ | L60: 46082 | S60: 01 | V60: 01
A61: Pantografi | B61: =CONCATENATE(D61,"_",E61) -> CPR_04C | C61: pdf | D61: CPR | E61: 04C | F61: 2.05.1002 | G61: =CONCATENATE("ETR1000V300-",$D61,"-",$E61) -> ETR1000V300-CPR-04C | H61: \ | I61: mar-21 | J61: =CONCATENATE("ETR1000V300-",$D61,"-",$E61) -> ETR1000V300-CPR-04C | K61: \ | L61: mar-21 | S61: 01 | V61: 01
A62: Quadri elettrici | B62: =CONCATENATE(D62,"_",E62) -> CPR_04D | C62: pdf | D62: CPR | E62: 04D | F62: 2.05.1003 | G62: =CONCATENATE("ETR1000V300-",$D62,"-",$E62) -> ETR1000V300-CPR-04D | H62: \ | I62: 45748 | J62: =CONCATENATE("ETR1000V300-",$D62,"-",$E62) -> ETR1000V300-CPR-04D | K62: \ | L62: 45748
A63: Logica di comando | B63: =CONCATENATE(D63,"_",E63) -> CPR_05A | C63: pdf | D63: CPR | E63: 05A | F63: 2.05.1004 | G63: =CONCATENATE("ETR1000V300-",$D63,"-",$E63) -> ETR1000V300-CPR-05A | H63: \ | I63: giu-17 | J63: =CONCATENATE("ETR1000V300-",$D63,"-",$E63) -> ETR1000V300-CPR-05A | K63: \ | L63: giu-17 | S63: 02 | V63: 02
A64: Azionamento di trazione | B64: =CONCATENATE(D64,"_",E64) -> CPR_06A | C64: pdf | D64: CPR | E64: 06A | F64: 2.05.1005 | G64: =CONCATENATE("ETR1000V300-",$D64,"-",$E64) -> ETR1000V300-CPR-06A | H64: \ | I64: mag-17 | J64: =CONCATENATE("ETR1000V300-",$D64,"-",$E64) -> ETR1000V300-CPR-06A | K64: \ | L64: mag-17 | S64: 02 | V64: 02
A65: Motore di trazione | B65: =CONCATENATE(D65,"_",E65) -> CPR_07A | C65: pdf | D65: CPR | E65: 07A | F65: 2.05.1006 | G65: =CONCATENATE("ETR1000V300-",$D65,"-",$E65) -> ETR1000V300-CPR-07A | H65: \ | I65: mag-17 | J65: =CONCATENATE("ETR1000V300-",$D65,"-",$E65) -> ETR1000V300-CPR-07A | K65: \ | L65: mag-17
A66: Porte di salita passeggeri | B66: =CONCATENATE(D66,"_",E66) -> CPR_08A | C66: pdf | D66: CPR | E66: 08A | F66: 2.05.1007 | G66: =CONCATENATE("ETR1000V300-",$D66,"-",$E66) -> ETR1000V300-CPR-08A | H66: \ | I66: lug-17 | J66: =CONCATENATE("ETR1000V300-",$D66,"-",$E66) -> ETR1000V300-CPR-08A | K66: \ | L66: lug-17 | S66: 02 | V66: 02
A67: Porte interne e intercomunicanti | B67: =CONCATENATE(D67,"_",E67) -> CPR_08B | C67: pdf | D67: CPR | E67: 08B | F67: 2.05.1008 | G67: =CONCATENATE("ETR1000V300-",$D67,"-",$E67) -> ETR1000V300-CPR-08B | H67: \ | I67: lug-15 | J67: =CONCATENATE("ETR1000V300-",$D67,"-",$E67) -> ETR1000V300-CPR-08B | K67: \ | L67: lug-15 | S67: 02 | V67: 02
A68: Sollevatore hk | B68: =CONCATENATE(D68,"_",E68) -> CPR_08C | C68: pdf | D68: CPR | E68: 08C | F68: 2.05.1009 | G68: =CONCATENATE("ETR1000V300-",$D68,"-",$E68) -> ETR1000V300-CPR-08C | H68: \ | I68: dic-15 | J68: =CONCATENATE("ETR1000V300-",$D68,"-",$E68) -> ETR1000V300-CPR-08C | K68: \ | L68: dic-15 | S68: 02 | V68: 02
A69: Sottosistema di climatizzazione | B69: =CONCATENATE(D69,"_",E69) -> CPR_09 | C69: pdf | D69: CPR | E69: 09 | F69: 2.05.1010 | G69: =CONCATENATE("ETR1000V300-",$D69,"-",$E69) -> ETR1000V300-CPR-09 | H69: \ | I69: feb-21 | J69: =CONCATENATE("ETR1000V300-",$D69,"-",$E69) -> ETR1000V300-CPR-09 | K69: \ | L69: feb-21
A70: Sottosistema di comunicazione | B70: =CONCATENATE(D70,"_",E70) -> CPR_10 | C70: pdf | D70: CPR | E70: 10 | F70: 2.05.1011 | G70: =CONCATENATE("ETR1000V300-",$D70,"-",$E70) -> ETR1000V300-CPR-10 | H70: \ | I70: mag-22 | J70: =CONCATENATE("ETR1000V300-",$D70,"-",$E70) -> ETR1000V300-CPR-10 | K70: \ | L70: mag-22 | S70: 02 | V70: 02
A71: Convertitore servizi ausiliari e caricabatterie | B71: =CONCATENATE(D71,"_",E71) -> CPR_11A | C71: pdf | D71: CPR | E71: 11A | F71: 2.05.1012 | G71: =CONCATENATE("ETR1000V300-",$D71,"-",$E71) -> ETR1000V300-CPR-11A | H71: \ | I71: mag-17 | J71: =CONCATENATE("ETR1000V300-",$D71,"-",$E71) -> ETR1000V300-CPR-11A | K71: \ | L71: mag-17 | S71: 02 | V71: 02
A72: Allestimenti interni - dotazioni di bordo | B72: =CONCATENATE(D72,"_",E72) -> CPR_14A | C72: pdf | D72: CPR | E72: 14A | F72: 2.05.1013 | G72: =CONCATENATE("ETR1000V300-",$D72,"-",$E72) -> ETR1000V300-CPR-14A | H72: \ | I72: mag-22 | J72: =CONCATENATE("ETR1000V300-",$D72,"-",$E72) -> ETR1000V300-CPR-14A | K72: \ | L72: mag-22
A73: Sedili passeggeri e cabina guida | B73: =CONCATENATE(D73,"_",E73) -> CPR_14B | C73: pdf | D73: CPR | E73: 14B | F73: 2.05.1014 | G73: =CONCATENATE("ETR1000V300-",$D73,"-",$E73) -> ETR1000V300-CPR-14B | H73: \ | I73: 46174 | J73: =CONCATENATE("ETR1000V300-",$D73,"-",$E73) -> ETR1000V300-CPR-14B | K73: \ | L73: 46174
A74: Arredamento comparto | B74: =CONCATENATE(D74,"_",E74) -> CPR_14C | C74: pdf | D74: CPR | E74: 14C | F74: 2.05.1015 | G74: =CONCATENATE("ETR1000V300-",$D74,"-",$E74) -> ETR1000V300-CPR-14C | H74: \ | I74: mag-22 | J74: =CONCATENATE("ETR1000V300-",$D74,"-",$E74) -> ETR1000V300-CPR-14C | K74: \ | L74: mag-22
A75: Arredamento vestiboli | B75: =CONCATENATE(D75,"_",E75) -> CPR_14D | C75: pdf | D75: CPR | E75: 14D | F75: 2.05.1016 | G75: =CONCATENATE("ETR1000V300-",$D75,"-",$E75) -> ETR1000V300-CPR-14D | H75: \ | I75: mag-22 | J75: =CONCATENATE("ETR1000V300-",$D75,"-",$E75) -> ETR1000V300-CPR-14D | K75: \ | L75: mag-22
A76: Servizi Generali di Bordo - Toilet | B76: =CONCATENATE(D76,"_",E76) -> CPR_15A | C76: pdf | D76: CPR | E76: 15A | F76: 2.05.1017 | G76: =CONCATENATE("ETR1000V300-",$D76,"-",$E76) -> ETR1000V300-CPR-15A | H76: \ | I76: mag-22 | J76: =CONCATENATE("ETR1000V300-",$D76,"-",$E76) -> ETR1000V300-CPR-15A | K76: \ | L76: mag-22
A77: Servizi Generali di Bordo - Bar Bistrò | B77: =CONCATENATE(D77,"_",E77) -> CPR_15B | C77: pdf | D77: CPR | E77: 15B | F77: 2.05.1018 | G77: =CONCATENATE("ETR1000V300-",$D77,"-",$E77) -> ETR1000V300-CPR-15B | H77: \ | I77: mag-22 | J77: =CONCATENATE("ETR1000V300-",$D77,"-",$E77) -> ETR1000V300-CPR-15B | K77: \ | L77: mag-22
A78: Sistemi tecnologici di bordo | B78: =CONCATENATE(D78,"_",E78) -> CPR_31A | C78: pdf | D78: CPR | E78: 31A | F78: 2.05.1019 | G78: =CONCATENATE("ETR1000V300-",$D78,"-",$E78) -> ETR1000V300-CPR-31A | H78: \ | I78: 45717 | J78: =CONCATENATE("ETR1000V300-",$D78,"-",$E78) -> ETR1000V300-CPR-31A | K78: \ | L78: 45717 | S78: 02 | V78: 02
A79: SOTTOSISTEMA DI BORDO ERTMS/BL3 PIATTAFORMA ELO | B79: =CONCATENATE(D79,"_",E79) -> CPR_20A | C79: pdf | D79: CPR | E79: 20A | F79: B60A.0100914.G00.01IT | G79: =CONCATENATE("ETR1000V300-",$D79,"-",$E79) -> ETR1000V300-CPR-20A | H79: \ | I79: 45017 | J79: =CONCATENATE("ETR1000V300-",$D79,"-",$E79) -> ETR1000V300-CPR-20A | K79: \ | L79: 45017

Sheet DIAGNOSTIC
A1: DOC DESCRIPTION | B1: DOC ID | C1: DOC EXT | D1: VZI_Base | F1: VZI_New14 | H1: VZ_FR | J1: VZ_ES | L1: VZI-6_R1 | N1: VZI-4_R1 | P1: VZ_DAI | R1: VZ_Esxx
D2: File/Codice | E2: Rev | F2: File/Codice | G2: Rev | H2: File/Codice | I2: Rev | J2: File/Codice | K2: Rev | L2: Codice | M2: Rev | N2: Codice | O2: Rev | P2: Codice | Q2: Rev | R2: Codice | S2: Rev
A3: Telediagnostica
A4: Sviluppo regole (Algoritmi Diagnostici) | B4: DIA_Regole | C4: xlsm | D4: Sviluppo_Regole_TI_rev1.1 | E4: \ | F4: SVILUPPO REGOLE_ 14_FR_SP_Rev_0.1 | G4: \ | H4: SVILUPPO REGOLE_ 14_FR_SP_Rev_0.1 | I4: \ | J4: SVILUPPO REGOLE_ 14_FR_SP_Rev_0.1 | K4: \
A5: Event Report/List | B5: DIA_Event | C5: xlsx | D5: EventReport_VZI_3.9.0.3 | E5: \ | F5: EventReport_VZI14_BL3_5.1.0.3 2 | G5: \ | H5: EventReport VZIF 11.4.0 | I5: \ | J5: EventReport_VZS 21.2.0.3 | L5: FP010036055 | M5: 3.32
A6: Teledia Signal List | B6: DIA_Signal | C6: xlsx | L6: FP020046917 | M6: 3.32
A7: PropulsionDiagnosticDataset | B7: DIA_Dataset_Propulsion | C7: xlsx | L7: PropulsionDiagnosticDataset | M7: 00.12
A8: EMS ICD diagnostic event | B8: DIA_Event EMS | C8: xlsx | H8: EC130034365 | I8: 00

Sheet Funzioni
A1: FUNC ID | B1: DESCRIZIONE FUNZIONE | C1: DOC CARTELLA | D1: DOC ID | E1: Info DOC | F1: VZI_Base | G1: VZI_New14 | H1: VZ_FR | I1: VZ_ES | J1: VZI-6_R1 | K1: VZI-4_R1 | L1: VZ_DAI
A2: Park_Brake_01 | B2: Comando applicazione/rilascio FAM da banco di manovra | D2: =IF($A2="","",HYPERLINK(CONCATENATE(Cartelle!$D$6,$A2),CONCATENATE("#Sharepoint//",$A2))) -> #Sharepoint//Park_Brake_01
C3: CONFIG | D3: FS_DM1 | E3: Link | F3: {=HYPERLINK(CONCATENATE(Cartelle!$D$5,F$1,"/",$C3,"/",MID($D3,1,FIND("_",$D3)-1),"/",INDIRECT(CONCATENATE("'" & $C3 & "'!",ADDRESS(MATCH($D3, INDIRECT("'" & $C3 & "'!$B:$B"), 0),MATCH(F$1, INDIRECT("'" & $C3 & "'!$1:$1"), 0)))),".",INDIRECT(CONCATENATE("'"&$C3&"'!",ADDRESS(MATCH($D3,INDIRECT("'"&$C3&"'!$B:$B"),0),3))),"#page=",F4),CONCATENATE("#Sharepoint//",$D3))} -> #Sharepoint//FS_DM1 | J3: {=HYPERLINK(CONCATENATE(Cartelle!$D$5,INDEX(INDIRECT("'" & $C3 & "'!$1:$1"), 1, MATCH(INDIRECT(CONCATENATE("'" & $C3 & "'!",ADDRESS(MATCH($D3, INDIRECT("'" & $C3 & "'!$B:$B"), 0),MATCH(J$1, INDIRECT("'" & $C3 & "'!$1:$1"), 0)))),INDIRECT(CONCATENATE("'" & $C3 & "'!",MATCH($D3, INDIRECT("'" & $C3 & "'!$B:$B"), 0),":",MATCH($D3, INDIRECT("'" & $C3 & "'!$B:$B"), 0))),0)),"/",$C3,"/",MID($D3,1,FIND("_",$D3)-1),"/",INDIRECT(CONCATENATE("'" & $C3 & "'!",ADDRESS(MATCH($D3, INDIRECT("'" & $C3 & "'!$B:$B"), 0),MATCH(J$1, INDIRECT("'" & $C3 & "'!$1:$1"), 0)))),".",INDIRECT(CONCATENATE("'"&$C3&"'!",ADDRESS(MATCH($D3,INDIRECT("'"&$C3&"'!$B:$B"),0),3))),"#page=",J4),CONCATENATE("#Sharepoint//",$D3))} -> #Sharepoint//FS_DM1
E4: Rif. Pagina | F4: 276 | G4: 243 | J4: 144
E5: Componenti circuito elettrico | F5: GG-A024 = Pulsante parking JE-K0005 = MIO-S-DX4 | J5: GG-A024 = Pulsante parking GC-K025 = Relè abilitazione cabina GC-K018 = Relè temporizz GC-K011 = Relè abilitazione cabina JE-K005 = RIO-LP MASTER
E6: Descrizione circuitale | F6: La pressione di GG-A024 chiude 2 contatti interni (1 ordinario, 1 ridondato), collegando 2 linee 110V a 2 ingressi della MIO: BRA_PARK_COM Le 2 linee 110 derivano direttamente dal bus 180, tramite due fusibili rispettivamente JE-F007 e JE-F009. | J6: La pressione di GG-A024 chiude 2 contatti interni (1 ordinario, 1 ridondato), collegando 2 linee 110V a 2 ingressi della RIO: BRA_PARK_COM_N e BRA_PARK_COM_R Le 2 linee 110 derivano direttamente dal bus 180, tramite due fusibili rispettivamente JE-F007 e JE-F009. Un contatto del pulsante inoltre alimenta un circuito che intercetta, sulle casse portanti con disponibilità del freno di parcheggio, il comando di rilascio del TCMS verso le valvole di attuazione del parking brake stesso. Tale circuito viene alimentato tramite i relè di banco GC-K011 e GC-K025 e attuato per mezzo del relè temporizzato GC-K018. Tutta questa catena alimenta un relè GG-K028 presenti sulle casse portanti con disponibilità di freno di parcheggio.
C7: CONFIG | D7: FS_TT2 | E7: Link | F7: {=HYPERLINK(CONCATENATE(Cartelle!$D$5,F$1,"/",$C7,"/",MID($D7,1,FIND("_",$D7)-1),"/",INDIRECT(CONCATENATE("'" & $C7 & "'!",ADDRESS(MATCH($D7, INDIRECT("'" & $C7 & "'!$B:$B"), 0),MATCH(F$1, INDIRECT("'" & $C7 & "'!$1:$1"), 0)))),".",INDIRECT(CONCATENATE("'"&$C7&"'!",ADDRESS(MATCH($D7,INDIRECT("'"&$C7&"'!$B:$B"),0),3))),"#page=",F8),CONCATENATE("#Sharepoint//",$D7))} -> #Sharepoint//FS_TT2 | J7: {=HYPERLINK(CONCATENATE(Cartelle!$D$5,INDEX(INDIRECT("'" & $C7 & "'!$1:$1"), 1, MATCH(INDIRECT(CONCATENATE("'" & $C7 & "'!",ADDRESS(MATCH($D7, INDIRECT("'" & $C7 & "'!$B:$B"), 0),MATCH(J$1, INDIRECT("'" & $C7 & "'!$1:$1"), 0)))),INDIRECT(CONCATENATE("'" & $C7 & "'!",MATCH($D7, INDIRECT("'" & $C7 & "'!$B:$B"), 0),":",MATCH($D7, INDIRECT("'" & $C7 & "'!$B:$B"), 0))),0)),"/",$C7,"/",MID($D7,1,FIND("_",$D7)-1),"/",INDIRECT(CONCATENATE("'" & $C7 & "'!",ADDRESS(MATCH($D7, INDIRECT("'" & $C7 & "'!$B:$B"), 0),MATCH(J$1, INDIRECT("'" & $C7 & "'!$1:$1"), 0)))),".",INDIRECT(CONCATENATE("'"&$C7&"'!",ADDRESS(MATCH($D7,INDIRECT("'"&$C7&"'!$B:$B"),0),3))),"#page=",J8),CONCATENATE("#Sharepoint//",$D7))} -> #Sharepoint//FS_TT2
E8: Rif. Pagina | F8: 171 | J8: 131
E9: Componenti circuito elettrico | F9: EVFS1 = Valvola applicazione parking brake JE-K009 = RIO JE-K010 = RIO GG-K016 = Relè RER | J9: GG-K016 = Relè RER GG-K028 = Relè di taglio per il comando di rilascio del PB dato da TCMS attraverso BRA_EVFS1_COM EVFS1 = Valvola applicazione parking brake JE-K009 = RIO JE-K010 = RIO
E10: Descrizione circuitale | F10: Il segnale di rilascio del praking brake verso la EVFS1 viene fornito dalle RIO BRA-EVFS1_COM. Il comando verso EVFS1 è sezionato solamente da un relè GG-K016 chiamato RER che si abilita con un contatto relativo all'inserzione della chiave di banco | J10: Il comando di GG-K028 è dato dalla catena circuitale introdotta nelle DM che serve a evitare che il TCMS possa comandare impropriamente il circuito di rilascio del freno di stazionamento chiamato anche Parking brake oppure Freno a molla FAM. Il comando verso EVFS1 è sezionato pertanto da un relè GG-K016 chiamato RER che si abilita con un contatto relativo all'inserzione della chiave di banco e dal relè GG-K028 facente capo alla catena introdotta nelle DM rispetto al circuito della flotta base. Lo stato di quest'ultimo relè è diagnosticato tramite 2 ingressi RIO ridondati chiamati BRA_EVFS1-PRO_N e BRA_EVFS1-PRO_R
C11: CONFIG | D11: FRS_Brake Control | E11: Link | F11: {=HYPERLINK(CONCATENATE(Cartelle!$D$5,F$1,"/",$C11,"/",MID($D11,1,FIND("_",$D11)-1),"/",INDIRECT(CONCATENATE("'" & $C11 & "'!",ADDRESS(MATCH($D11, INDIRECT("'" & $C11 & "'!$B:$B"), 0),MATCH(F$1, INDIRECT("'" & $C11 & "'!$1:$1"), 0)))),".",INDIRECT(CONCATENATE("'"&$C11&"'!",ADDRESS(MATCH($D11,INDIRECT("'"&$C11&"'!$B:$B"),0),3))),"#page=",F12),CONCATENATE("#Sharepoint//",$D11))} -> #Sharepoint//FRS_Brake Control | J11: {=HYPERLINK(CONCATENATE(Cartelle!$D$5,INDEX(INDIRECT("'" & $C11 & "'!$1:$1"), 1, MATCH(INDIRECT(CONCATENATE("'" & $C11 & "'!",ADDRESS(MATCH($D11, INDIRECT("'" & $C11 & "'!$B:$B"), 0),MATCH(J$1, INDIRECT("'" & $C11 & "'!$1:$1"), 0)))),INDIRECT(CONCATENATE("'" & $C11 & "'!",MATCH($D11, INDIRECT("'" & $C11 & "'!$B:$B"), 0),":",MATCH($D11, INDIRECT("'" & $C11 & "'!$B:$B"), 0))),0)),"/",$C11,"/",MID($D11,1,FIND("_",$D11)-1),"/",INDIRECT(CONCATENATE("'" & $C11 & "'!",ADDRESS(MATCH($D11, INDIRECT("'" & $C11 & "'!$B:$B"), 0),MATCH(J$1, INDIRECT("'" & $C11 & "'!$1:$1"), 0)))),".",INDIRECT(CONCATENATE("'"&$C11&"'!",ADDRESS(MATCH($D11,INDIRECT("'"&$C11&"'!$B:$B"),0),3))),"#page=",J12),CONCATENATE("#Sharepoint//",$D11))} -> #Sharepoint//FRS_Brake Control
E12: Rif. Pagina | F12: 117 | J12: 154
E13: Requisiti specifici | F13: \ | J13: Rispetto a FRS VZI_Base, aggiunto requisiti .3980 e .TRS.343 per inibire elettricamente il TCMS in caso di comando di sblocco PB non dovuto. Tali requisiti sono stati implementati con il circuito di cui alle descrizioni circuitali di cui sopra, il quale utilizza gli ingressi di comando BRA_PARK_COM di comando e lo stato delle variabili BRA_EVFS1-PRO_N e BRA_EVFS1-PRO_R per verificare che sia stato comandato effettivamente un rilascio da pulsante e da macchinista, e che non sia stato rilasciato esclusivamente dal TCMS
C14: CONFIG | D14: FPD_Brake Control | E14: Link | F14: {=HYPERLINK(CONCATENATE(Cartelle!$D$5,F$1,"/",$C14,"/",MID($D14,1,FIND("_",$D14)-1),"/",INDIRECT(CONCATENATE("'" & $C14 & "'!",ADDRESS(MATCH($D14, INDIRECT("'" & $C14 & "'!$B:$B"), 0),MATCH(F$1, INDIRECT("'" & $C14 & "'!$1:$1"), 0)))),".",INDIRECT(CONCATENATE("'"&$C14&"'!",ADDRESS(MATCH($D14,INDIRECT("'"&$C14&"'!$B:$B"),0),3))),"#page=",F15),CONCATENATE("#Sharepoint//",$D14))} -> #Sharepoint//FPD_Brake Control | J14: {=HYPERLINK(CONCATENATE(Cartelle!$D$5,INDEX(INDIRECT("'" & $C14 & "'!$1:$1"), 1, MATCH(INDIRECT(CONCATENATE("'" & $C14 & "'!",ADDRESS(MATCH($D14, INDIRECT("'" & $C14 & "'!$B:$B"), 0),MATCH(J$1, INDIRECT("'" & $C14 & "'!$1:$1"), 0)))),INDIRECT(CONCATENATE("'" & $C14 & "'!",MATCH($D14, INDIRECT("'" & $C14 & "'!$B:$B"), 0),":",MATCH($D14, INDIRECT("'" & $C14 & "'!$B:$B"), 0))),0)),"/",$C14,"/",MID($D14,1,FIND("_",$D14)-1),"/",INDIRECT(CONCATENATE("'" & $C14 & "'!",ADDRESS(MATCH($D14, INDIRECT("'" & $C14 & "'!$B:$B"), 0),MATCH(J$1, INDIRECT("'" & $C14 & "'!$1:$1"), 0)))),".",INDIRECT(CONCATENATE("'"&$C14&"'!",ADDRESS(MATCH($D14,INDIRECT("'"&$C14&"'!$B:$B"),0),3))),"#page=",J15),CONCATENATE("#Sharepoint//",$D14))} -> #Sharepoint//FPD_Brake Control
E15: Rif. Pagina | F15: 18 | J15: 18
A16: Hot_Axle_Box_01 | B16: Funzione di monitoraggio Hot Axle Box Detection (HABD) | D16: =IF($A16="","",HYPERLINK(CONCATENATE(Cartelle!$D$6,$A16),CONCATENATE("#Sharepoint//",$A16))) -> #Sharepoint//Hot_Axle_Box_01
C17: CONFIG | D17: FS_DM1 | E17: Link | F17: {=HYPERLINK(CONCATENATE(Cartelle!$D$5,F$1,"/",$C17,"/",MID($D17,1,FIND("_",$D17)-1),"/",INDIRECT(CONCATENATE("'" & $C17 & "'!",ADDRESS(MATCH($D17, INDIRECT("'" & $C17 & "'!$B:$B"), 0),MATCH(F$1, INDIRECT("'" & $C17 & "'!$1:$1"), 0)))),".",INDIRECT(CONCATENATE("'"&$C17&"'!",ADDRESS(MATCH($D17,INDIRECT("'"&$C17&"'!$B:$B"),0),3))),"#page=",F18),CONCATENATE("#Sharepoint//",$D17))} -> #Sharepoint//FS_DM1 | J17: {=HYPERLINK(CONCATENATE(Cartelle!$D$5,INDEX(INDIRECT("'" & $C17 & "'!$1:$1"), 1, MATCH(INDIRECT(CONCATENATE("'" & $C17 & "'!",ADDRESS(MATCH($D17, INDIRECT("'" & $C17 & "'!$B:$B"), 0),MATCH(J$1, INDIRECT("'" & $C17 & "'!$1:$1"), 0)))),INDIRECT(CONCATENATE("'" & $C17 & "'!",MATCH($D17, INDIRECT("'" & $C17 & "'!$B:$B"), 0),":",MATCH($D17, INDIRECT("'" & $C17 & "'!$B:$B"), 0))),0)),"/",$C17,"/",MID($D17,1,FIND("_",$D17)-1),"/",INDIRECT(CONCATENATE("'" & $C17 & "'!",ADDRESS(MATCH($D17, INDIRECT("'" & $C17 & "'!$B:$B"), 0),MATCH(J$1, INDIRECT("'" & $C17 & "'!$1:$1"), 0)))),".",INDIRECT(CONCATENATE("'"&$C17&"'!",ADDRESS(MATCH($D17,INDIRECT("'"&$C17&"'!$B:$B"),0),3))),"#page=",J18),CONCATENATE("#Sharepoint//",$D17))} -> #Sharepoint//FS_DM1
E18: Rif. Pagina | F18: 388 | J18: 264
E19: Componenti circuito elettrico | F19: GC-Q024 = Relè abilitazione cabina LCA GC-Q026 = Relè abilitazione cabina LCA SB-K018 = Relè accoppiamento JB-K003 = Relè apertura Loop HABD JB-K004 = Relè apertura Loop HABD GG-K016 = Relè apertura Loop DNRA GG-K017 = Relè apertura Loop DNRA GC-A018 H2B = spia Locked Axle | J19: JB-K003 = Relè apertura Loop HABD JB-K004 = Relè apertura Loop HABD JE-K009 = RIO OTC_FUSE_LOOP JE-K010 = RIO OTC_FUSE LOOP GC-A018 H2B = spia HABD Alarm
E20: Descrizione circuitale | F20: L'informazione di apertura loop HBDA è data dai termofusibili, essa comanda la disalimetazione dei relè JB-K003 e JB-K004, questi tramite i contatti AI-B1 passano l'informazione al TCMS, OTC_FUSE_LOOP. L'accensione della spia HABD-DNRA deriva daii contatti C1-D1 e C3-D3 di JB-K003 e JB-K004, i quali comandano il loop DNRA stesso. L'informazione di apertura è propagata dai contatti di JB-K003 e JB-K004 verso i relè GG-K016 e GG-K017 i quali comandano l'accensione della spia GC-A018. Il filo treno-loop DNRA viene alimentato alla tensione di batteria nella cabina non abilitata attraverso l’interruttore magnetotermico di protezione GG-F004 e i contatti del relè di accoppiamento Rcm SB-K018 e di abilitazione cabina LCA. GC-Q024 e Q026 | J20: L'informazione di apertura loop HABDA è data dai termofusibili, essa comanda la disalimetazione dei relè JB-K003 e JB-K004, questi tramite i contatti A1 - B1 passano l'informazione al TCMS tramite i DI RIO JE-K009 e JE-K010, OTC_FUSE_LOOP. Il TCMS a seguito comanda l'accensione della spia GC-A18 relativa al solo allarme HABD, tramite le uscite JE-K005 e JE-K006, OTC_HABD_ALARM
C21: CONFIG | D21: FRS_Bogies | E21: Link | F21: {=HYPERLINK(CONCATENATE(Cartelle!$D$5,F$1,"/",$C21,"/",MID($D21,1,FIND("_",$D21)-1),"/",INDIRECT(CONCATENATE("'" & $C21 & "'!",ADDRESS(MATCH($D21, INDIRECT("'" & $C21 & "'!$B:$B"), 0),MATCH(F$1, INDIRECT("'" & $C21 & "'!$1:$1"), 0)))),".",INDIRECT(CONCATENATE("'"&$C21&"'!",ADDRESS(MATCH($D21,INDIRECT("'"&$C21&"'!$B:$B"),0),3))),"#page=",F22),CONCATENATE("#Sharepoint//",$D21))} -> #Sharepoint//FRS_Bogies | G21: {=HYPERLINK(CONCATENATE(Cartelle!$D$5,INDEX(INDIRECT("'" & $C21 & "'!$1:$1"), 1, MATCH(INDIRECT(CONCATENATE("'" & $C21 & "'!",ADDRESS(MATCH($D21, INDIRECT("'" & $C21 & "'!$B:$B"), 0),MATCH(G$1, INDIRECT("'" & $C21 & "'!$1:$1"), 0)))),INDIRECT(CONCATENATE("'" & $C21 & "'!",MATCH($D21, INDIRECT("'" & $C21 & "'!$B:$B"), 0),":",MATCH($D21, INDIRECT("'" & $C21 & "'!$B:$B"), 0))),0)),"/",$C21,"/",MID($D21,1,FIND("_",$D21)-1),"/",INDIRECT(CONCATENATE("'" & $C21 & "'!",ADDRESS(MATCH($D21, INDIRECT("'" & $C21 & "'!$B:$B"), 0),MATCH(G$1, INDIRECT("'" & $C21 & "'!$1:$1"), 0)))),".",INDIRECT(CONCATENATE("'"&$C21&"'!",ADDRESS(MATCH($D21,INDIRECT("'"&$C21&"'!$B:$B"),0),3))),"#page=",G22),CONCATENATE("#Sharepoint//",$D21))} -> #Sharepoint//FRS_Bogies | J21: {=HYPERLINK(CONCATENATE(Cartelle!$D$5,INDEX(INDIRECT("'" & $C21 & "'!$1:$1"), 1, MATCH(INDIRECT(CONCATENATE("'" & $C21 & "'!",ADDRESS(MATCH($D21, INDIRECT("'" & $C21 & "'!$B:$B"), 0),MATCH(J$1, INDIRECT("'" & $C21 & "'!$1:$1"), 0)))),INDIRECT(CONCATENATE("'" & $C21 & "'!",MATCH($D21, INDIRECT("'" & $C21 & "'!$B:$B"), 0),":",MATCH($D21, INDIRECT("'" & $C21 & "'!$B:$B"), 0))),0)),"/",$C21,"/",MID($D21,1,FIND("_",$D21)-1),"/",INDIRECT(CONCATENATE("'" & $C21 & "'!",ADDRESS(MATCH($D21, INDIRECT("'" & $C21 & "'!$B:$B"), 0),MATCH(J$1, INDIRECT("'" & $C21 & "'!$1:$1"), 0)))),".",INDIRECT(CONCATENATE("'"&$C21&"'!",ADDRESS(MATCH($D21,INDIRECT("'"&$C21&"'!$B:$B"),0),3))),"#page=",J22),CONCATENATE("#Sharepoint//",$D21))} -> #Sharepoint//FRS_Bogies
E22: Rif. Pagina | F22: 14 | G22: 12 | J22: 1
E23: Requisiti specifici | F23: Europe.CONCEPT.392: in caso di bypass DNRA, limite velocità a 200 km/h Europe.CONCEPT.355: evento di warning se Temp gearbox >= 145 °C | G23: Europe.CONCEPT.392: in caso di bypass DNRA, limite velocità inibito se attivo stato "DNRA - BMS Local Monitoring" Europe.CONCEPT.355: evento di warning se Temp gearbox >= 135 °C Europe.CONCEPT.377: generazione evento di warning o allarme in base a gradiente temperatura Europe.CONCEPT.380: mantenimento in memoria degli allarmi generati dalle letture PT100 Europe.CONCEPT.381: introduzione dell'evento di reset allarme tramite softkey Europe.CONCEPT.378: in caso di allarme temp riduttore, il TCMS applica un blocco alla trazione se la di vel è > 80 km/h, che si ripristina quando la vel scende < 80 km/h con manipolatore T/F in coasting Europe.CONCEPT.383: il limite di vel si disattiva quando il PDC resetta l'allarme di temp, anche se la condizione di allarme è ancora presente Europe.CONCEPT.384: la limitazione di vel si riattiva in caso l'allarme, precedentemente resettato, si ripresenti | J23: TBD
C24: CONFIG | D24: FPD_xx | E24: Link | F24: {=HYPERLINK(CONCATENATE(Cartelle!$D$5,F$1,"/",$C24,"/",MID($D24,1,FIND("_",$D24)-1),"/",INDIRECT(CONCATENATE("'" & $C24 & "'!",ADDRESS(MATCH($D24, INDIRECT("'" & $C24 & "'!$B:$B"), 0),MATCH(F$1, INDIRECT("'" & $C24 & "'!$1:$1"), 0)))),".pdf#page=",F25),CONCATENATE("#Sharepoint//",$D24))} -> #N/A | J24: {=HYPERLINK(CONCATENATE(Cartelle!$D$5,J$1,"/CONFIG/",MID($D24,1,FIND("_",$D24)-1),"/",INDIRECT(CONCATENATE("'CONFIG'!",ADDRESS(MATCH($D24, CONFIG!$B:$B, 0),MATCH(J$1, CONFIG!$1:$1, 0)))),".pdf#page=",J25),CONCATENATE("#Sharepoint//",$D24))} -> #N/A
E25: Rif. Pagina | F25: 1 | J25: 1
A26: Func_XXX | B26: xxxxx | C26: HW + SW | D26: \
C27: CONFIG | D27: FS_DM1 | E27: Link | F27: {=HYPERLINK(CONCATENATE(Cartelle!$D$5,F$1,"/",$C27,"/",MID($D27,1,FIND("_",$D27)-1),"/",INDIRECT(CONCATENATE("'" & $C27 & "'!",ADDRESS(MATCH($D27, INDIRECT("'" & $C27 & "'!$B:$B"), 0),MATCH(F$1, INDIRECT("'" & $C27 & "'!$1:$1"), 0)))),".",INDIRECT(CONCATENATE("'"&$C27&"'!",ADDRESS(MATCH($D27,INDIRECT("'"&$C27&"'!$B:$B"),0),3))),"#page=",F28),CONCATENATE("#Sharepoint//",$D27))} -> #Sharepoint//FS_DM1 | J27: {=HYPERLINK(CONCATENATE(Cartelle!$D$5,INDEX(INDIRECT("'" & $C27 & "'!$1:$1"), 1, MATCH(INDIRECT(CONCATENATE("'" & $C27 & "'!",ADDRESS(MATCH($D27, INDIRECT("'" & $C27 & "'!$B:$B"), 0),MATCH(J$1, INDIRECT("'" & $C27 & "'!$1:$1"), 0)))),INDIRECT(CONCATENATE("'" & $C27 & "'!",MATCH($D27, INDIRECT("'" & $C27 & "'!$B:$B"), 0),":",MATCH($D27, INDIRECT("'" & $C27 & "'!$B:$B"), 0))),0)),"/",$C27,"/",MID($D27,1,FIND("_",$D27)-1),"/",INDIRECT(CONCATENATE("'" & $C27 & "'!",ADDRESS(MATCH($D27, INDIRECT("'" & $C27 & "'!$B:$B"), 0),MATCH(J$1, INDIRECT("'" & $C27 & "'!$1:$1"), 0)))),".",INDIRECT(CONCATENATE("'"&$C27&"'!",ADDRESS(MATCH($D27,INDIRECT("'"&$C27&"'!$B:$B"),0),3))),"#page=",J28),CONCATENATE("#Sharepoint//",$D27))} -> #Sharepoint//FS_DM1
B28: {=INDIRECT("'" & $C33 & "'!B5")} -> PBS_01A | E28: Rif. Pagina | F28: 1 | J28: 1
C29: CONFIG | D29: FRS_xx | E29: Link | F29: {=HYPERLINK(CONCATENATE(Cartelle!$D$5,F$1,"/CONFIG/",MID($D29,1,FIND("_",$D29)-1),"/",INDIRECT(CONCATENATE("'CONFIG'!",ADDRESS(MATCH($D29, CONFIG!$B:$B, 0),MATCH(F$1, CONFIG!$1:$1, 0)))),".pdf#page=",F30),CONCATENATE("#Sharepoint//",$D29))} -> #N/A | J29: {=HYPERLINK(CONCATENATE(Cartelle!$D$5,J$1,"/CONFIG/",MID($D29,1,FIND("_",$D29)-1),"/",INDIRECT(CONCATENATE("'CONFIG'!",ADDRESS(MATCH($D29, CONFIG!$B:$B, 0),MATCH(J$1, CONFIG!$1:$1, 0)))),".pdf#page=",J30),CONCATENATE("#Sharepoint//",$D29))} -> #N/A
E30: Rif. Pagina | F30: 1 | J30: 1
C31: CONFIG | D31: FPD_xx | E31: Link | F31: {=HYPERLINK(CONCATENATE(Cartelle!$D$5,F$1,"/CONFIG/",MID($D31,1,FIND("_",$D31)-1),"/",INDIRECT(CONCATENATE("'CONFIG'!",ADDRESS(MATCH($D31, CONFIG!$B:$B, 0),MATCH(F$1, CONFIG!$1:$1, 0)))),".pdf#page=",F32),CONCATENATE("#Sharepoint//",$D31))} -> #N/A | J31: {=HYPERLINK(CONCATENATE(Cartelle!$D$5,J$1,"/CONFIG/",MID($D31,1,FIND("_",$D31)-1),"/",INDIRECT(CONCATENATE("'CONFIG'!",ADDRESS(MATCH($D31, CONFIG!$B:$B, 0),MATCH(J$1, CONFIG!$1:$1, 0)))),".pdf#page=",J32),CONCATENATE("#Sharepoint//",$D31))} -> #N/A
E32: Rif. Pagina | F32: 1 | J32: 1
C33: MAN_CPR | D33: PBC_01A | E33: Link | F33: {=HYPERLINK(CONCATENATE(Cartelle!$D$5,F$1,"/",$C33,"/",MID($D33,1,FIND("_",$D33)-1),"/",INDIRECT(CONCATENATE("'" & $C33 & "'!",ADDRESS(MATCH($D33, INDIRECT("'" & $C33 & "'!$B:$B"), 0),MATCH(F$1, INDIRECT("'" & $C33 & "'!$1:$1"), 0)))),".",INDIRECT(CONCATENATE("'"&$C33&"'!",ADDRESS(MATCH($D33,INDIRECT("'"&$C33&"'!$B:$B"),0),3))),"#page=",F34),CONCATENATE("#Sharepoint//",$D33))} -> #Sharepoint//PBC_01A | G33: {=HYPERLINK(CONCATENATE(Cartelle!$D$5,INDEX(INDIRECT("'" & $C33 & "'!$1:$1"), 1, MATCH(INDIRECT(CONCATENATE("'" & $C33 & "'!",ADDRESS(MATCH($D33, INDIRECT("'" & $C33 & "'!$B:$B"), 0),MATCH(G$1, INDIRECT("'" & $C33 & "'!$1:$1"), 0)))),INDIRECT(CONCATENATE("'" & $C33 & "'!",MATCH($D33, INDIRECT("'" & $C33 & "'!$B:$B"), 0),":",MATCH($D33, INDIRECT("'" & $C33 & "'!$B:$B"), 0))),0)),"/",$C33,"/",MID($D33,1,FIND("_",$D33)-1),"/",INDIRECT(CONCATENATE("'" & $C33 & "'!",ADDRESS(MATCH($D33, INDIRECT("'" & $C33 & "'!$B:$B"), 0),MATCH(G$1, INDIRECT("'" & $C33 & "'!$1:$1"), 0)))),".",INDIRECT(CONCATENATE("'"&$C33&"'!",ADDRESS(MATCH($D33,INDIRECT("'"&$C33&"'!$B:$B"),0),3))),"#page=",G34),CONCATENATE("#Sharepoint//",$D33))} -> #Sharepoint//PBC_01A
E34: Rif. Pagina | F34: 1 | G34: 1
E35: Descrizione
C36: DIAGNOSTIC | D36: DIA_Regole | E36: Link | F36: {=HYPERLINK(CONCATENATE(Cartelle!$D$5,F$1,"/",$C36,"/",MID($D36,1,FIND("_",$D36)-1),"/",INDIRECT(CONCATENATE("'" & $C36 & "'!",ADDRESS(MATCH($D36, INDIRECT("'" & $C36 & "'!$B:$B"), 0),MATCH(F$1, INDIRECT("'" & $C36 & "'!$1:$1"), 0)))),".",INDIRECT(CONCATENATE("'"&$C36&"'!",ADDRESS(MATCH($D36,INDIRECT("'"&$C36&"'!$B:$B"),0),3))),"#page=",F37),CONCATENATE("#Sharepoint//",$D36))} -> #Sharepoint//DIA_Regole
E37: Pagina | F37: 1
B38: TBD Sottocartelle GENERAL sulla base del prefisso | C38: GENERAL | D38: FD_TCMS | E38: Link | F38: {=HYPERLINK(CONCATENATE(Cartelle!$D$5,F$1,"/",$C38,"/",MID($D38,1,FIND("_",$D38)-1),"/",INDIRECT(CONCATENATE("'" & $C38 & "'!",ADDRESS(MATCH($D38, INDIRECT("'" & $C38 & "'!$B:$B"), 0),MATCH(F$1, INDIRECT("'" & $C38 & "'!$1:$1"), 0)))),".",INDIRECT(CONCATENATE("'"&$C38&"'!",ADDRESS(MATCH($D38,INDIRECT("'"&$C38&"'!$B:$B"),0),3))),"#page=",F39),CONCATENATE("#Sharepoint//",$D38))} -> #Sharepoint//FD_TCMS
E39: Pagina | F39: 1
A40: LV_Country_code_selection | B40: Selezione su IDU del paese corrente, per informare la PCU sui pantografi selezionabili | D40: \
C41: CONFIG | D41: FRS_Line Voltage | E41: Link | F41: {=HYPERLINK(CONCATENATE(Cartelle!$D$5,F$1,"/",$C41,"/",MID($D41,1,FIND("_",$D41)-1),"/",INDIRECT(CONCATENATE("'" & $C41 & "'!",ADDRESS(MATCH($D41, INDIRECT("'" & $C41 & "'!$B:$B"), 0),MATCH(F$1, INDIRECT("'" & $C41 & "'!$1:$1"), 0)))),".",INDIRECT(CONCATENATE("'"&$C41&"'!",ADDRESS(MATCH($D41,INDIRECT("'"&$C41&"'!$B:$B"),0),3))),"#page=",F42),CONCATENATE("#Sharepoint//",$D41))} -> #Sharepoint//FRS_Line Voltage | H41: {=HYPERLINK(CONCATENATE(Cartelle!$D$5,INDEX(INDIRECT("'" & $C41 & "'!$1:$1"), 1, MATCH(INDIRECT(CONCATENATE("'" & $C41 & "'!",ADDRESS(MATCH($D41, INDIRECT("'" & $C41 & "'!$B:$B"), 0),MATCH(H$1, INDIRECT("'" & $C41 & "'!$1:$1"), 0)))),INDIRECT(CONCATENATE("'" & $C41 & "'!",MATCH($D41, INDIRECT("'" & $C41 & "'!$B:$B"), 0),":",MATCH($D41, INDIRECT("'" & $C41 & "'!$B:$B"), 0))),0)),"/",$C41,"/",MID($D41,1,FIND("_",$D41)-1),"/",INDIRECT(CONCATENATE("'" & $C41 & "'!",ADDRESS(MATCH($D41, INDIRECT("'" & $C41 & "'!$B:$B"), 0),MATCH(H$1, INDIRECT("'" & $C41 & "'!$1:$1"), 0)))),".",INDIRECT(CONCATENATE("'"&$C41&"'!",ADDRESS(MATCH($D41,INDIRECT("'"&$C41&"'!$B:$B"),0),3))),"#page=",H42),CONCATENATE("#Sharepoint//",$D41))} -> #Sharepoint//FRS_Line Voltage | I41: {=HYPERLINK(CONCATENATE(Cartelle!$D$5,INDEX(INDIRECT("'" & $C41 & "'!$1:$1"), 1, MATCH(INDIRECT(CONCATENATE("'" & $C41 & "'!",ADDRESS(MATCH($D41, INDIRECT("'" & $C41 & "'!$B:$B"), 0),MATCH(I$1, INDIRECT("'" & $C41 & "'!$1:$1"), 0)))),INDIRECT(CONCATENATE("'" & $C41 & "'!",MATCH($D41, INDIRECT("'" & $C41 & "'!$B:$B"), 0),":",MATCH($D41, INDIRECT("'" & $C41 & "'!$B:$B"), 0))),0)),"/",$C41,"/",MID($D41,1,FIND("_",$D41)-1),"/",INDIRECT(CONCATENATE("'" & $C41 & "'!",ADDRESS(MATCH($D41, INDIRECT("'" & $C41 & "'!$B:$B"), 0),MATCH(I$1, INDIRECT("'" & $C41 & "'!$1:$1"), 0)))),".",INDIRECT(CONCATENATE("'"&$C41&"'!",ADDRESS(MATCH($D41,INDIRECT("'"&$C41&"'!$B:$B"),0),3))),"#page=",I42),CONCATENATE("#Sharepoint//",$D41))} -> #Sharepoint//FRS_Line Voltage | J41: {=HYPERLINK(CONCATENATE(Cartelle!$D$5,INDEX(INDIRECT("'" & $C41 & "'!$1:$1"), 1, MATCH(INDIRECT(CONCATENATE("'" & $C41 & "'!",ADDRESS(MATCH($D41, INDIRECT("'" & $C41 & "'!$B:$B"), 0),MATCH(J$1, INDIRECT("'" & $C41 & "'!$1:$1"), 0)))),INDIRECT(CONCATENATE("'" & $C41 & "'!",MATCH($D41, INDIRECT("'" & $C41 & "'!$B:$B"), 0),":",MATCH($D41, INDIRECT("'" & $C41 & "'!$B:$B"), 0))),0)),"/",$C41,"/",MID($D41,1,FIND("_",$D41)-1),"/",INDIRECT(CONCATENATE("'" & $C41 & "'!",ADDRESS(MATCH($D41, INDIRECT("'" & $C41 & "'!$B:$B"), 0),MATCH(J$1, INDIRECT("'" & $C41 & "'!$1:$1"), 0)))),".",INDIRECT(CONCATENATE("'"&$C41&"'!",ADDRESS(MATCH($D41,INDIRECT("'"&$C41&"'!$B:$B"),0),3))),"#page=",J42),CONCATENATE("#Sharepoint//",$D41))} -> #Sharepoint//FRS_Line Voltage
E42: Rif. Pagina | F42: 7 | H42: 7 | I42: 7 | J42: 12
E43: Funzioni AI | F43: La funzione ferroviaria LV_Country_code_selection è una selezione su IDU del paese corrente per informare la PCU sui pantografi selezionabili. È coinvolta nella gestione della configurazione elettrica del treno, in particolare per la scelta del paese di operazione che influenza la selezione dei pantografi adatti alle condizioni elettriche locali. La funzione è attivata quando il driver seleziona un codice di paese sul IDU e conferma l'operatività della propulsion system, che invia una notifica al PCU. In caso di fallimento, la funzione supervisiona l'errore e richiede azione del sistema/driver per risolverlo. Analisi — Funzione equivalente tra le seguenti configurazioni: VZI_Base, VZ_FR, VZ_ES, VZI-6_R1. | H43: La funzione ferroviaria "LV_Country_code_selection" seleziona il paese corrente tramite l'IDU (Interface Device Unit) per informare la PCU (Power Control Unit) sui pantografi selezionabili, utilizzando un elenco di 8 codici nazionali. La funzione è attivata quando il driver conferma la selezione del paese corrente tramite l'IDU e invia il codice selezionato alle PCU's in tutta la composizione. Analisi — Funzione equivalente tra le seguenti configurazioni: VZI_Base, VZ_FR, VZ_ES, VZI-6_R1. | I43: La funzione ferroviaria "LV_Country_code_selection" seleziona il paese corrente tramite l'IDU per informare la PCU sui pantografi selezionabili. Coinvolti sono componenti elettrici/meccanici/software come IDU, PCU e sistema di controllo del treno. La funzione è attivata quando il paese corrente viene selezionato dall'IDU, inviando il codice di paese alla PCU per determinare la configurazione dei pantografi. In caso di fallimento, il sistema deve essere in grado di rilevare l'errore e adottare misure di sicurezza. Analisi — Funzione equivalente tra le seguenti configurazioni: VZI_Base, VZ_FR, VZ_ES, VZI-6_R1. | J43: La funzione ferroviaria LV_Country_code_selection è una selezione su IDU del paese corrente per informare la PCU sui pantografi selezionabili. È coinvolta nella gestione dei componenti elettrici/meccanici/software come il sistema di controllo della tensione (VZI-6) e il sistema di gestione delle operazioni del treno (TCMS). La funzione è attivata quando si seleziona un paese non italiano, in cui caso viene visualizzato un messaggio di avviso al conducente. La funzione è progettata per garantire la sicurezza e l'efficienza durante le operazioni del treno, con una logica di funzionamento che prevede la verifica della disponibilità dei pantografi per ogni paese selezionato. Analisi — Funzione equivalente tra le seguenti configurazioni: VZI_Base, VZ_FR, VZ_ES, VZI-6_R1.
A44: LV_Pantograph_Lifting | B44: Comando di alzamento pantografo 1 o 2 sulla base di tensione di linea (switch) e paese (IDU) selezionati | D44: \
C45: CONFIG | D45: FRS_Line Voltage | E45: Link | F45: {=HYPERLINK(CONCATENATE(Cartelle!$D$5,F$1,"/",$C45,"/",MID($D45,1,FIND("_",$D45)-1),"/",INDIRECT(CONCATENATE("'" & $C45 & "'!",ADDRESS(MATCH($D45, INDIRECT("'" & $C45 & "'!$B:$B"), 0),MATCH(F$1, INDIRECT("'" & $C45 & "'!$1:$1"), 0)))),".",INDIRECT(CONCATENATE("'"&$C45&"'!",ADDRESS(MATCH($D45,INDIRECT("'"&$C45&"'!$B:$B"),0),3))),"#page=",F46),CONCATENATE("#Sharepoint//",$D45))} -> #Sharepoint//FRS_Line Voltage | H45: {=HYPERLINK(CONCATENATE(Cartelle!$D$5,INDEX(INDIRECT("'" & $C45 & "'!$1:$1"), 1, MATCH(INDIRECT(CONCATENATE("'" & $C45 & "'!",ADDRESS(MATCH($D45, INDIRECT("'" & $C45 & "'!$B:$B"), 0),MATCH(H$1, INDIRECT("'" & $C45 & "'!$1:$1"), 0)))),INDIRECT(CONCATENATE("'" & $C45 & "'!",MATCH($D45, INDIRECT("'" & $C45 & "'!$B:$B"), 0),":",MATCH($D45, INDIRECT("'" & $C45 & "'!$B:$B"), 0))),0)),"/",$C45,"/",MID($D45,1,FIND("_",$D45)-1),"/",INDIRECT(CONCATENATE("'" & $C45 & "'!",ADDRESS(MATCH($D45, INDIRECT("'" & $C45 & "'!$B:$B"), 0),MATCH(H$1, INDIRECT("'" & $C45 & "'!$1:$1"), 0)))),".",INDIRECT(CONCATENATE("'"&$C45&"'!",ADDRESS(MATCH($D45,INDIRECT("'"&$C45&"'!$B:$B"),0),3))),"#page=",H46),CONCATENATE("#Sharepoint//",$D45))} -> #Sharepoint//FRS_Line Voltage | I45: {=HYPERLINK(CONCATENATE(Cartelle!$D$5,INDEX(INDIRECT("'" & $C45 & "'!$1:$1"), 1, MATCH(INDIRECT(CONCATENATE("'" & $C45 & "'!",ADDRESS(MATCH($D45, INDIRECT("'" & $C45 & "'!$B:$B"), 0),MATCH(I$1, INDIRECT("'" & $C45 & "'!$1:$1"), 0)))),INDIRECT(CONCATENATE("'" & $C45 & "'!",MATCH($D45, INDIRECT("'" & $C45 & "'!$B:$B"), 0),":",MATCH($D45, INDIRECT("'" & $C45 & "'!$B:$B"), 0))),0)),"/",$C45,"/",MID($D45,1,FIND("_",$D45)-1),"/",INDIRECT(CONCATENATE("'" & $C45 & "'!",ADDRESS(MATCH($D45, INDIRECT("'" & $C45 & "'!$B:$B"), 0),MATCH(I$1, INDIRECT("'" & $C45 & "'!$1:$1"), 0)))),".",INDIRECT(CONCATENATE("'"&$C45&"'!",ADDRESS(MATCH($D45,INDIRECT("'"&$C45&"'!$B:$B"),0),3))),"#page=",I46),CONCATENATE("#Sharepoint//",$D45))} -> #Sharepoint//FRS_Line Voltage | J45: {=HYPERLINK(CONCATENATE(Cartelle!$D$5,INDEX(INDIRECT("'" & $C45 & "'!$1:$1"), 1, MATCH(INDIRECT(CONCATENATE("'" & $C45 & "'!",ADDRESS(MATCH($D45, INDIRECT("'" & $C45 & "'!$B:$B"), 0),MATCH(J$1, INDIRECT("'" & $C45 & "'!$1:$1"), 0)))),INDIRECT(CONCATENATE("'" & $C45 & "'!",MATCH($D45, INDIRECT("'" & $C45 & "'!$B:$B"), 0),":",MATCH($D45, INDIRECT("'" & $C45 & "'!$B:$B"), 0))),0)),"/",$C45,"/",MID($D45,1,FIND("_",$D45)-1),"/",INDIRECT(CONCATENATE("'" & $C45 & "'!",ADDRESS(MATCH($D45, INDIRECT("'" & $C45 & "'!$B:$B"), 0),MATCH(J$1, INDIRECT("'" & $C45 & "'!$1:$1"), 0)))),".",INDIRECT(CONCATENATE("'"&$C45&"'!",ADDRESS(MATCH($D45,INDIRECT("'"&$C45&"'!$B:$B"),0),3))),"#page=",J46),CONCATENATE("#Sharepoint//",$D45))} -> #Sharepoint//FRS_Line Voltage
E46: Rif. Pagina | F46: 8 | H46: 8 | I46: 8 | J46: 13
E47: Funzioni AI | F47: La funzione ferroviaria LV_Pantograph_Lifting è un comando che controlla l'alzamento dei pantografi 1 e/o 2 in base alla tensione di linea (switch) e al paese (IDU) selezionati. I componenti principali coinvolti sono il sistema di controllo del pantografo, la console del conducente e il sistema di comunicazione TCMS-PCU. La funzione è attivata quando il conducente seleziona una linea di tensione e un paese corretti, e viene disattivata in caso di errori o fallimenti. In caso di fallimento del pantografo, il sistema invia segnali di allarme e blocca l'eventuale movimento. Analisi — Funzione equivalente tra le seguenti configurazioni: VZI_Base, VZ_FR, VZ_ES, VZI-6_R1. | H47: La funzione ferroviaria LV_Pantograph_Lifting è un comando che regola l'alzamento del pantografo 1 o 2 in base alla tensione di linea e al paese selezionati. I componenti principali coinvolti sono il sistema di controllo del pantografo, la console del conducente (PCU) e il sistema di gestione della tensione di linea (TCMS). La funzione viene attivata quando il conducente seleziona una line voltage system e un paese corretto, e viene disattivata in caso di errori o fallimenti. In caso di fallimento del pantografo, il sistema invia segnali di allarme e blocca l'eventuale alzamento automatico. Analisi — Funzione equivalente tra le seguenti configurazioni: VZI_Base, VZ_FR, VZ_ES, VZI-6_R1. | I47: La funzione ferroviaria LV_Pantograph_Lifting è un comando che controlla l'alzamento del pantografo 1 o 2 in base alla tensione di linea e al paese selezionati. I componenti principali coinvolti sono il sistema di controllo del pantografo, il sistema di gestione della tensione di linea, il sistema di identificazione del paese e il sistema di comunicazione tra il Control Center e la Unità di Comando (PCU). La funzione è attivata quando il driver seleziona una line voltage system e un paese, e viene disattivata se non si verifica l'alzamento del pantografo entro 35 secondi. In caso di fallimento, il sistema invia segnali di allarme e blocca il pantografo. Analisi — Funzione equivalente tra le seguenti configurazioni: VZI_Base, VZ_FR, VZ_ES, VZI-6_R1. | J47: La funzione ferroviaria LV_Pantograph_Lifting è un comando che controlla l'alzamento del pantografo 1 o 2 sulla base di tensione di linea e paese selezionati. I componenti principali coinvolti sono il sistema di controllo del pantografo, la stazione di controllo (PCU) e il software TCMS. La funzione viene attivata quando il driver seleziona una line voltage system e attiva l'alzamento del pantografo 1 o 2, in base al paese di operazione selezionato. In caso di emergenza, la funzione utilizza il paese più recentemente selezionato e comunicato alla PCU. La logica di funzionamento prevede la validazione del paese selezionato per evitare l'utilizzo di codici non disponibili. Analisi — Funzione equivalente tra le seguenti configurazioni: VZI_Base, VZ_FR, VZ_ES, VZI-6_R1.
A48: LV_Pantograph_Lowering | B48: Comando di abbassamento pantografo manuale/automatico | D48: \
C49: CONFIG | D49: FRS_Line Voltage | E49: Link | F49: {=HYPERLINK(CONCATENATE(Cartelle!$D$5,F$1,"/",$C49,"/",MID($D49,1,FIND("_",$D49)-1),"/",INDIRECT(CONCATENATE("'" & $C49 & "'!",ADDRESS(MATCH($D49, INDIRECT("'" & $C49 & "'!$B:$B"), 0),MATCH(F$1, INDIRECT("'" & $C49 & "'!$1:$1"), 0)))),".",INDIRECT(CONCATENATE("'"&$C49&"'!",ADDRESS(MATCH($D49,INDIRECT("'"&$C49&"'!$B:$B"),0),3))),"#page=",F50),CONCATENATE("#Sharepoint//",$D49))} -> #Sharepoint//FRS_Line Voltage | H49: {=HYPERLINK(CONCATENATE(Cartelle!$D$5,INDEX(INDIRECT("'" & $C49 & "'!$1:$1"), 1, MATCH(INDIRECT(CONCATENATE("'" & $C49 & "'!",ADDRESS(MATCH($D49, INDIRECT("'" & $C49 & "'!$B:$B"), 0),MATCH(H$1, INDIRECT("'" & $C49 & "'!$1:$1"), 0)))),INDIRECT(CONCATENATE("'" & $C49 & "'!",MATCH($D49, INDIRECT("'" & $C49 & "'!$B:$B"), 0),":",MATCH($D49, INDIRECT("'" & $C49 & "'!$B:$B"), 0))),0)),"/",$C49,"/",MID($D49,1,FIND("_",$D49)-1),"/",INDIRECT(CONCATENATE("'" & $C49 & "'!",ADDRESS(MATCH($D49, INDIRECT("'" & $C49 & "'!$B:$B"), 0),MATCH(H$1, INDIRECT("'" & $C49 & "'!$1:$1"), 0)))),".",INDIRECT(CONCATENATE("'"&$C49&"'!",ADDRESS(MATCH($D49,INDIRECT("'"&$C49&"'!$B:$B"),0),3))),"#page=",H50),CONCATENATE("#Sharepoint//",$D49))} -> #Sharepoint//FRS_Line Voltage | I49: {=HYPERLINK(CONCATENATE(Cartelle!$D$5,INDEX(INDIRECT("'" & $C49 & "'!$1:$1"), 1, MATCH(INDIRECT(CONCATENATE("'" & $C49 & "'!",ADDRESS(MATCH($D49, INDIRECT("'" & $C49 & "'!$B:$B"), 0),MATCH(I$1, INDIRECT("'" & $C49 & "'!$1:$1"), 0)))),INDIRECT(CONCATENATE("'" & $C49 & "'!",MATCH($D49, INDIRECT("'" & $C49 & "'!$B:$B"), 0),":",MATCH($D49, INDIRECT("'" & $C49 & "'!$B:$B"), 0))),0)),"/",$C49,"/",MID($D49,1,FIND("_",$D49)-1),"/",INDIRECT(CONCATENATE("'" & $C49 & "'!",ADDRESS(MATCH($D49, INDIRECT("'" & $C49 & "'!$B:$B"), 0),MATCH(I$1, INDIRECT("'" & $C49 & "'!$1:$1"), 0)))),".",INDIRECT(CONCATENATE("'"&$C49&"'!",ADDRESS(MATCH($D49,INDIRECT("'"&$C49&"'!$B:$B"),0),3))),"#page=",I50),CONCATENATE("#Sharepoint//",$D49))} -> #Sharepoint//FRS_Line Voltage | J49: {=HYPERLINK(CONCATENATE(Cartelle!$D$5,INDEX(INDIRECT("'" & $C49 & "'!$1:$1"), 1, MATCH(INDIRECT(CONCATENATE("'" & $C49 & "'!",ADDRESS(MATCH($D49, INDIRECT("'" & $C49 & "'!$B:$B"), 0),MATCH(J$1, INDIRECT("'" & $C49 & "'!$1:$1"), 0)))),INDIRECT(CONCATENATE("'" & $C49 & "'!",MATCH($D49, INDIRECT("'" & $C49 & "'!$B:$B"), 0),":",MATCH($D49, INDIRECT("'" & $C49 & "'!$B:$B"), 0))),0)),"/",$C49,"/",MID($D49,1,FIND("_",$D49)-1),"/",INDIRECT(CONCATENATE("'" & $C49 & "'!",ADDRESS(MATCH($D49, INDIRECT("'" & $C49 & "'!$B:$B"), 0),MATCH(J$1, INDIRECT("'" & $C49 & "'!$1:$1"), 0)))),".",INDIRECT(CONCATENATE("'"&$C49&"'!",ADDRESS(MATCH($D49,INDIRECT("'"&$C49&"'!$B:$B"),0),3))),"#page=",J50),CONCATENATE("#Sharepoint//",$D49))} -> #Sharepoint//FRS_Line Voltage
E50: Rif. Pagina | F50: 14 | H50: 16 | I50: 14 | J50: 19
E51: Funzioni AI | F51: La funzione ferroviaria LV_Pantograph_Lowering (Comando di abbassamento pantografo) è finalizzata a regolare il movimento del pantografo in base alla deattivazione della linea elettrica. La funzione coinvolge componenti elettrici/meccanici/software come il sistema di controllo, i circuit breaker e il pantografo stesso. La logica di funzionamento attiva la disattivazione del pantografo in caso di deattivazione della linea elettrica, ma solo se tutti i circuit breaker sono aperti, tranne che in casi di emergenza. La funzione è progettata per garantire un alto livello di sicurezza con una ridondanza dei componenti elettrici/meccanici/software. Analisi — Funzione equivalente tra le seguenti configurazioni: VZI_Base, VZ_FR, VZ_ES, VZI-6_R1. | H51: La funzione ferroviaria LV_Pantograph_Lowering (Comando di abbassamento pantografo) è una funzione di controllo che regola l'abbassamento del pantografo in base alle condizioni di attivazione/disattivazione della linea elettrica. La funzione è caratterizzata dalla presenza di componenti elettrici/meccanici/software come il sistema di controllo, il pantografo e i circuit breaker. La logica di funzionamento prevede l'abbassamento del pantografo in caso di deattivazione della linea elettrica, con la possibilità di attivazione manuale tramite pulsante d'emergenza o automatica a causa di errori nel sistema. La funzione è progettata per garantire una sicurezza elevata, con ridondanze e requisiti di sicurezza come il blocco del pantografo in caso di fallimento e la necessità di aprire tutti i circuit breaker prima dell'abbassamento. Analisi — Funzione equivalente tra le seguenti configurazioni: VZI_Base, VZ_FR, VZ_ES, VZI-6_R1. | I51: La funzione ferroviaria LV_Pantograph_Lowering (Comando di abbassamento pantografo) è un comando manuale/automatico che attiva l'abbassamento del pantografo in caso di deattivazione della linea elettrica o di emergenza. I componenti principali coinvolti sono il sistema di controllo del pantografo, i circuiti di isolamento e le linee di comunicazione. La funzione viene attivata quando si verifica una delle seguenti condizioni: deattivazione della linea elettrica, pressione dell'Emergency push button o deattivazione del sistema di controllo. In caso di fallimento del pantografo, la funzione viene bloccata per garantire la sicurezza. Analisi — Funzione equivalente tra le seguenti configurazioni: VZI_Base, VZ_FR, VZ_ES, VZI-6_R1. | J51: La funzione ferroviaria LV_Pantograph_Lowering è un comando di abbassamento del pantografo manuale/automatico utilizzato per il riscaldamento della linea elettrica durante le operazioni in condizioni climatiche fredde. I componenti principali coinvolti sono i pantografi elettrici, il sistema di controllo e la console di guida del treno. La funzione viene attivata quando l'ambiente esterno è inferiore a 3°C e il treno si muove a velocità superiore a 3 km/h su linee elettrificate a tensioni di 1,5 kV o 3 kV. In questo caso, un messaggio di allarme viene inviato al conducente dopo una pausa di 10 secondi, che viene poi disattivato quando si attiva il modo di riscaldamento o quando l'ambiente esterno raggiunge una temperatura superiore a 5°C per più di 10 secondi. Analisi — Funzione equivalente tra le seguenti configurazioni: VZI_Base, VZ_FR, VZ_ES, VZI-6_R1.
A52: LV_Automatic_Dropping_Device_(ADD) | B52: Dispositivo di abbassamento automatico del pantografo in caso di guasto | D52: \
C53: CONFIG | D53: FRS_Line Voltage | E53: Link | F53: {=HYPERLINK(CONCATENATE(Cartelle!$D$5,F$1,"/",$C53,"/",MID($D53,1,FIND("_",$D53)-1),"/",INDIRECT(CONCATENATE("'" & $C53 & "'!",ADDRESS(MATCH($D53, INDIRECT("'" & $C53 & "'!$B:$B"), 0),MATCH(F$1, INDIRECT("'" & $C53 & "'!$1:$1"), 0)))),".",INDIRECT(CONCATENATE("'"&$C53&"'!",ADDRESS(MATCH($D53,INDIRECT("'"&$C53&"'!$B:$B"),0),3))),"#page=",F54),CONCATENATE("#Sharepoint//",$D53))} -> #Sharepoint//FRS_Line Voltage | H53: {=HYPERLINK(CONCATENATE(Cartelle!$D$5,INDEX(INDIRECT("'" & $C53 & "'!$1:$1"), 1, MATCH(INDIRECT(CONCATENATE("'" & $C53 & "'!",ADDRESS(MATCH($D53, INDIRECT("'" & $C53 & "'!$B:$B"), 0),MATCH(H$1, INDIRECT("'" & $C53 & "'!$1:$1"), 0)))),INDIRECT(CONCATENATE("'" & $C53 & "'!",MATCH($D53, INDIRECT("'" & $C53 & "'!$B:$B"), 0),":",MATCH($D53, INDIRECT("'" & $C53 & "'!$B:$B"), 0))),0)),"/",$C53,"/",MID($D53,1,FIND("_",$D53)-1),"/",INDIRECT(CONCATENATE("'" & $C53 & "'!",ADDRESS(MATCH($D53, INDIRECT("'" & $C53 & "'!$B:$B"), 0),MATCH(H$1, INDIRECT("'" & $C53 & "'!$1:$1"), 0)))),".",INDIRECT(CONCATENATE("'"&$C53&"'!",ADDRESS(MATCH($D53,INDIRECT("'"&$C53&"'!$B:$B"),0),3))),"#page=",H54),CONCATENATE("#Sharepoint//",$D53))} -> #Sharepoint//FRS_Line Voltage | I53: {=HYPERLINK(CONCATENATE(Cartelle!$D$5,INDEX(INDIRECT("'" & $C53 & "'!$1:$1"), 1, MATCH(INDIRECT(CONCATENATE("'" & $C53 & "'!",ADDRESS(MATCH($D53, INDIRECT("'" & $C53 & "'!$B:$B"), 0),MATCH(I$1, INDIRECT("'" & $C53 & "'!$1:$1"), 0)))),INDIRECT(CONCATENATE("'" & $C53 & "'!",MATCH($D53, INDIRECT("'" & $C53 & "'!$B:$B"), 0),":",MATCH($D53, INDIRECT("'" & $C53 & "'!$B:$B"), 0))),0)),"/",$C53,"/",MID($D53,1,FIND("_",$D53)-1),"/",INDIRECT(CONCATENATE("'" & $C53 & "'!",ADDRESS(MATCH($D53, INDIRECT("'" & $C53 & "'!$B:$B"), 0),MATCH(I$1, INDIRECT("'" & $C53 & "'!$1:$1"), 0)))),".",INDIRECT(CONCATENATE("'"&$C53&"'!",ADDRESS(MATCH($D53,INDIRECT("'"&$C53&"'!$B:$B"),0),3))),"#page=",I54),CONCATENATE("#Sharepoint//",$D53))} -> #Sharepoint//FRS_Line Voltage | J53: {=HYPERLINK(CONCATENATE(Cartelle!$D$5,INDEX(INDIRECT("'" & $C53 & "'!$1:$1"), 1, MATCH(INDIRECT(CONCATENATE("'" & $C53 & "'!",ADDRESS(MATCH($D53, INDIRECT("'" & $C53 & "'!$B:$B"), 0),MATCH(J$1, INDIRECT("'" & $C53 & "'!$1:$1"), 0)))),INDIRECT(CONCATENATE("'" & $C53 & "'!",MATCH($D53, INDIRECT("'" & $C53 & "'!$B:$B"), 0),":",MATCH($D53, INDIRECT("'" & $C53 & "'!$B:$B"), 0))),0)),"/",$C53,"/",MID($D53,1,FIND("_",$D53)-1),"/",INDIRECT(CONCATENATE("'" & $C53 & "'!",ADDRESS(MATCH($D53, INDIRECT("'" & $C53 & "'!$B:$B"), 0),MATCH(J$1, INDIRECT("'" & $C53 & "'!$1:$1"), 0)))),".",INDIRECT(CONCATENATE("'"&$C53&"'!",ADDRESS(MATCH($D53,INDIRECT("'"&$C53&"'!$B:$B"),0),3))),"#page=",J54),CONCATENATE("#Sharepoint//",$D53))} -> #Sharepoint//FRS_Line Voltage
E54: Rif. Pagina | F54: 16 | H54: 18 | I54: 16 | J54: 22
E55: Funzioni AI | F55: La funzione ferroviaria LV_Automatic_Dropping_Device_(ADD) è un dispositivo automatico che abbassa il pantografo in caso di guasto. È composta da componenti elettrici/meccanici/software come Pantograph Control Unit (PCU), LCB, TCMS e pneumatic system. La logica di funzionamento attiva il dispositivo dopo 2 secondi dall'inizio della detezione dell'incongruenza tra HW e SW, con un ciclo di 16 secondi. In caso di comunicazione fallita con la TCMS, viene attivato un'energia di emergenza per l'apertura del LCB. La funzione è progettata per ridurre il rischio di guasto al pantografo e garantire la sicurezza del treno. Analisi — Funzione equivalente tra le seguenti configurazioni: VZI_Base, VZ_FR, VZ_ES, VZI-6_R1. | H55: La funzione ferroviaria LV_Automatic_Dropping_Device_(ADD) è un dispositivo automatico che abbassa il pantografo in caso di guasto. È composta da componenti elettrici/meccanici/software come LCB, Pantograph Control Unit (PCU), TCMS e pneumatic system. La logica di funzionamento attiva il dispositivo dopo 2 secondi dall'indicazione di incongruenza tra HW e SW, con un ciclo di preparazione che include l'apertura dell'LCB, la riduzione del pantografo e l'invio di eventi al driver e al mantenitore. In caso di comunicazione fallita con il TCMS, il dispositivo attiva l'emergenza LCB e successivamente l'abbassamento del pantografo. Analisi — Funzione equivalente tra le seguenti configurazioni: VZI_Base, VZ_FR, VZ_ES, VZI-6_R1. | I55: La funzione ferroviaria LV_Automatic_Dropping_Device_(ADD) è un dispositivo automatico che abbassa il pantografo in caso di guasto. È composta da componenti elettrici/meccanici/software come Pantograph Control Unit (PCU), LCB, TCMS e pneumatic system. La logica di funzionamento attiva il dispositivo dopo 2 secondi dall'inizio della detezione di incongruenza tra HW e SW, con la possibilità di attivare l'LCB emergency open trainline in caso di comunicazione fallita con il TCMS. Analisi — Funzione equivalente tra le seguenti configurazioni: VZI_Base, VZ_FR, VZ_ES, VZI-6_R1. | J55: La funzione ferroviaria LV_Automatic_Dropping_Device_(ADD) è un dispositivo automatico che abbassa il pantografo in caso di guasto del sistema di raccoglienza elettrica. I componenti principali coinvolti sono i tubi pneumatici all'interno dei contatti, il sistema di comunicazione tra Pantograph Control Unit (PCU) e TCMS (System for Train Management and Control), e il sistema di controllo del pantografo. La logica di funzionamento attiva l'abbassamento del pantografo in caso di detezione di danni ai contatti, mentre la comunicazione tra PCU e TCMS garantisce che tutti i pantografi della train che abbiano subito un guasto possano essere sollevati correttamente. La funzione è progettata per garantire una sicurezza di livello SIL 2 e dispone di ridondanze per assicurare la continuità del servizio. Analisi — Funzione equivalente tra le seguenti configurazioni: VZI_Base, VZ_FR, VZ_ES, VZI-6_R1.
A56: LV_Pantograph_Interlock | B56: Interblocco automatico dei pantografi in caso di guasto rilevato. Il Pdc può bloccare anche manualmente un pantografo per impedirne la selezione | D56: \
C57: CONFIG | D57: FRS_Line Voltage | E57: Link | F57: {=HYPERLINK(CONCATENATE(Cartelle!$D$5,F$1,"/",$C57,"/",MID($D57,1,FIND("_",$D57)-1),"/",INDIRECT(CONCATENATE("'" & $C57 & "'!",ADDRESS(MATCH($D57, INDIRECT("'" & $C57 & "'!$B:$B"), 0),MATCH(F$1, INDIRECT("'" & $C57 & "'!$1:$1"), 0)))),".",INDIRECT(CONCATENATE("'"&$C57&"'!",ADDRESS(MATCH($D57,INDIRECT("'"&$C57&"'!$B:$B"),0),3))),"#page=",F58),CONCATENATE("#Sharepoint//",$D57))} -> #Sharepoint//FRS_Line Voltage | H57: {=HYPERLINK(CONCATENATE(Cartelle!$D$5,INDEX(INDIRECT("'" & $C57 & "'!$1:$1"), 1, MATCH(INDIRECT(CONCATENATE("'" & $C57 & "'!",ADDRESS(MATCH($D57, INDIRECT("'" & $C57 & "'!$B:$B"), 0),MATCH(H$1, INDIRECT("'" & $C57 & "'!$1:$1"), 0)))),INDIRECT(CONCATENATE("'" & $C57 & "'!",MATCH($D57, INDIRECT("'" & $C57 & "'!$B:$B"), 0),":",MATCH($D57, INDIRECT("'" & $C57 & "'!$B:$B"), 0))),0)),"/",$C57,"/",MID($D57,1,FIND("_",$D57)-1),"/",INDIRECT(CONCATENATE("'" & $C57 & "'!",ADDRESS(MATCH($D57, INDIRECT("'" & $C57 & "'!$B:$B"), 0),MATCH(H$1, INDIRECT("'" & $C57 & "'!$1:$1"), 0)))),".",INDIRECT(CONCATENATE("'"&$C57&"'!",ADDRESS(MATCH($D57,INDIRECT("'"&$C57&"'!$B:$B"),0),3))),"#page=",H58),CONCATENATE("#Sharepoint//",$D57))} -> #Sharepoint//FRS_Line Voltage | I57: {=HYPERLINK(CONCATENATE(Cartelle!$D$5,INDEX(INDIRECT("'" & $C57 & "'!$1:$1"), 1, MATCH(INDIRECT(CONCATENATE("'" & $C57 & "'!",ADDRESS(MATCH($D57, INDIRECT("'" & $C57 & "'!$B:$B"), 0),MATCH(I$1, INDIRECT("'" & $C57 & "'!$1:$1"), 0)))),INDIRECT(CONCATENATE("'" & $C57 & "'!",MATCH($D57, INDIRECT("'" & $C57 & "'!$B:$B"), 0),":",MATCH($D57, INDIRECT("'" & $C57 & "'!$B:$B"), 0))),0)),"/",$C57,"/",MID($D57,1,FIND("_",$D57)-1),"/",INDIRECT(CONCATENATE("'" & $C57 & "'!",ADDRESS(MATCH($D57, INDIRECT("'" & $C57 & "'!$B:$B"), 0),MATCH(I$1, INDIRECT("'" & $C57 & "'!$1:$1"), 0)))),".",INDIRECT(CONCATENATE("'"&$C57&"'!",ADDRESS(MATCH($D57,INDIRECT("'"&$C57&"'!$B:$B"),0),3))),"#page=",I58),CONCATENATE("#Sharepoint//",$D57))} -> #Sharepoint//FRS_Line Voltage | J57: {=HYPERLINK(CONCATENATE(Cartelle!$D$5,INDEX(INDIRECT("'" & $C57 & "'!$1:$1"), 1, MATCH(INDIRECT(CONCATENATE("'" & $C57 & "'!",ADDRESS(MATCH($D57, INDIRECT("'" & $C57 & "'!$B:$B"), 0),MATCH(J$1, INDIRECT("'" & $C57 & "'!$1:$1"), 0)))),INDIRECT(CONCATENATE("'" & $C57 & "'!",MATCH($D57, INDIRECT("'" & $C57 & "'!$B:$B"), 0),":",MATCH($D57, INDIRECT("'" & $C57 & "'!$B:$B"), 0))),0)),"/",$C57,"/",MID($D57,1,FIND("_",$D57)-1),"/",INDIRECT(CONCATENATE("'" & $C57 & "'!",ADDRESS(MATCH($D57, INDIRECT("'" & $C57 & "'!$B:$B"), 0),MATCH(J$1, INDIRECT("'" & $C57 & "'!$1:$1"), 0)))),".",INDIRECT(CONCATENATE("'"&$C57&"'!",ADDRESS(MATCH($D57,INDIRECT("'"&$C57&"'!$B:$B"),0),3))),"#page=",J58),CONCATENATE("#Sharepoint//",$D57))} -> #Sharepoint//FRS_Line Voltage
E58: Rif. Pagina | F58: 18 | H58: 21 | I58: 21 | J58: 26
E59: Funzioni AI | F59: La funzione ferroviaria LV_Pantograph_Interlock è un interblocco automatico dei pantografi in caso di guasto rilevato. È implementata dal sistema PDC (Pantograph Control Unit) e coinvolge il circuito "fast panto down" per bloccare manualmente un pantografo in caso di ADD-trip (tripolo di aggiustamento del pantografo). La funzione viene attivata quando si verifica un guasto rilevato, con una logica di funzionamento che include la richiesta di apertura dell'LCB (Line Control Block) e l'immediata riduzione della velocità del treno. La funzione è progettata per garantire la sicurezza dei passeggeri e degli operatori, con requisiti di sicurezza come l'insulazione a distanza immediata e il controllo del circuito "fast panto down". Analisi — Funzione equivalente tra le seguenti configurazioni: VZI_Base, VZ_FR, VZ_ES, VZI-6_R1. | H59: La funzione ferroviaria LV_Pantograph_Interlock è un interblocco automatico dei pantografi in caso di guasto rilevato. La funzione coinvolge il sistema elettrico del treno, il pantografo e il controllo centrale (Pdc), con l'obiettivo di impedire la selezione del pantografo se è stato rilevato un guasto. In caso di manutenzione manuale, il Pdc può bloccare manualmente il pantografo per evitare la sua selezione. La funzione si attiva in condizioni di guasto rilevato (elevazione anomala del pantografo) e si disattiva quando il pantografo è bloccato o se viene effettuata una manutenzione manuale. Analisi — Funzione equivalente tra le seguenti configurazioni: VZI_Base, VZ_FR, VZ_ES, VZI-6_R1. | I59: La funzione ferroviaria LV_Pantograph_Interlock è un interblocco automatico dei pantografi in caso di guasto rilevato. È implementata dal sistema software e coinvolge il controllo elettronico del pantografo, la pressione sensoriale e il sistema di blocco. La funzione viene attivata in condizioni di guasto rilevato (elevazione anomala del pantografo) e viene disattivata quando il pantografo è bloccato o quando il guasto è risolto manualmente dal conducente. Analisi — Funzione equivalente tra le seguenti configurazioni: VZI_Base, VZ_FR, VZ_ES, VZI-6_R1. | J59: La funzione ferroviaria LV_Pantograph_Interlock è un interblocco automatico dei pantografi in caso di guasto rilevato. È implementata dal Pantograph Control Unit (PCU) e dalla Central Computer System (CCS), con l'aiuto del sistema di controllo dell'ADD bypass. La funzione viene attivata quando il pantografo è stato dichiarato come difettoso e l'ADD bypass è in posizione "AC" o "DC". In questo caso, la PCU ignora qualsiasi intervento ADD ricevuto per evitare di isolare il pantografo. Una volta spenta l'attivazione dell'ADD bypass, il pantografo viene nuovamente bloccato. Analisi — Funzione equivalente tra le seguenti configurazioni: VZI_Base, VZ_FR, VZ_ES, VZI-6_R1.
A60: LV_Pantograph_Selection | B60: Selezione del pantografo in base al paese (tipologia/dimensioni pantografo) e al sistema di alimentazione (AC/DC) selezionato | D60: \
C61: CONFIG | D61: FRS_Line Voltage | E61: Link | F61: {=HYPERLINK(CONCATENATE(Cartelle!$D$5,F$1,"/",$C61,"/",MID($D61,1,FIND("_",$D61)-1),"/",INDIRECT(CONCATENATE("'" & $C61 & "'!",ADDRESS(MATCH($D61, INDIRECT("'" & $C61 & "'!$B:$B"), 0),MATCH(F$1, INDIRECT("'" & $C61 & "'!$1:$1"), 0)))),".",INDIRECT(CONCATENATE("'"&$C61&"'!",ADDRESS(MATCH($D61,INDIRECT("'"&$C61&"'!$B:$B"),0),3))),"#page=",F62),CONCATENATE("#Sharepoint//",$D61))} -> #Sharepoint//FRS_Line Voltage | H61: {=HYPERLINK(CONCATENATE(Cartelle!$D$5,INDEX(INDIRECT("'" & $C61 & "'!$1:$1"), 1, MATCH(INDIRECT(CONCATENATE("'" & $C61 & "'!",ADDRESS(MATCH($D61, INDIRECT("'" & $C61 & "'!$B:$B"), 0),MATCH(H$1, INDIRECT("'" & $C61 & "'!$1:$1"), 0)))),INDIRECT(CONCATENATE("'" & $C61 & "'!",MATCH($D61, INDIRECT("'" & $C61 & "'!$B:$B"), 0),":",MATCH($D61, INDIRECT("'" & $C61 & "'!$B:$B"), 0))),0)),"/",$C61,"/",MID($D61,1,FIND("_",$D61)-1),"/",INDIRECT(CONCATENATE("'" & $C61 & "'!",ADDRESS(MATCH($D61, INDIRECT("'" & $C61 & "'!$B:$B"), 0),MATCH(H$1, INDIRECT("'" & $C61 & "'!$1:$1"), 0)))),".",INDIRECT(CONCATENATE("'"&$C61&"'!",ADDRESS(MATCH($D61,INDIRECT("'"&$C61&"'!$B:$B"),0),3))),"#page=",H62),CONCATENATE("#Sharepoint//",$D61))} -> #Sharepoint//FRS_Line Voltage | I61: {=HYPERLINK(CONCATENATE(Cartelle!$D$5,INDEX(INDIRECT("'" & $C61 & "'!$1:$1"), 1, MATCH(INDIRECT(CONCATENATE("'" & $C61 & "'!",ADDRESS(MATCH($D61, INDIRECT("'" & $C61 & "'!$B:$B"), 0),MATCH(I$1, INDIRECT("'" & $C61 & "'!$1:$1"), 0)))),INDIRECT(CONCATENATE("'" & $C61 & "'!",MATCH($D61, INDIRECT("'" & $C61 & "'!$B:$B"), 0),":",MATCH($D61, INDIRECT("'" & $C61 & "'!$B:$B"), 0))),0)),"/",$C61,"/",MID($D61,1,FIND("_",$D61)-1),"/",INDIRECT(CONCATENATE("'" & $C61 & "'!",ADDRESS(MATCH($D61, INDIRECT("'" & $C61 & "'!$B:$B"), 0),MATCH(I$1, INDIRECT("'" & $C61 & "'!$1:$1"), 0)))),".",INDIRECT(CONCATENATE("'"&$C61&"'!",ADDRESS(MATCH($D61,INDIRECT("'"&$C61&"'!$B:$B"),0),3))),"#page=",I62),CONCATENATE("#Sharepoint//",$D61))} -> #Sharepoint//FRS_Line Voltage | J61: {=HYPERLINK(CONCATENATE(Cartelle!$D$5,INDEX(INDIRECT("'" & $C61 & "'!$1:$1"), 1, MATCH(INDIRECT(CONCATENATE("'" & $C61 & "'!",ADDRESS(MATCH($D61, INDIRECT("'" & $C61 & "'!$B:$B"), 0),MATCH(J$1, INDIRECT("'" & $C61 & "'!$1:$1"), 0)))),INDIRECT(CONCATENATE("'" & $C61 & "'!",MATCH($D61, INDIRECT("'" & $C61 & "'!$B:$B"), 0),":",MATCH($D61, INDIRECT("'" & $C61 & "'!$B:$B"), 0))),0)),"/",$C61,"/",MID($D61,1,FIND("_",$D61)-1),"/",INDIRECT(CONCATENATE("'" & $C61 & "'!",ADDRESS(MATCH($D61, INDIRECT("'" & $C61 & "'!$B:$B"), 0),MATCH(J$1, INDIRECT("'" & $C61 & "'!$1:$1"), 0)))),".",INDIRECT(CONCATENATE("'"&$C61&"'!",ADDRESS(MATCH($D61,INDIRECT("'"&$C61&"'!$B:$B"),0),3))),"#page=",J62),CONCATENATE("#Sharepoint//",$D61))} -> #Sharepoint//FRS_Line Voltage
E62: Rif. Pagina | F62: 20 | H62: 22 | I62: 22 | J62: 28
E63: Funzioni AI | F63: La funzione ferroviaria LV_Pantograph_Selection seleziona il pantografo in base al paese e al sistema di alimentazione (AC/DC) selezionato. Coinvolti sono il pantografo, il disconnettore del pantografo, il sistema di controllo della velocità (TCMS), il codice di paese e il tipo di alimentazione. La funzione attiva il disconnettore del pantografo se si verifica un errore di selezione o se il pantografo non viene abbassato correttamente. La logica di funzionamento prevede la connessione dei due stati (aperto e chiuso) del disconnettore al sistema TCMS, con l'obiettivo di garantire la sicurezza e la stabilità del sistema. Analisi — Funzione equivalente tra le seguenti configurazioni: VZI_Base, VZ_FR, VZ_ES, VZI-6_R1. | H63: La funzione ferroviaria LV_Pantograph_Selection seleziona il pantografo in base al paese (tipologia/dimensioni) e al sistema di alimentazione (AC/DC) selezionato. La funzione coinvolge il controllo unitario (PCU), il disconnettore del pantografo, l'interfaccia IP e il sistema di gestione dei requisiti di sicurezza (SIL). La logica di funzionamento attiva la bloccatura del pantografo in caso di fallimento del controllo unitario o del disconnettore, con l'invio di eventi di allarme al conducente. Analisi — Funzione equivalente tra le seguenti configurazioni: VZI_Base, VZ_FR, VZ_ES, VZI-6_R1. | I63: La funzione ferroviaria LV_Pantograph_Selection seleziona il pantografo in base al paese (tipologia/dimensioni) e al sistema di alimentazione (AC/DC) selezionato. Coinvolti sono i componenti elettrici/meccanici/software come il pantografo, il disconnettore, il sistema di controllo e la TCMS. La funzione è attivata se il pantografo è in movimento per più di 20 secondi o se il disconnettore non apre/cierra correttamente, causando l'blocco dei pantografi connessi alla stessa LCB. Questa funzione è progettata per garantire la sicurezza e prevenire incidenti. Analisi — Funzione equivalente tra le seguenti configurazioni: VZI_Base, VZ_FR, VZ_ES, VZI-6_R1. | J63: La funzione ferroviaria LV_Pantograph_Selection seleziona il pantografo in base al paese e al sistema di alimentazione (AC/DC) selezionato, utilizzando un codice di paese per identificare la nazionalità del traino. I componenti principali coinvolti sono i pantografi di diverse tipologie e dimensioni, il sistema di controllo elettronico e il software di gestione della funzione. La logica di funzionamento attiva il pantografo selezionato in base alle condizioni di paese e sistema di alimentazione, con la possibilità di disattivare automaticamente tutti i pantografi in caso di errore o manomissione. Le ridondanze sono garantite dal fatto che solo un pantografo per traino completo (8 car) viene selezionato, mentre per l'ice scraping si utilizza il secondo pantografo. Analisi — Funzione equivalente tra le seguenti configurazioni: VZI_Base, VZ_FR, VZ_ES, VZI-6_R1.
A64: LV_Pantograph_Control_of_Static_Contact_Force | B64: Controllo della forza statica/pressione del pantografo alzato in funzione del sistema di tensione, della velocità, della direzione di marcia e della posizione del pantografo stesso | D64: \
C65: CONFIG | D65: FRS_Line Voltage | E65: Link | F65: {=HYPERLINK(CONCATENATE(Cartelle!$D$5,F$1,"/",$C65,"/",MID($D65,1,FIND("_",$D65)-1),"/",INDIRECT(CONCATENATE("'" & $C65 & "'!",ADDRESS(MATCH($D65, INDIRECT("'" & $C65 & "'!$B:$B"), 0),MATCH(F$1, INDIRECT("'" & $C65 & "'!$1:$1"), 0)))),".",INDIRECT(CONCATENATE("'"&$C65&"'!",ADDRESS(MATCH($D65,INDIRECT("'"&$C65&"'!$B:$B"),0),3))),"#page=",F66),CONCATENATE("#Sharepoint//",$D65))} -> #Sharepoint//FRS_Line Voltage | H65: {=HYPERLINK(CONCATENATE(Cartelle!$D$5,INDEX(INDIRECT("'" & $C65 & "'!$1:$1"), 1, MATCH(INDIRECT(CONCATENATE("'" & $C65 & "'!",ADDRESS(MATCH($D65, INDIRECT("'" & $C65 & "'!$B:$B"), 0),MATCH(H$1, INDIRECT("'" & $C65 & "'!$1:$1"), 0)))),INDIRECT(CONCATENATE("'" & $C65 & "'!",MATCH($D65, INDIRECT("'" & $C65 & "'!$B:$B"), 0),":",MATCH($D65, INDIRECT("'" & $C65 & "'!$B:$B"), 0))),0)),"/",$C65,"/",MID($D65,1,FIND("_",$D65)-1),"/",INDIRECT(CONCATENATE("'" & $C65 & "'!",ADDRESS(MATCH($D65, INDIRECT("'" & $C65 & "'!$B:$B"), 0),MATCH(H$1, INDIRECT("'" & $C65 & "'!$1:$1"), 0)))),".",INDIRECT(CONCATENATE("'"&$C65&"'!",ADDRESS(MATCH($D65,INDIRECT("'"&$C65&"'!$B:$B"),0),3))),"#page=",H66),CONCATENATE("#Sharepoint//",$D65))} -> #Sharepoint//FRS_Line Voltage | I65: {=HYPERLINK(CONCATENATE(Cartelle!$D$5,INDEX(INDIRECT("'" & $C65 & "'!$1:$1"), 1, MATCH(INDIRECT(CONCATENATE("'" & $C65 & "'!",ADDRESS(MATCH($D65, INDIRECT("'" & $C65 & "'!$B:$B"), 0),MATCH(I$1, INDIRECT("'" & $C65 & "'!$1:$1"), 0)))),INDIRECT(CONCATENATE("'" & $C65 & "'!",MATCH($D65, INDIRECT("'" & $C65 & "'!$B:$B"), 0),":",MATCH($D65, INDIRECT("'" & $C65 & "'!$B:$B"), 0))),0)),"/",$C65,"/",MID($D65,1,FIND("_",$D65)-1),"/",INDIRECT(CONCATENATE("'" & $C65 & "'!",ADDRESS(MATCH($D65, INDIRECT("'" & $C65 & "'!$B:$B"), 0),MATCH(I$1, INDIRECT("'" & $C65 & "'!$1:$1"), 0)))),".",INDIRECT(CONCATENATE("'"&$C65&"'!",ADDRESS(MATCH($D65,INDIRECT("'"&$C65&"'!$B:$B"),0),3))),"#page=",I66),CONCATENATE("#Sharepoint//",$D65))} -> #Sharepoint//FRS_Line Voltage | J65: {=HYPERLINK(CONCATENATE(Cartelle!$D$5,INDEX(INDIRECT("'" & $C65 & "'!$1:$1"), 1, MATCH(INDIRECT(CONCATENATE("'" & $C65 & "'!",ADDRESS(MATCH($D65, INDIRECT("'" & $C65 & "'!$B:$B"), 0),MATCH(J$1, INDIRECT("'" & $C65 & "'!$1:$1"), 0)))),INDIRECT(CONCATENATE("'" & $C65 & "'!",MATCH($D65, INDIRECT("'" & $C65 & "'!$B:$B"), 0),":",MATCH($D65, INDIRECT("'" & $C65 & "'!$B:$B"), 0))),0)),"/",$C65,"/",MID($D65,1,FIND("_",$D65)-1),"/",INDIRECT(CONCATENATE("'" & $C65 & "'!",ADDRESS(MATCH($D65, INDIRECT("'" & $C65 & "'!$B:$B"), 0),MATCH(J$1, INDIRECT("'" & $C65 & "'!$1:$1"), 0)))),".",INDIRECT(CONCATENATE("'"&$C65&"'!",ADDRESS(MATCH($D65,INDIRECT("'"&$C65&"'!$B:$B"),0),3))),"#page=",J66),CONCATENATE("#Sharepoint//",$D65))} -> #Sharepoint//FRS_Line Voltage
E66: Rif. Pagina | F66: 21 | H66: 24 | I66: 23 | J66: 29
E67: Funzioni AI | F67: La funzione ferroviaria LV_Pantograph_Control_of_Static_Contact_Force controlla la forza statica/pressione del pantografo alzato in base al sistema di tensione, alla velocità, alla direzione di marcia e alla posizione del pantografo. È coinvolta il pantografo, il sistema di tensione e il software TCMS. La funzione è attivata quando la condizione di attivazione viene soddisfatta, ovvero quando il pantografo è alzato e in contatto con la linea elettrica. In caso di mancata attivazione, il sistema invia un segnale di allarme per garantire la sicurezza del traino. Analisi — Funzione equivalente tra le seguenti configurazioni: VZI_Base, VZ_FR, VZ_ES, VZI-6_R1. | H67: La funzione ferroviaria LV_Pantograph_Control_of_Static_Contact_Force controlla la forza statica del pantografo alzato in base alla velocità, direzione di marcia e posizione del pantografo, utilizzando il sistema di tensione e i parametri software. I componenti principali coinvolti sono il pantografo, il sistema di tensione e il CCU (Control Center Unit). La funzione è attivata quando la velocità supera un certo limite o quando si seleziona una determinata posizione del pantografo, e viene disattivata quando la forza statica raggiunge un valore critico. La funzione è progettata per garantire una sicurezza elevata, con ridondanze nel caso di fallimento del sistema o blocco del LCB (Low Voltage Circuit Breaker). Analisi — Funzione equivalente tra le seguenti configurazioni: VZI_Base, VZ_FR, VZ_ES, VZI-6_R1. | I67: La funzione ferroviaria LV_Pantograph_Control_of_Static_Contact_Force è un sistema di controllo che regola la forza statica/pressione del pantografo alzato in base alla tensione elettrica, alla velocità, alla direzione di marcia e alla posizione del pantografo. Il sistema coinvolge componenti elettrici/meccanici come il pantografo, l'unità di controllo (TCMS) e il sistema di interazione con il driver. La logica di funzionamento attiva il controllo quando la tensione elettrica cambia o quando si verifica un blocco del LCB (Low Voltage Circuit Breaker). Il sistema è progettato per garantire una sicurezza elevata, con ridondanze e requisiti di sicurezza come l'indicazione visiva del driver in caso di blocco del LCB. Analisi — Funzione equivalente tra le seguenti configurazioni: VZI_Base, VZ_FR, VZ_ES, VZI-6_R1. | J67: La funzione ferroviaria LV_Pantograph_Control_of_Static_Contact_Force controlla la forza statica del pantografo alzato in base alla tensione elettrica, alla velocità di marcia, alla direzione di marcia e alla posizione del pantografo. La funzione è gestita dal sistema di controllo dei pantografi (PCU) e viene attivata quando la tensione elettrica cambia o quando si verifica un problema nel sistema. In caso di fallimento, il sistema può scorrere automaticamente ai pantografi alternativi. La funzione è progettata per garantire una sicurezza elevata e richiede l'accesso diretto al PCU tramite strumenti di commissioning per la configurazione dei parametri di test. Analisi — Funzione equivalente tra le seguenti configurazioni: VZI_Base, VZ_FR, VZ_ES, VZI-6_R1.
A68: LV_Line_Voltage_Supervision | B68: Controllo della tensione di linea tramite sensori di tensione letti dal sistema di propulsione | D68: \
C69: CONFIG | D69: FRS_Line Voltage | E69: Link | F69: {=HYPERLINK(CONCATENATE(Cartelle!$D$5,F$1,"/",$C69,"/",MID($D69,1,FIND("_",$D69)-1),"/",INDIRECT(CONCATENATE("'" & $C69 & "'!",ADDRESS(MATCH($D69, INDIRECT("'" & $C69 & "'!$B:$B"), 0),MATCH(F$1, INDIRECT("'" & $C69 & "'!$1:$1"), 0)))),".",INDIRECT(CONCATENATE("'"&$C69&"'!",ADDRESS(MATCH($D69,INDIRECT("'"&$C69&"'!$B:$B"),0),3))),"#page=",F70),CONCATENATE("#Sharepoint//",$D69))} -> #Sharepoint//FRS_Line Voltage | H69: {=HYPERLINK(CONCATENATE(Cartelle!$D$5,INDEX(INDIRECT("'" & $C69 & "'!$1:$1"), 1, MATCH(INDIRECT(CONCATENATE("'" & $C69 & "'!",ADDRESS(MATCH($D69, INDIRECT("'" & $C69 & "'!$B:$B"), 0),MATCH(H$1, INDIRECT("'" & $C69 & "'!$1:$1"), 0)))),INDIRECT(CONCATENATE("'" & $C69 & "'!",MATCH($D69, INDIRECT("'" & $C69 & "'!$B:$B"), 0),":",MATCH($D69, INDIRECT("'" & $C69 & "'!$B:$B"), 0))),0)),"/",$C69,"/",MID($D69,1,FIND("_",$D69)-1),"/",INDIRECT(CONCATENATE("'" & $C69 & "'!",ADDRESS(MATCH($D69, INDIRECT("'" & $C69 & "'!$B:$B"), 0),MATCH(H$1, INDIRECT("'" & $C69 & "'!$1:$1"), 0)))),".",INDIRECT(CONCATENATE("'"&$C69&"'!",ADDRESS(MATCH($D69,INDIRECT("'"&$C69&"'!$B:$B"),0),3))),"#page=",H70),CONCATENATE("#Sharepoint//",$D69))} -> #Sharepoint//FRS_Line Voltage | I69: {=HYPERLINK(CONCATENATE(Cartelle!$D$5,INDEX(INDIRECT("'" & $C69 & "'!$1:$1"), 1, MATCH(INDIRECT(CONCATENATE("'" & $C69 & "'!",ADDRESS(MATCH($D69, INDIRECT("'" & $C69 & "'!$B:$B"), 0),MATCH(I$1, INDIRECT("'" & $C69 & "'!$1:$1"), 0)))),INDIRECT(CONCATENATE("'" & $C69 & "'!",MATCH($D69, INDIRECT("'" & $C69 & "'!$B:$B"), 0),":",MATCH($D69, INDIRECT("'" & $C69 & "'!$B:$B"), 0))),0)),"/",$C69,"/",MID($D69,1,FIND("_",$D69)-1),"/",INDIRECT(CONCATENATE("'" & $C69 & "'!",ADDRESS(MATCH($D69, INDIRECT("'" & $C69 & "'!$B:$B"), 0),MATCH(I$1, INDIRECT("'" & $C69 & "'!$1:$1"), 0)))),".",INDIRECT(CONCATENATE("'"&$C69&"'!",ADDRESS(MATCH($D69,INDIRECT("'"&$C69&"'!$B:$B"),0),3))),"#page=",I70),CONCATENATE("#Sharepoint//",$D69))} -> #Sharepoint//FRS_Line Voltage | J69: {=HYPERLINK(CONCATENATE(Cartelle!$D$5,INDEX(INDIRECT("'" & $C69 & "'!$1:$1"), 1, MATCH(INDIRECT(CONCATENATE("'" & $C69 & "'!",ADDRESS(MATCH($D69, INDIRECT("'" & $C69 & "'!$B:$B"), 0),MATCH(J$1, INDIRECT("'" & $C69 & "'!$1:$1"), 0)))),INDIRECT(CONCATENATE("'" & $C69 & "'!",MATCH($D69, INDIRECT("'" & $C69 & "'!$B:$B"), 0),":",MATCH($D69, INDIRECT("'" & $C69 & "'!$B:$B"), 0))),0)),"/",$C69,"/",MID($D69,1,FIND("_",$D69)-1),"/",INDIRECT(CONCATENATE("'" & $C69 & "'!",ADDRESS(MATCH($D69, INDIRECT("'" & $C69 & "'!$B:$B"), 0),MATCH(J$1, INDIRECT("'" & $C69 & "'!$1:$1"), 0)))),".",INDIRECT(CONCATENATE("'"&$C69&"'!",ADDRESS(MATCH($D69,INDIRECT("'"&$C69&"'!$B:$B"),0),3))),"#page=",J70),CONCATENATE("#Sharepoint//",$D69))} -> #Sharepoint//FRS_Line Voltage
E70: Rif. Pagina | F70: 23 | H70: 25 | I70: 24 | J70: 30
E71: Funzioni AI | F71: La funzione ferroviaria "LV_Line_Voltage_Supervision" controlla la tensione di linea tramite sensori di tensione letti dal sistema di propulsione. I componenti elettrici/meccanici/software coinvolti sono i sensori di tensione, il sistema di controllo del circuito a scelta continua (LCB) e il software di gestione del sistema. La logica di funzionamento attiva il LCB in caso di tensione anomala o assente, con la possibilità di isolare la sezione ferroviaria danneggiata. La funzione è progettata per garantire un livello di sicurezza di SIL 1 e richiede la presenza di ridondanze per garantire la continuità del servizio. Analisi — Funzione equivalente tra le seguenti configurazioni: VZI_Base, VZ_FR, VZ_ES, VZI-6_R1. | H71: La funzione ferroviaria "LV_Line_Voltage_Supervision" è un sistema di controllo della tensione di linea tramite sensori di tensione letti dal sistema di propulsione. I componenti elettrici/meccanici/software principali coinvolti sono i sensori di tensione, il sistema di propulsione e il TCMS (System Integration Level 0). La logica di funzionamento attiva il controllo della tensione di linea quando la velocità del treno supera un certo limite o quando si trova in una determinata regione geografica. Il sistema è progettato per garantire una sicurezza ridotta, con la possibilità di disattivazione automatica in caso di anomalia. Analisi — Funzione equivalente tra le seguenti configurazioni: VZI_Base, VZ_FR, VZ_ES, VZI-6_R1. | I71: PARTE 1: La funzione LV_Line_Voltage_Supervision per la configurazione VZ_ES è responsabile del controllo della tensione di linea tramite sensori di tensione letti dal sistema di propulsione. Questa funzione è parte dell'impianto di controllo del treno ETR1000 e si occupa di monitorare la tensione elettrica presente sulla linea ferroviaria, garantendo che rimanga all'interno dei limiti di sicurezza stabiliti dalla normativa. La logica operativa prevede l'utilizzo di sensori di tensione installati lungo la linea ferroviaria per rilevare le variazioni della tensione elettrica, che vengono poi inviate al sistema di controllo del treno per essere valutate e gestite. PARTE 2: Le differenze rispetto alla configurazione VZI-6_R1 sono legate all'utilizzo di componenti diversi e a una logica operativa specifica. Mentre VZI-6_R1 prevede l'utilizzo di un sistema di controllo più complesso, con una maggiore quantità di parametri da monitorare, la configurazione VZ_ES sembra essere più semplicemente strutturata per il controllo della tensione di linea. Inoltre, potrebbe esserci una differenza nel requisito di sicurezza e nella gestione delle variazioni della tensione elettrica. Analisi — Funzione equivalente tra le seguenti configurazioni: VZI_Base, VZ_FR, VZ_ES. | J71: La funzione ferroviaria "LV_Line_Voltage_Supervision" controlla la tensione di linea tramite sensori di tensione letti dal sistema di propulsione. I componenti elettrici/meccanici principali coinvolti sono i sensori di tensione, il sistema di controllo del pantografo (PCU) e il sistema di protezione contro la corrente elettrica (LCB). La logica di funzionamento attiva il LCB se si verifica una tensione di linea fuori dal range accettabile o se non si ricevono segnali da sensori di tensione. Le ridondanze sono garantite dalla presenza di più sensori e sistemi di controllo, mentre i requisiti di sicurezza sono soddisfatti attraverso la classificazione SIL 1. Analisi — Funzione equivalente tra le seguenti configurazioni: VZI_Base, VZ_FR, VZ_ES, VZI-6_R1.
A72: LV_Line_Current_Supervision | B72: Controllo della corrente di linea | D72: \
C73: CONFIG | D73: FRS_Line Voltage | E73: Link | F73: {=HYPERLINK(CONCATENATE(Cartelle!$D$5,F$1,"/",$C73,"/",MID($D73,1,FIND("_",$D73)-1),"/",INDIRECT(CONCATENATE("'" & $C73 & "'!",ADDRESS(MATCH($D73, INDIRECT("'" & $C73 & "'!$B:$B"), 0),MATCH(F$1, INDIRECT("'" & $C73 & "'!$1:$1"), 0)))),".",INDIRECT(CONCATENATE("'"&$C73&"'!",ADDRESS(MATCH($D73,INDIRECT("'"&$C73&"'!$B:$B"),0),3))),"#page=",F74),CONCATENATE("#Sharepoint//",$D73))} -> #Sharepoint//FRS_Line Voltage | H73: {=HYPERLINK(CONCATENATE(Cartelle!$D$5,INDEX(INDIRECT("'" & $C73 & "'!$1:$1"), 1, MATCH(INDIRECT(CONCATENATE("'" & $C73 & "'!",ADDRESS(MATCH($D73, INDIRECT("'" & $C73 & "'!$B:$B"), 0),MATCH(H$1, INDIRECT("'" & $C73 & "'!$1:$1"), 0)))),INDIRECT(CONCATENATE("'" & $C73 & "'!",MATCH($D73, INDIRECT("'" & $C73 & "'!$B:$B"), 0),":",MATCH($D73, INDIRECT("'" & $C73 & "'!$B:$B"), 0))),0)),"/",$C73,"/",MID($D73,1,FIND("_",$D73)-1),"/",INDIRECT(CONCATENATE("'" & $C73 & "'!",ADDRESS(MATCH($D73, INDIRECT("'" & $C73 & "'!$B:$B"), 0),MATCH(H$1, INDIRECT("'" & $C73 & "'!$1:$1"), 0)))),".",INDIRECT(CONCATENATE("'"&$C73&"'!",ADDRESS(MATCH($D73,INDIRECT("'"&$C73&"'!$B:$B"),0),3))),"#page=",H74),CONCATENATE("#Sharepoint//",$D73))} -> #Sharepoint//FRS_Line Voltage | I73: {=HYPERLINK(CONCATENATE(Cartelle!$D$5,INDEX(INDIRECT("'" & $C73 & "'!$1:$1"), 1, MATCH(INDIRECT(CONCATENATE("'" & $C73 & "'!",ADDRESS(MATCH($D73, INDIRECT("'" & $C73 & "'!$B:$B"), 0),MATCH(I$1, INDIRECT("'" & $C73 & "'!$1:$1"), 0)))),INDIRECT(CONCATENATE("'" & $C73 & "'!",MATCH($D73, INDIRECT("'" & $C73 & "'!$B:$B"), 0),":",MATCH($D73, INDIRECT("'" & $C73 & "'!$B:$B"), 0))),0)),"/",$C73,"/",MID($D73,1,FIND("_",$D73)-1),"/",INDIRECT(CONCATENATE("'" & $C73 & "'!",ADDRESS(MATCH($D73, INDIRECT("'" & $C73 & "'!$B:$B"), 0),MATCH(I$1, INDIRECT("'" & $C73 & "'!$1:$1"), 0)))),".",INDIRECT(CONCATENATE("'"&$C73&"'!",ADDRESS(MATCH($D73,INDIRECT("'"&$C73&"'!$B:$B"),0),3))),"#page=",I74),CONCATENATE("#Sharepoint//",$D73))} -> #Sharepoint//FRS_Line Voltage | J73: {=HYPERLINK(CONCATENATE(Cartelle!$D$5,INDEX(INDIRECT("'" & $C73 & "'!$1:$1"), 1, MATCH(INDIRECT(CONCATENATE("'" & $C73 & "'!",ADDRESS(MATCH($D73, INDIRECT("'" & $C73 & "'!$B:$B"), 0),MATCH(J$1, INDIRECT("'" & $C73 & "'!$1:$1"), 0)))),INDIRECT(CONCATENATE("'" & $C73 & "'!",MATCH($D73, INDIRECT("'" & $C73 & "'!$B:$B"), 0),":",MATCH($D73, INDIRECT("'" & $C73 & "'!$B:$B"), 0))),0)),"/",$C73,"/",MID($D73,1,FIND("_",$D73)-1),"/",INDIRECT(CONCATENATE("'" & $C73 & "'!",ADDRESS(MATCH($D73, INDIRECT("'" & $C73 & "'!$B:$B"), 0),MATCH(J$1, INDIRECT("'" & $C73 & "'!$1:$1"), 0)))),".",INDIRECT(CONCATENATE("'"&$C73&"'!",ADDRESS(MATCH($D73,INDIRECT("'"&$C73&"'!$B:$B"),0),3))),"#page=",J74),CONCATENATE("#Sharepoint//",$D73))} -> #Sharepoint//FRS_Line Voltage
E74: Rif. Pagina | F74: 25 | H74: 29 | I74: 27 | J74: 36
E75: Funzioni AI | F75: **PARTE 1: VZI_Base** La funzione LV_Line_Current_Supervision per la configurazione VZI_Base è responsabile del controllo della corrente di linea. Questo sistema supervisiona la tensione elettrica presente sulla linea ferroviaria, utilizzando un clock che incrementa o decrementa in base alla tensione superiore o inferiore a 4 kV. Il sistema è progettato per garantire una sicurezza elevata, con un tempo massimo di 5 minuti e un valore minimo di 0. **PARTE 2: Differenze rispetto alle altre configurazioni** Le principali differenze rispetto alle altre configurazioni sono: * VZ_FR: non è presente alcun riferimento alla funzione LV_Line_Current_Supervision, ma si trova una specifica configurazione per la gestione della corrente lineare. * VZ_ES: presenta una configurazione simile a quella di VZI_Base, con la stessa logica operativa e requisiti tecnici. Tuttavia, non è presente alcun riferimento alla funzione LV_Line_Current_Supervision. * VZI-6_R1: presenta una struttura più complessa rispetto a VZI_Base, con l'aggiunta di altri sistemi e sottosistemi coinvolti nella gestione della corrente lineare. | H75: **PARTE 1: Funzione per 'VZ_FR'** La funzione LV_Line_Current_Supervision per 'VZ_FR' è responsabile del controllo della corrente di linea per la gestione della tensione elettrica nel sistema ferroviario. La funzione è attivata sulla base delle condizioni di operazione specificate nella configurazione VZ_FR, che include il monitoraggio della tensione elettrica e l'apertura del circuito di protezione in caso di superamento dei limiti di tensione. **PARTE 2: Differenze rispetto alle altre configurazioni** Le principali differenze rispetto alle altre configurazioni sono: * La funzione VZ_FR utilizza una logica operativa diversa rispetto a VZI_Base e VZ_ES, poiché la prima include un meccanismo di controllo più complesso per gestire le condizioni di operazione. * La componente elettrica principale è rappresentata dal circuito di protezione, che è diverso da quello utilizzato nelle altre configurazioni. * La funzione VZ_FR richiede un sistema di monitoraggio più avanzato rispetto alle altre configurazioni, poiché include la gestione della tensione elettrica in tempo reale. | I75: **PARTE 1: VZ_ES** La funzione LV_Line_Current_Supervision per 'VZ_ES' è responsabile del controllo della corrente di linea. I componenti principali includono la trasformata di corrente lineare (9d) e il senso di corrente DC (9c), collegati al sistema LIM per l'individuazione dell'overcurrent. La logica operativa prevede la misurazione della corrente lineare in condizioni normali, con la possibilità di avviare un evento di interruzione del pantografo in caso di anomalia. **PARTE 2: Differenze rispetto alle altre configurazioni** - VZ_FR e VZ_ES differiscono per l'uso della trasformata di corrente lineare (9d) e del senso di corrente DC (9c), rispettivamente. - La logica operativa di VZ_FR prevede la contropartita dell'evento di interruzione del pantografo, mentre in VZ_ES si avvia solo l'evento di interruzione. - Le differenze tecniche tra VZ_FR e VZ_ES risiedono nell'utilizzo della trasformata di corrente lineare (9d) e del senso di corrente DC (9c), con una logica operativa diversa. | J75: **PARTE 1** La funzione LV_Line_Current_Supervision per VZI-6_R1 è responsabile del controllo della corrente di linea. La sua logica operativa prevede l'installazione di line current transformer (9d) e DC line current sensor (9c) per misurare la corrente AC e DC rispettivamente. L'eventuale mancata deteczione di corrente quando è prevista, o la detección di corrente non prevista, attiva un evento che richiede al conducente di cambiare il pantografo. **PARTE 2** Le differenze rispetto alle altre configurazioni sono: * Componenti elettrici/meccanici/software: VZI-6_R1 utilizza line current transformer (9d) e DC line current sensor (9c), mentre VZ_FR e VZ_ES utilizzano solo line current transformer (9d). La differenza di software è legata all'eventuale attivazione di un evento in caso di mancata detezione di corrente. * Logica di funzionamento o condizioni operative: VZI-6_R1 richiede l'attivazione di un evento se la corrente non viene rilevata entro 5 secondi, mentre VZ_FR e VZ_ES richiedono solo l'eventuale attivazione di un evento se la corrente supera i 4kV. * Requisiti o parametri tecnici: La configurazione VZI-6_R1 richiede una frequenza di rilevamento della corrente più alta rispetto alle altre configurazioni.
A76: LV_Line_Interference_Monitor | B76: Controllo correnti/interferenze indesiderate di linea | D76: \
C77: CONFIG | D77: FRS_Line Voltage | E77: Link | F77: {=HYPERLINK(CONCATENATE(Cartelle!$D$5,F$1,"/",$C77,"/",MID($D77,1,FIND("_",$D77)-1),"/",INDIRECT(CONCATENATE("'" & $C77 & "'!",ADDRESS(MATCH($D77, INDIRECT("'" & $C77 & "'!$B:$B"), 0),MATCH(F$1, INDIRECT("'" & $C77 & "'!$1:$1"), 0)))),".",INDIRECT(CONCATENATE("'"&$C77&"'!",ADDRESS(MATCH($D77,INDIRECT("'"&$C77&"'!$B:$B"),0),3))),"#page=",F78),CONCATENATE("#Sharepoint//",$D77))} -> #Sharepoint//FRS_Line Voltage | H77: {=HYPERLINK(CONCATENATE(Cartelle!$D$5,INDEX(INDIRECT("'" & $C77 & "'!$1:$1"), 1, MATCH(INDIRECT(CONCATENATE("'" & $C77 & "'!",ADDRESS(MATCH($D77, INDIRECT("'" & $C77 & "'!$B:$B"), 0),MATCH(H$1, INDIRECT("'" & $C77 & "'!$1:$1"), 0)))),INDIRECT(CONCATENATE("'" & $C77 & "'!",MATCH($D77, INDIRECT("'" & $C77 & "'!$B:$B"), 0),":",MATCH($D77, INDIRECT("'" & $C77 & "'!$B:$B"), 0))),0)),"/",$C77,"/",MID($D77,1,FIND("_",$D77)-1),"/",INDIRECT(CONCATENATE("'" & $C77 & "'!",ADDRESS(MATCH($D77, INDIRECT("'" & $C77 & "'!$B:$B"), 0),MATCH(H$1, INDIRECT("'" & $C77 & "'!$1:$1"), 0)))),".",INDIRECT(CONCATENATE("'"&$C77&"'!",ADDRESS(MATCH($D77,INDIRECT("'"&$C77&"'!$B:$B"),0),3))),"#page=",H78),CONCATENATE("#Sharepoint//",$D77))} -> #Sharepoint//FRS_Line Voltage | I77: {=HYPERLINK(CONCATENATE(Cartelle!$D$5,INDEX(INDIRECT("'" & $C77 & "'!$1:$1"), 1, MATCH(INDIRECT(CONCATENATE("'" & $C77 & "'!",ADDRESS(MATCH($D77, INDIRECT("'" & $C77 & "'!$B:$B"), 0),MATCH(I$1, INDIRECT("'" & $C77 & "'!$1:$1"), 0)))),INDIRECT(CONCATENATE("'" & $C77 & "'!",MATCH($D77, INDIRECT("'" & $C77 & "'!$B:$B"), 0),":",MATCH($D77, INDIRECT("'" & $C77 & "'!$B:$B"), 0))),0)),"/",$C77,"/",MID($D77,1,FIND("_",$D77)-1),"/",INDIRECT(CONCATENATE("'" & $C77 & "'!",ADDRESS(MATCH($D77, INDIRECT("'" & $C77 & "'!$B:$B"), 0),MATCH(I$1, INDIRECT("'" & $C77 & "'!$1:$1"), 0)))),".",INDIRECT(CONCATENATE("'"&$C77&"'!",ADDRESS(MATCH($D77,INDIRECT("'"&$C77&"'!$B:$B"),0),3))),"#page=",I78),CONCATENATE("#Sharepoint//",$D77))} -> #Sharepoint//FRS_Line Voltage | J77: {=HYPERLINK(CONCATENATE(Cartelle!$D$5,INDEX(INDIRECT("'" & $C77 & "'!$1:$1"), 1, MATCH(INDIRECT(CONCATENATE("'" & $C77 & "'!",ADDRESS(MATCH($D77, INDIRECT("'" & $C77 & "'!$B:$B"), 0),MATCH(J$1, INDIRECT("'" & $C77 & "'!$1:$1"), 0)))),INDIRECT(CONCATENATE("'" & $C77 & "'!",MATCH($D77, INDIRECT("'" & $C77 & "'!$B:$B"), 0),":",MATCH($D77, INDIRECT("'" & $C77 & "'!$B:$B"), 0))),0)),"/",$C77,"/",MID($D77,1,FIND("_",$D77)-1),"/",INDIRECT(CONCATENATE("'" & $C77 & "'!",ADDRESS(MATCH($D77, INDIRECT("'" & $C77 & "'!$B:$B"), 0),MATCH(J$1, INDIRECT("'" & $C77 & "'!$1:$1"), 0)))),".",INDIRECT(CONCATENATE("'"&$C77&"'!",ADDRESS(MATCH($D77,INDIRECT("'"&$C77&"'!$B:$B"),0),3))),"#page=",J78),CONCATENATE("#Sharepoint//",$D77))} -> #Sharepoint//FRS_Line Voltage
E78: Rif. Pagina | F78: 27 | H78: 31 | I78: 29 | J78: 39
E79: Funzioni AI | F79: La funzione ferroviaria LV_Line_Interference_Monitor - Controllo correnti/interferenze indesiderate di linea è un sistema di monitoraggio che supervisiona le correnti interne e le interferenze indesiderate sulla linea ferroviaria. I componenti principali coinvolti sono il sistema di controllo IDU, il software TCMS e il PCU (Pantograph Control Unit). La logica di funzionamento attiva il sistema quando si verificano condizioni di interruzione del corrente, come ad esempio la mancata detección della tensione elettrica o l'eccesso di corrente. In caso di fallimento, il sistema viene supervisionato dal PCU per garantire la sicurezza e la stabilità della linea ferroviaria. Analisi — Funzione equivalente tra le seguenti configurazioni: VZI_Base, VZ_FR, VZ_ES, VZI-6_R1. | H79: **PARTE 1: Funzione LV_Line_Interference_Monitor per VZ_FR** La funzione LV_Line_Interference_Monitor è un sistema di controllo che monitora le correnti indesiderate di linea e limita la potenza estratta dalla catena elettrica. Per l'ETR1000, questa funzione è configurata come parte del sistema VZ_FR (pagina 31). La logica operativa prevede l'utilizzo di un dispositivo di limitazione della corrente sullo schermo IDU, che può essere impostato in modo da limitare la corrente in base alle condizioni di linea. **PARTE 2: Differenze rispetto alle altre configurazioni** Le principali differenze rispetto alle altre configurazioni sono: * Componenti elettrici/meccanici/software: VZ_FR utilizza un dispositivo di limitazione della corrente sullo schermo IDU, mentre le altre configurazioni (VZI_Base, VZ_ES) utilizzano dispositivi diversi. * Logica di funzionamento o condizioni operative: La logica operativa di VZ_FR è specifica per la catena elettrica 25 kV AC e richiede un dispositivo di limitazione della corrente differente rispetto alle altre configurazioni. * Requisiti o parametri tecnici: VZ_FR ha requisiti tecnici specifici per la limitazione della corrente, come ad esempio una massima corrente di 560 A per la catena elettrica 25 kV AC. * Sistemi o sottosistemi coinvolti: La funzione LV_Line_Interference_Monitor è parte del sistema VZ_FR, che include anche il sistema di controllo della potenza (TCMS) e i PCUs (Power Control Units). | I79: La funzione ferroviaria "LV_Line_Interference_Monitor — Controllo correnti/interferenze indesiderate di linea" è un sistema di sorveglianza che monitora le correnti elettriche indesiderate sulla linea ferroviaria. È composta da componenti elettrici/meccanici/software come il LIM (Line Interference Monitor), che misura la corrente, la tensione e il temperatura dell'olio dei trasformatori. La logica di funzionamento attiva il sistema in caso di anomalia, con condizioni di attivazione/disattivazione basate sulla deteczione della corrente indesiderata o sul fallimento del sistema. Il sistema è progettato per garantire un livello di sicurezza SIL 2 e richiede la presenza di almeno uno LIM per ogni mezzo ferroviario, con ridondanze e requisiti di sicurezza per garantire la stabilità e la sicurezza del sistema. Analisi — Funzione equivalente tra le seguenti configurazioni: VZI_Base, VZ_FR, VZ_ES, VZI-6_R1. | J79: La funzione ferroviaria LV_Line_Interference_Monitor - Controllo correnti/interferenze indesiderate di linea è un sistema di monitoraggio e controllo delle correnti interne e di interferenze nella linea elettrica del treno ad alta velocità ETR1000. Il sistema è composto da componenti elettrici/meccanici/software come il TCMS (System Management Unit) e l'HVSP (High Voltage System Protection), che lavorano insieme per supervisionare le correnti interne e di interferenze nella linea elettrica. La logica di funzionamento attiva il sistema in caso di deteczione di correnti interne o di interferenze indesiderate, con la possibilità di bypassare il sistema in caso di fallimento. Il sistema è progettato per garantire un livello di sicurezza SIL 2 e richiede l'installazione di almeno uno strumento di monitoraggio per ogni mezzo ferroviario. Analisi — Funzione equivalente tra le seguenti configurazioni: VZI_Base, VZ_FR, VZ_ES, VZI-6_R1.
A80: LV_LIM_50Hz_protection_bypass | B80: Bypass della protezione LIM 50 Hz | D80: \
C81: CONFIG | D81: FRS_Line Voltage | E81: Link | F81: {=HYPERLINK(CONCATENATE(Cartelle!$D$5,F$1,"/",$C81,"/",MID($D81,1,FIND("_",$D81)-1),"/",INDIRECT(CONCATENATE("'" & $C81 & "'!",ADDRESS(MATCH($D81, INDIRECT("'" & $C81 & "'!$B:$B"), 0),MATCH(F$1, INDIRECT("'" & $C81 & "'!$1:$1"), 0)))),".",INDIRECT(CONCATENATE("'"&$C81&"'!",ADDRESS(MATCH($D81,INDIRECT("'"&$C81&"'!$B:$B"),0),3))),"#page=",F82),CONCATENATE("#Sharepoint//",$D81))} -> #Sharepoint//FRS_Line Voltage | H81: {=HYPERLINK(CONCATENATE(Cartelle!$D$5,INDEX(INDIRECT("'" & $C81 & "'!$1:$1"), 1, MATCH(INDIRECT(CONCATENATE("'" & $C81 & "'!",ADDRESS(MATCH($D81, INDIRECT("'" & $C81 & "'!$B:$B"), 0),MATCH(H$1, INDIRECT("'" & $C81 & "'!$1:$1"), 0)))),INDIRECT(CONCATENATE("'" & $C81 & "'!",MATCH($D81, INDIRECT("'" & $C81 & "'!$B:$B"), 0),":",MATCH($D81, INDIRECT("'" & $C81 & "'!$B:$B"), 0))),0)),"/",$C81,"/",MID($D81,1,FIND("_",$D81)-1),"/",INDIRECT(CONCATENATE("'" & $C81 & "'!",ADDRESS(MATCH($D81, INDIRECT("'" & $C81 & "'!$B:$B"), 0),MATCH(H$1, INDIRECT("'" & $C81 & "'!$1:$1"), 0)))),".",INDIRECT(CONCATENATE("'"&$C81&"'!",ADDRESS(MATCH($D81,INDIRECT("'"&$C81&"'!$B:$B"),0),3))),"#page=",H82),CONCATENATE("#Sharepoint//",$D81))} -> #Sharepoint//FRS_Line Voltage | I81: {=HYPERLINK(CONCATENATE(Cartelle!$D$5,INDEX(INDIRECT("'" & $C81 & "'!$1:$1"), 1, MATCH(INDIRECT(CONCATENATE("'" & $C81 & "'!",ADDRESS(MATCH($D81, INDIRECT("'" & $C81 & "'!$B:$B"), 0),MATCH(I$1, INDIRECT("'" & $C81 & "'!$1:$1"), 0)))),INDIRECT(CONCATENATE("'" & $C81 & "'!",MATCH($D81, INDIRECT("'" & $C81 & "'!$B:$B"), 0),":",MATCH($D81, INDIRECT("'" & $C81 & "'!$B:$B"), 0))),0)),"/",$C81,"/",MID($D81,1,FIND("_",$D81)-1),"/",INDIRECT(CONCATENATE("'" & $C81 & "'!",ADDRESS(MATCH($D81, INDIRECT("'" & $C81 & "'!$B:$B"), 0),MATCH(I$1, INDIRECT("'" & $C81 & "'!$1:$1"), 0)))),".",INDIRECT(CONCATENATE("'"&$C81&"'!",ADDRESS(MATCH($D81,INDIRECT("'"&$C81&"'!$B:$B"),0),3))),"#page=",I82),CONCATENATE("#Sharepoint//",$D81))} -> #Sharepoint//FRS_Line Voltage | J81: {=HYPERLINK(CONCATENATE(Cartelle!$D$5,INDEX(INDIRECT("'" & $C81 & "'!$1:$1"), 1, MATCH(INDIRECT(CONCATENATE("'" & $C81 & "'!",ADDRESS(MATCH($D81, INDIRECT("'" & $C81 & "'!$B:$B"), 0),MATCH(J$1, INDIRECT("'" & $C81 & "'!$1:$1"), 0)))),INDIRECT(CONCATENATE("'" & $C81 & "'!",MATCH($D81, INDIRECT("'" & $C81 & "'!$B:$B"), 0),":",MATCH($D81, INDIRECT("'" & $C81 & "'!$B:$B"), 0))),0)),"/",$C81,"/",MID($D81,1,FIND("_",$D81)-1),"/",INDIRECT(CONCATENATE("'" & $C81 & "'!",ADDRESS(MATCH($D81, INDIRECT("'" & $C81 & "'!$B:$B"), 0),MATCH(J$1, INDIRECT("'" & $C81 & "'!$1:$1"), 0)))),".",INDIRECT(CONCATENATE("'"&$C81&"'!",ADDRESS(MATCH($D81,INDIRECT("'"&$C81&"'!$B:$B"),0),3))),"#page=",J82),CONCATENATE("#Sharepoint//",$D81))} -> #Sharepoint//FRS_Line Voltage
E82: Rif. Pagina | F82: 29 | H82: 34 | I82: 31 | J82: 42
E83: Funzioni AI
A84: LV_Neutral_Section_Passing | B84: Gestione del passaggio in sezione neutra: - automatica da ATP in caso di tratto neutro al cambio fase - inizializzata da ATP con selezione manuale deò PdC della tensione di linea, in caso di tratto neutro al cambio tensione | D84: \
C85: CONFIG | D85: FRS_Line Voltage | E85: Link | F85: {=HYPERLINK(CONCATENATE(Cartelle!$D$5,F$1,"/",$C85,"/",MID($D85,1,FIND("_",$D85)-1),"/",INDIRECT(CONCATENATE("'" & $C85 & "'!",ADDRESS(MATCH($D85, INDIRECT("'" & $C85 & "'!$B:$B"), 0),MATCH(F$1, INDIRECT("'" & $C85 & "'!$1:$1"), 0)))),".",INDIRECT(CONCATENATE("'"&$C85&"'!",ADDRESS(MATCH($D85,INDIRECT("'"&$C85&"'!$B:$B"),0),3))),"#page=",F86),CONCATENATE("#Sharepoint//",$D85))} -> #Sharepoint//FRS_Line Voltage | H85: {=HYPERLINK(CONCATENATE(Cartelle!$D$5,INDEX(INDIRECT("'" & $C85 & "'!$1:$1"), 1, MATCH(INDIRECT(CONCATENATE("'" & $C85 & "'!",ADDRESS(MATCH($D85, INDIRECT("'" & $C85 & "'!$B:$B"), 0),MATCH(H$1, INDIRECT("'" & $C85 & "'!$1:$1"), 0)))),INDIRECT(CONCATENATE("'" & $C85 & "'!",MATCH($D85, INDIRECT("'" & $C85 & "'!$B:$B"), 0),":",MATCH($D85, INDIRECT("'" & $C85 & "'!$B:$B"), 0))),0)),"/",$C85,"/",MID($D85,1,FIND("_",$D85)-1),"/",INDIRECT(CONCATENATE("'" & $C85 & "'!",ADDRESS(MATCH($D85, INDIRECT("'" & $C85 & "'!$B:$B"), 0),MATCH(H$1, INDIRECT("'" & $C85 & "'!$1:$1"), 0)))),".",INDIRECT(CONCATENATE("'"&$C85&"'!",ADDRESS(MATCH($D85,INDIRECT("'"&$C85&"'!$B:$B"),0),3))),"#page=",H86),CONCATENATE("#Sharepoint//",$D85))} -> #Sharepoint//FRS_Line Voltage | I85: {=HYPERLINK(CONCATENATE(Cartelle!$D$5,INDEX(INDIRECT("'" & $C85 & "'!$1:$1"), 1, MATCH(INDIRECT(CONCATENATE("'" & $C85 & "'!",ADDRESS(MATCH($D85, INDIRECT("'" & $C85 & "'!$B:$B"), 0),MATCH(I$1, INDIRECT("'" & $C85 & "'!$1:$1"), 0)))),INDIRECT(CONCATENATE("'" & $C85 & "'!",MATCH($D85, INDIRECT("'" & $C85 & "'!$B:$B"), 0),":",MATCH($D85, INDIRECT("'" & $C85 & "'!$B:$B"), 0))),0)),"/",$C85,"/",MID($D85,1,FIND("_",$D85)-1),"/",INDIRECT(CONCATENATE("'" & $C85 & "'!",ADDRESS(MATCH($D85, INDIRECT("'" & $C85 & "'!$B:$B"), 0),MATCH(I$1, INDIRECT("'" & $C85 & "'!$1:$1"), 0)))),".",INDIRECT(CONCATENATE("'"&$C85&"'!",ADDRESS(MATCH($D85,INDIRECT("'"&$C85&"'!$B:$B"),0),3))),"#page=",I86),CONCATENATE("#Sharepoint//",$D85))} -> #Sharepoint//FRS_Line Voltage | J85: {=HYPERLINK(CONCATENATE(Cartelle!$D$5,INDEX(INDIRECT("'" & $C85 & "'!$1:$1"), 1, MATCH(INDIRECT(CONCATENATE("'" & $C85 & "'!",ADDRESS(MATCH($D85, INDIRECT("'" & $C85 & "'!$B:$B"), 0),MATCH(J$1, INDIRECT("'" & $C85 & "'!$1:$1"), 0)))),INDIRECT(CONCATENATE("'" & $C85 & "'!",MATCH($D85, INDIRECT("'" & $C85 & "'!$B:$B"), 0),":",MATCH($D85, INDIRECT("'" & $C85 & "'!$B:$B"), 0))),0)),"/",$C85,"/",MID($D85,1,FIND("_",$D85)-1),"/",INDIRECT(CONCATENATE("'" & $C85 & "'!",ADDRESS(MATCH($D85, INDIRECT("'" & $C85 & "'!$B:$B"), 0),MATCH(J$1, INDIRECT("'" & $C85 & "'!$1:$1"), 0)))),".",INDIRECT(CONCATENATE("'"&$C85&"'!",ADDRESS(MATCH($D85,INDIRECT("'"&$C85&"'!$B:$B"),0),3))),"#page=",J86),CONCATENATE("#Sharepoint//",$D85))} -> #Sharepoint//FRS_Line Voltage
E86: Rif. Pagina | F86: 30 | H86: 35 | I86: 32 | J86: 43
E87: Funzioni AI
A88: LV_System_Selection | B88: Selezione tramite commutatore a 4 posizioni della tensione di linea (25 kV AC, 15 kV AC, 3 kV DC o 1,5 kV DC) | D88: \
C89: CONFIG | D89: FRS_Line Voltage | E89: Link | F89: {=HYPERLINK(CONCATENATE(Cartelle!$D$5,F$1,"/",$C89,"/",MID($D89,1,FIND("_",$D89)-1),"/",INDIRECT(CONCATENATE("'" & $C89 & "'!",ADDRESS(MATCH($D89, INDIRECT("'" & $C89 & "'!$B:$B"), 0),MATCH(F$1, INDIRECT("'" & $C89 & "'!$1:$1"), 0)))),".",INDIRECT(CONCATENATE("'"&$C89&"'!",ADDRESS(MATCH($D89,INDIRECT("'"&$C89&"'!$B:$B"),0),3))),"#page=",F90),CONCATENATE("#Sharepoint//",$D89))} -> #Sharepoint//FRS_Line Voltage | H89: {=HYPERLINK(CONCATENATE(Cartelle!$D$5,INDEX(INDIRECT("'" & $C89 & "'!$1:$1"), 1, MATCH(INDIRECT(CONCATENATE("'" & $C89 & "'!",ADDRESS(MATCH($D89, INDIRECT("'" & $C89 & "'!$B:$B"), 0),MATCH(H$1, INDIRECT("'" & $C89 & "'!$1:$1"), 0)))),INDIRECT(CONCATENATE("'" & $C89 & "'!",MATCH($D89, INDIRECT("'" & $C89 & "'!$B:$B"), 0),":",MATCH($D89, INDIRECT("'" & $C89 & "'!$B:$B"), 0))),0)),"/",$C89,"/",MID($D89,1,FIND("_",$D89)-1),"/",INDIRECT(CONCATENATE("'" & $C89 & "'!",ADDRESS(MATCH($D89, INDIRECT("'" & $C89 & "'!$B:$B"), 0),MATCH(H$1, INDIRECT("'" & $C89 & "'!$1:$1"), 0)))),".",INDIRECT(CONCATENATE("'"&$C89&"'!",ADDRESS(MATCH($D89,INDIRECT("'"&$C89&"'!$B:$B"),0),3))),"#page=",H90),CONCATENATE("#Sharepoint//",$D89))} -> #Sharepoint//FRS_Line Voltage | I89: {=HYPERLINK(CONCATENATE(Cartelle!$D$5,INDEX(INDIRECT("'" & $C89 & "'!$1:$1"), 1, MATCH(INDIRECT(CONCATENATE("'" & $C89 & "'!",ADDRESS(MATCH($D89, INDIRECT("'" & $C89 & "'!$B:$B"), 0),MATCH(I$1, INDIRECT("'" & $C89 & "'!$1:$1"), 0)))),INDIRECT(CONCATENATE("'" & $C89 & "'!",MATCH($D89, INDIRECT("'" & $C89 & "'!$B:$B"), 0),":",MATCH($D89, INDIRECT("'" & $C89 & "'!$B:$B"), 0))),0)),"/",$C89,"/",MID($D89,1,FIND("_",$D89)-1),"/",INDIRECT(CONCATENATE("'" & $C89 & "'!",ADDRESS(MATCH($D89, INDIRECT("'" & $C89 & "'!$B:$B"), 0),MATCH(I$1, INDIRECT("'" & $C89 & "'!$1:$1"), 0)))),".",INDIRECT(CONCATENATE("'"&$C89&"'!",ADDRESS(MATCH($D89,INDIRECT("'"&$C89&"'!$B:$B"),0),3))),"#page=",I90),CONCATENATE("#Sharepoint//",$D89))} -> #Sharepoint//FRS_Line Voltage | J89: {=HYPERLINK(CONCATENATE(Cartelle!$D$5,INDEX(INDIRECT("'" & $C89 & "'!$1:$1"), 1, MATCH(INDIRECT(CONCATENATE("'" & $C89 & "'!",ADDRESS(MATCH($D89, INDIRECT("'" & $C89 & "'!$B:$B"), 0),MATCH(J$1, INDIRECT("'" & $C89 & "'!$1:$1"), 0)))),INDIRECT(CONCATENATE("'" & $C89 & "'!",MATCH($D89, INDIRECT("'" & $C89 & "'!$B:$B"), 0),":",MATCH($D89, INDIRECT("'" & $C89 & "'!$B:$B"), 0))),0)),"/",$C89,"/",MID($D89,1,FIND("_",$D89)-1),"/",INDIRECT(CONCATENATE("'" & $C89 & "'!",ADDRESS(MATCH($D89, INDIRECT("'" & $C89 & "'!$B:$B"), 0),MATCH(J$1, INDIRECT("'" & $C89 & "'!$1:$1"), 0)))),".",INDIRECT(CONCATENATE("'"&$C89&"'!",ADDRESS(MATCH($D89,INDIRECT("'"&$C89&"'!$B:$B"),0),3))),"#page=",J90),CONCATENATE("#Sharepoint//",$D89))} -> #Sharepoint//FRS_Line Voltage
E90: Rif. Pagina | F90: 34 | H90: 39 | I90: 35 | J90: 47
E91: Funzioni AI
A92: LV_Line_Circuit_Breaker_Closing | B92: Chiusura dell’interruttore di linea (LCB) per collegare la tensione di linea al treno | D92: \
C93: CONFIG | D93: FRS_Line Voltage | E93: Link | F93: {=HYPERLINK(CONCATENATE(Cartelle!$D$5,F$1,"/",$C93,"/",MID($D93,1,FIND("_",$D93)-1),"/",INDIRECT(CONCATENATE("'" & $C93 & "'!",ADDRESS(MATCH($D93, INDIRECT("'" & $C93 & "'!$B:$B"), 0),MATCH(F$1, INDIRECT("'" & $C93 & "'!$1:$1"), 0)))),".",INDIRECT(CONCATENATE("'"&$C93&"'!",ADDRESS(MATCH($D93,INDIRECT("'"&$C93&"'!$B:$B"),0),3))),"#page=",F94),CONCATENATE("#Sharepoint//",$D93))} -> #Sharepoint//FRS_Line Voltage | H93: {=HYPERLINK(CONCATENATE(Cartelle!$D$5,INDEX(INDIRECT("'" & $C93 & "'!$1:$1"), 1, MATCH(INDIRECT(CONCATENATE("'" & $C93 & "'!",ADDRESS(MATCH($D93, INDIRECT("'" & $C93 & "'!$B:$B"), 0),MATCH(H$1, INDIRECT("'" & $C93 & "'!$1:$1"), 0)))),INDIRECT(CONCATENATE("'" & $C93 & "'!",MATCH($D93, INDIRECT("'" & $C93 & "'!$B:$B"), 0),":",MATCH($D93, INDIRECT("'" & $C93 & "'!$B:$B"), 0))),0)),"/",$C93,"/",MID($D93,1,FIND("_",$D93)-1),"/",INDIRECT(CONCATENATE("'" & $C93 & "'!",ADDRESS(MATCH($D93, INDIRECT("'" & $C93 & "'!$B:$B"), 0),MATCH(H$1, INDIRECT("'" & $C93 & "'!$1:$1"), 0)))),".",INDIRECT(CONCATENATE("'"&$C93&"'!",ADDRESS(MATCH($D93,INDIRECT("'"&$C93&"'!$B:$B"),0),3))),"#page=",H94),CONCATENATE("#Sharepoint//",$D93))} -> #Sharepoint//FRS_Line Voltage | I93: {=HYPERLINK(CONCATENATE(Cartelle!$D$5,INDEX(INDIRECT("'" & $C93 & "'!$1:$1"), 1, MATCH(INDIRECT(CONCATENATE("'" & $C93 & "'!",ADDRESS(MATCH($D93, INDIRECT("'" & $C93 & "'!$B:$B"), 0),MATCH(I$1, INDIRECT("'" & $C93 & "'!$1:$1"), 0)))),INDIRECT(CONCATENATE("'" & $C93 & "'!",MATCH($D93, INDIRECT("'" & $C93 & "'!$B:$B"), 0),":",MATCH($D93, INDIRECT("'" & $C93 & "'!$B:$B"), 0))),0)),"/",$C93,"/",MID($D93,1,FIND("_",$D93)-1),"/",INDIRECT(CONCATENATE("'" & $C93 & "'!",ADDRESS(MATCH($D93, INDIRECT("'" & $C93 & "'!$B:$B"), 0),MATCH(I$1, INDIRECT("'" & $C93 & "'!$1:$1"), 0)))),".",INDIRECT(CONCATENATE("'"&$C93&"'!",ADDRESS(MATCH($D93,INDIRECT("'"&$C93&"'!$B:$B"),0),3))),"#page=",I94),CONCATENATE("#Sharepoint//",$D93))} -> #Sharepoint//FRS_Line Voltage | J93: {=HYPERLINK(CONCATENATE(Cartelle!$D$5,INDEX(INDIRECT("'" & $C93 & "'!$1:$1"), 1, MATCH(INDIRECT(CONCATENATE("'" & $C93 & "'!",ADDRESS(MATCH($D93, INDIRECT("'" & $C93 & "'!$B:$B"), 0),MATCH(J$1, INDIRECT("'" & $C93 & "'!$1:$1"), 0)))),INDIRECT(CONCATENATE("'" & $C93 & "'!",MATCH($D93, INDIRECT("'" & $C93 & "'!$B:$B"), 0),":",MATCH($D93, INDIRECT("'" & $C93 & "'!$B:$B"), 0))),0)),"/",$C93,"/",MID($D93,1,FIND("_",$D93)-1),"/",INDIRECT(CONCATENATE("'" & $C93 & "'!",ADDRESS(MATCH($D93, INDIRECT("'" & $C93 & "'!$B:$B"), 0),MATCH(J$1, INDIRECT("'" & $C93 & "'!$1:$1"), 0)))),".",INDIRECT(CONCATENATE("'"&$C93&"'!",ADDRESS(MATCH($D93,INDIRECT("'"&$C93&"'!$B:$B"),0),3))),"#page=",J94),CONCATENATE("#Sharepoint//",$D93))} -> #Sharepoint//FRS_Line Voltage
E94: Rif. Pagina | F94: 37 | H94: 42 | I94: 38 | J94: 50
E95: Funzioni AI
A96: LV_Line_Circuit_Breaker_Opening | B96: Apertura LCB su comando o per intervento protezione | D96: \
C97: CONFIG | D97: FRS_Line Voltage | E97: Link | F97: {=HYPERLINK(CONCATENATE(Cartelle!$D$5,F$1,"/",$C97,"/",MID($D97,1,FIND("_",$D97)-1),"/",INDIRECT(CONCATENATE("'" & $C97 & "'!",ADDRESS(MATCH($D97, INDIRECT("'" & $C97 & "'!$B:$B"), 0),MATCH(F$1, INDIRECT("'" & $C97 & "'!$1:$1"), 0)))),".",INDIRECT(CONCATENATE("'"&$C97&"'!",ADDRESS(MATCH($D97,INDIRECT("'"&$C97&"'!$B:$B"),0),3))),"#page=",F98),CONCATENATE("#Sharepoint//",$D97))} -> #Sharepoint//FRS_Line Voltage | H97: {=HYPERLINK(CONCATENATE(Cartelle!$D$5,INDEX(INDIRECT("'" & $C97 & "'!$1:$1"), 1, MATCH(INDIRECT(CONCATENATE("'" & $C97 & "'!",ADDRESS(MATCH($D97, INDIRECT("'" & $C97 & "'!$B:$B"), 0),MATCH(H$1, INDIRECT("'" & $C97 & "'!$1:$1"), 0)))),INDIRECT(CONCATENATE("'" & $C97 & "'!",MATCH($D97, INDIRECT("'" & $C97 & "'!$B:$B"), 0),":",MATCH($D97, INDIRECT("'" & $C97 & "'!$B:$B"), 0))),0)),"/",$C97,"/",MID($D97,1,FIND("_",$D97)-1),"/",INDIRECT(CONCATENATE("'" & $C97 & "'!",ADDRESS(MATCH($D97, INDIRECT("'" & $C97 & "'!$B:$B"), 0),MATCH(H$1, INDIRECT("'" & $C97 & "'!$1:$1"), 0)))),".",INDIRECT(CONCATENATE("'"&$C97&"'!",ADDRESS(MATCH($D97,INDIRECT("'"&$C97&"'!$B:$B"),0),3))),"#page=",H98),CONCATENATE("#Sharepoint//",$D97))} -> #Sharepoint//FRS_Line Voltage | I97: {=HYPERLINK(CONCATENATE(Cartelle!$D$5,INDEX(INDIRECT("'" & $C97 & "'!$1:$1"), 1, MATCH(INDIRECT(CONCATENATE("'" & $C97 & "'!",ADDRESS(MATCH($D97, INDIRECT("'" & $C97 & "'!$B:$B"), 0),MATCH(I$1, INDIRECT("'" & $C97 & "'!$1:$1"), 0)))),INDIRECT(CONCATENATE("'" & $C97 & "'!",MATCH($D97, INDIRECT("'" & $C97 & "'!$B:$B"), 0),":",MATCH($D97, INDIRECT("'" & $C97 & "'!$B:$B"), 0))),0)),"/",$C97,"/",MID($D97,1,FIND("_",$D97)-1),"/",INDIRECT(CONCATENATE("'" & $C97 & "'!",ADDRESS(MATCH($D97, INDIRECT("'" & $C97 & "'!$B:$B"), 0),MATCH(I$1, INDIRECT("'" & $C97 & "'!$1:$1"), 0)))),".",INDIRECT(CONCATENATE("'"&$C97&"'!",ADDRESS(MATCH($D97,INDIRECT("'"&$C97&"'!$B:$B"),0),3))),"#page=",I98),CONCATENATE("#Sharepoint//",$D97))} -> #Sharepoint//FRS_Line Voltage | J97: {=HYPERLINK(CONCATENATE(Cartelle!$D$5,INDEX(INDIRECT("'" & $C97 & "'!$1:$1"), 1, MATCH(INDIRECT(CONCATENATE("'" & $C97 & "'!",ADDRESS(MATCH($D97, INDIRECT("'" & $C97 & "'!$B:$B"), 0),MATCH(J$1, INDIRECT("'" & $C97 & "'!$1:$1"), 0)))),INDIRECT(CONCATENATE("'" & $C97 & "'!",MATCH($D97, INDIRECT("'" & $C97 & "'!$B:$B"), 0),":",MATCH($D97, INDIRECT("'" & $C97 & "'!$B:$B"), 0))),0)),"/",$C97,"/",MID($D97,1,FIND("_",$D97)-1),"/",INDIRECT(CONCATENATE("'" & $C97 & "'!",ADDRESS(MATCH($D97, INDIRECT("'" & $C97 & "'!$B:$B"), 0),MATCH(J$1, INDIRECT("'" & $C97 & "'!$1:$1"), 0)))),".",INDIRECT(CONCATENATE("'"&$C97&"'!",ADDRESS(MATCH($D97,INDIRECT("'"&$C97&"'!$B:$B"),0),3))),"#page=",J98),CONCATENATE("#Sharepoint//",$D97))} -> #Sharepoint//FRS_Line Voltage
E98: Rif. Pagina | F98: 40 | H98: 46 | I98: 42 | J98: 56
E99: Funzioni AI
A100: LV_Isolate_High_Voltage | B100: Isolamento di sezioni HV guaste per mantenere disponibile parte della trazione | D100: \
...

Sheet PBS (TBD)
A1: Impianto | B1: Gruppo/Componente | C1: P/N | D1: Applicabilità flotte | K1: Manuale | N1: CPR | Q1: Raccolta doc | S1: Schema elettrico | U1: Schema Pneumatico
D2: VZI_Base | E2: VZI_New14 | F2: VZ_FR | G2: VZ_ES | H2: VZI-6_R1 | I2: VZI-4_R1 | J2: VZ_DAI | K2: File | L2: Pag | M2: Link | N2: File | O2: Pag | P2: Link | Q2: Cartella | R2: Link | S2: Pag | T2: Link | U2: Pag | V2: Link
A3: PANTOGRAFO | D3: . | E3: . | F3: . | G3: . | H3: . | I3: . | J3: .
B4: CAPTAZIONE | D4: .. | E4: .. | F4: .. | G4: .. | H4: .. | I4: .. | J4: ..
B5: Pantografo 25 kV | C5: 10574479 | D5: T4-T5 | E5: T4-T5 | F5: X | H5: T4-T5 | K5: ETR1000V300-MR1-04A-Equip elettrico ed elettropneumatico-06 - TOMO 1.pdf | L5: 161 | M5: =HYPERLINK(CONCATENATE(Cartelle!$A$2,Cartelle!$D$2,Cartelle!#REF!,'PBS (TBD)'!K5,"#page=",'PBS (TBD)'!L5),"#") -> #REF! | N5: ETR1000-CPR_04C_2.05.1002_Pantografo_Mar21.pdf | O5: 93 | P5: =HYPERLINK(CONCATENATE(Cartelle!$A$2,Cartelle!#REF!,Cartelle!#REF!,'PBS (TBD)'!N5,"#page=",'PBS (TBD)'!O5),"#") -> #REF!
B6: Pantografo 3 kV | C6: 10542152 | D6: TT2-TT7 | E6: TT2-TT7 | F6: X | H6: TT2-TT7 | K6: ETR1000V300-MR1-04A-Equip elettrico ed elettropneumatico-06 - TOMO 1.pdf | L6: 180 | M6: =HYPERLINK(CONCATENATE(Cartelle!$A$2,Cartelle!$D$2,Cartelle!#REF!,'PBS (TBD)'!K6,"#page=",'PBS (TBD)'!L6),"#") -> #REF! | N6: ETR1000-CPR_04C_2.05.1002_Pantografo_Mar21.pdf | O6: 33 | P6: =HYPERLINK(CONCATENATE(Cartelle!$A$2,Cartelle!#REF!,Cartelle!#REF!,'PBS (TBD)'!N6,"#page=",'PBS (TBD)'!O6),"#") -> #REF!
B7: Pantografo 1,5 kV
B8: CONTROLLO | D8: .. | E8: .. | F8: .. | G8: .. | H8: .. | I8: .. | J8: ..
B9: PPU | C9: 0102895 | D9: TT2-T4-T5-TT7
B10: PPU | C10: 232C10395F | E10: TT2-T4-T5-TT7 | Q10: 232C10395F | R10: =HYPERLINK(CONCATENATE(Cartelle!$A$2,Cartelle!#REF!,'PBS (TBD)'!Q10),"#") -> #REF!
B11: PPU | C11: 231C100036B | H11: TT2-T4-T5-TT7
A12: TCMS | D12: . | E12: . | F12: . | G12: . | H12: . | I12: . | J12: .
B13: CONTROLLO | D13: .. | E13: .. | F13: .. | G13: .. | H13: .. | I13: .. | J13: ..
B14: CCU-O Dual MVB (DCY1110B) | C14: 3EST000225-5707 | D14: DM1-DM8 | E14: DM1-DM8 | K14: ETR1000V300-MR1-05A-Logica di comando-03.pdf | L14: 113 | M14: =HYPERLINK(CONCATENATE(Cartelle!$A$2,Cartelle!$D$2,Cartelle!#REF!,'PBS (TBD)'!K14,"#page=",'PBS (TBD)'!L14),"#") -> #REF! | N14: ETR1000-CPR_05_2.05.1004_Logica di comando_Aprile2021.pdf | O14: 48 | P14: =HYPERLINK(CONCATENATE(Cartelle!$A$2,Cartelle!#REF!,Cartelle!#REF!,'PBS (TBD)'!N14,"#page=",'PBS (TBD)'!O14),"#") -> #REF!
B15: CCU-C 2ETH (DCY1550A) | C15: 3EST000225-5711 | D15: DM1-M3-DM8 | E15: DM1-M3-DM8 | K15: ETR1000V300-MR1-05A-Logica di comando-03.pdf | L15: 121 | M15: =HYPERLINK(CONCATENATE(Cartelle!$A$2,Cartelle!$D$2,Cartelle!#REF!,'PBS (TBD)'!K15,"#page=",'PBS (TBD)'!L15),"#") -> #REF! | N15: ETR1000-CPR_05_2.05.1004_Logica di comando_Aprile2021.pdf | O15: 52 | P15: =HYPERLINK(CONCATENATE(Cartelle!$A$2,Cartelle!#REF!,Cartelle!#REF!,'PBS (TBD)'!N15,"#page=",'PBS (TBD)'!O15),"#") -> #REF!
B16: CCU-S (DCY 1660A) | C16: 3EST000221-6430 | D16: DM1-DM8 | E16: DM1-DM8 | K16: ETR1000V300-MR1-05A-Logica di comando-03.pdf | L16: 124 | M16: =HYPERLINK(CONCATENATE(Cartelle!$A$2,Cartelle!$D$2,Cartelle!#REF!,'PBS (TBD)'!K16,"#page=",'PBS (TBD)'!L16),"#") -> #REF! | N16: ETR1000-CPR_05_2.05.1004_Logica di comando_Aprile2021.pdf | O16: 44 | P16: =HYPERLINK(CONCATENATE(Cartelle!$A$2,Cartelle!#REF!,Cartelle!#REF!,'PBS (TBD)'!N16,"#page=",'PBS (TBD)'!O16),"#") -> #REF!
B17: MIO-DXH4-S (DCS 2222B) | C17: 3EST000228-0629 | D17: DM1-DM8 | K17: ETR1000V300-MR1-05A-Logica di comando-03.pdf | L17: 175 | M17: =HYPERLINK(CONCATENATE(Cartelle!$A$2,Cartelle!$D$2,Cartelle!#REF!,'PBS (TBD)'!K17,"#page=",'PBS (TBD)'!L17),"#") -> #REF! | N17: ETR1000-CPR_05_2.05.1004_Logica di comando_Aprile2021.pdf | O17: 70 | P17: =HYPERLINK(CONCATENATE(Cartelle!$A$2,Cartelle!#REF!,Cartelle!#REF!,'PBS (TBD)'!N17,"#page=",'PBS (TBD)'!O17),"#") -> #REF!
B18: MIO-S (DCS 2222C) | C18: 3EST000230-5830 | E18: DM1-DM8 | N18: ETR1000-CPR_05_2.05.1004_Logica di comando_Aprile2021.pdf | O18: 28 | P18: =HYPERLINK(CONCATENATE(Cartelle!$A$2,Cartelle!#REF!,Cartelle!#REF!,'PBS (TBD)'!N18,"#page=",'PBS (TBD)'!O18),"#") -> #REF!
B19: MIO-S-AI1+DXH3 (DCS 7222B) | C19: 3EST000228-3395 | D19: DM1-DM8 | K19: ETR1000V300-MR1-05A-Logica di comando-03.pdf | L19: 175 | M19: =HYPERLINK(CONCATENATE(Cartelle!$A$2,Cartelle!$D$2,Cartelle!#REF!,'PBS (TBD)'!K19,"#page=",'PBS (TBD)'!L19),"#") -> #REF! | N19: ETR1000-CPR_05_2.05.1004_Logica di comando_Aprile2021.pdf | O19: 74 | P19: =HYPERLINK(CONCATENATE(Cartelle!$A$2,Cartelle!#REF!,Cartelle!#REF!,'PBS (TBD)'!N19,"#page=",'PBS (TBD)'!O19),"#") -> #REF!
B20: MIO-S (DCS 7222B) | C20: 3EST000230-5833 | E20: DM1-DM8 | N20: ETR1000-CPR_05_2.05.1004_Logica di comando_Aprile2021.pdf | O20: 84 | P20: =HYPERLINK(CONCATENATE(Cartelle!$A$2,Cartelle!#REF!,Cartelle!#REF!,'PBS (TBD)'!N20,"#page=",'PBS (TBD)'!O20),"#") -> #REF!
B21: MIO-S-AI1+DXH2 (DCS 7220B) | C21: 3EST000228-3394 | D21: Tutte | E21: Tutte | K21: ETR1000V300-MR1-05A-Logica di comando-03.pdf | L21: 175 | M21: =HYPERLINK(CONCATENATE(Cartelle!$A$2,Cartelle!$D$2,Cartelle!#REF!,'PBS (TBD)'!K21,"#page=",'PBS (TBD)'!L21),"#") -> #REF! | N21: ETR1000-CPR_05_2.05.1004_Logica di comando_Aprile2021.pdf | O21: 76 | P21: =HYPERLINK(CONCATENATE(Cartelle!$A$2,Cartelle!#REF!,Cartelle!#REF!,'PBS (TBD)'!N21,"#page=",'PBS (TBD)'!O21),"#") -> #REF!
B22: MIO-DXH4 (DCX 2222A) | C22: 3EST000209-5696 | D22: Tutte | E22: Tutte | K22: ETR1000V300-MR1-05A-Logica di comando-03.pdf | L22: 150 | M22: =HYPERLINK(CONCATENATE(Cartelle!$A$2,Cartelle!$D$2,Cartelle!#REF!,'PBS (TBD)'!K22,"#page=",'PBS (TBD)'!L22),"#") -> #REF! | N22: ETR1000-CPR_05_2.05.1004_Logica di comando_Aprile2021.pdf | O22: 62 | P22: =HYPERLINK(CONCATENATE(Cartelle!$A$2,Cartelle!#REF!,Cartelle!#REF!,'PBS (TBD)'!N22,"#page=",'PBS (TBD)'!O22),"#") -> #REF!
B23: MIO-DX1H (DCX 2000A) | C23: 3EST000209-5690 | D23: M3 | E23: M3 | K23: ETR1000V300-MR1-05A-Logica di comando-03.pdf | L23: 151 | M23: =HYPERLINK(CONCATENATE(Cartelle!$A$2,Cartelle!$D$2,Cartelle!#REF!,'PBS (TBD)'!K23,"#page=",'PBS (TBD)'!L23),"#") -> #REF! | N23: ETR1000-CPR_05_2.05.1004_Logica di comando_Aprile2021.pdf | O23: 82 | P23: =HYPERLINK(CONCATENATE(Cartelle!$A$2,Cartelle!#REF!,Cartelle!#REF!,'PBS (TBD)'!N23,"#page=",'PBS (TBD)'!O23),"#") -> #REF!
B24: MIO-DX3H (DCX 2220A) | C24: 3EST000209-5694 | D24: Tutte | E24: Tutte | K24: ETR1000V300-MR1-05A-Logica di comando-03.pdf | L24: 151 | M24: =HYPERLINK(CONCATENATE(Cartelle!$A$2,Cartelle!$D$2,Cartelle!#REF!,'PBS (TBD)'!K24,"#page=",'PBS (TBD)'!L24),"#") -> #REF! | N24: ETR1000-CPR_05_2.05.1004_Logica di comando_Aprile2021.pdf | O24: 66 | P24: =HYPERLINK(CONCATENATE(Cartelle!$A$2,Cartelle!#REF!,Cartelle!#REF!,'PBS (TBD)'!N24,"#page=",'PBS (TBD)'!O24),"#") -> #REF!
B25: CDU-H03 | C25: HW01107958-00 | H25: DM1-DM8 | I25: DM1-DM8 | K25: ETR1000-V300ZEFIRO-R1_MR1-05A_R03.pdf | L25: 94 | M25: =HYPERLINK(CONCATENATE(Cartelle!$A$2,Cartelle!$D$2,Cartelle!#REF!,'PBS (TBD)'!K25,"#page=",'PBS (TBD)'!L25),"#") -> #REF!
B26: DU-H03 | C26: HW02298449-00 | H26: DM1-DM8 | I26: DM1-DM8
B27: DU-H04 (OBS) | C27: HW02298458-00 | H27: M3 | I27: M3
B28: DU-H05 (PIS-ALG) | C28: HW02298473-00 | H28: M3 | I28: M3
B29: RIO-LP (CUSFE684-H05) | C29: HW01107911-00 | H29: DM1-DM8 | I29: DM1-DM8
B30: RIO-C5/C6 (CUSFE684-H06) | C30: HW01107914-00 | H30: DM1-DM8 | I30: DM1-DM8
B31: RIO-EB-01 (CUSFE684-H01) | C31: HW01107901-00 | H31: DM1-DM8 | I31: DM1-DM8 | N31: ETR1000-V300ZEFIRO-R1_CPR-05A_2.05.1408_R02.pdf | O31: 40 | P31: =HYPERLINK(CONCATENATE(Cartelle!$A$2,Cartelle!#REF!,Cartelle!#REF!,'PBS (TBD)'!N31,"#page=",'PBS (TBD)'!O31),"#") -> #REF!
B32: RIO-EB-02 (CUSFE684-H02) | C32: HW01107904-00 | H32: TT2-TT7 | I32: TT2-TT7
B33: RIO-EB-03 (CUSFE684-H03) | C33: HW01107905-00 | H33: M3-M6 | I33: M3-M6
B34: RIO-EB-04 (CUSFE684-H04) | C34: HW01107908-00 | H34: T4-T5 | I34: T4-T5
B35: RIO-C2-01 (CURSE32-H01) | C35: HW01107953-00 | H35: DM1-TT2-M3-M6-TT7-DM8 | I35: DM1-TT2-M3-M6-TT7-DM8
B36: RIO-C2-02 (CURSE32-H02) | C36: HW01107954-00 | H36: T4-T5 | I36: T4-T5
B37: DIAGNOSTICA | D37: .. | E37: .. | F37: .. | G37: .. | H37: .. | I37: .. | J37: ..
B38: MCG (DCZ 2424B) | C38: 3EST000225-7169 | D38: X | K38: ETR1000V300-MR1-05A-Logica di comando-03.pdf | L38: 152 | M38: =HYPERLINK(CONCATENATE(Cartelle!$A$2,Cartelle!$D$2,Cartelle!#REF!,'PBS (TBD)'!K38,"#page=",'PBS (TBD)'!L38),"#") -> #REF! | N38: ETR1000-CPR_05_2.05.1004_Logica di comando_Aprile2021.pdf | O38: 84 | P38: =HYPERLINK(CONCATENATE(Cartelle!$A$2,Cartelle!#REF!,Cartelle!#REF!,'PBS (TBD)'!N38,"#page=",'PBS (TBD)'!O38),"#") -> #REF!
B39: MCG | C39: 3EST000234-1560 | E39: X | N39: ETR1000-CPR_05_2.05.1004_Logica di comando_Aprile2021.pdf | O39: 32 | P39: =HYPERLINK(CONCATENATE(Cartelle!$A$2,Cartelle!#REF!,Cartelle!#REF!,'PBS (TBD)'!N39,"#page=",'PBS (TBD)'!O39),"#") -> #REF!
B40: IDU | C40: 3EST000223-8802 | D40: DM1-M3-DM8 | E40: DM1-M3-DM8 | N40: ETR1000-CPR_05_2.05.1004_Logica di comando_Aprile2021.pdf | O40: 32 | P40: =HYPERLINK(CONCATENATE(Cartelle!$A$2,Cartelle!#REF!,Cartelle!#REF!,'PBS (TBD)'!N40,"#page=",'PBS (TBD)'!O40),"#") -> #REF!
B41: IDU | C41: EC030021237P01 | H41: DM1-M3-DM8 | I41: DM1-M3-DM8 | K41: ETR1000-V300ZEFIRO-R1_MR1-05A_R03.pdf | L41: 98 | M41: =HYPERLINK(CONCATENATE(Cartelle!$A$2,Cartelle!$D$2,Cartelle!#REF!,'PBS (TBD)'!K41,"#page=",'PBS (TBD)'!L41),"#") -> #REF!
B42: RETE / COMUNICAZIONE | D42: .. | E42: .. | F42: .. | G42: .. | H42: .. | I42: .. | J42: ..
B43: MCG Antenna WLAN/GSM GPS | C43: 3EST000212-2155 | D43: M3 | K43: ETR1000V300-MR1-05A-Logica di comando-03.pdf | L43: 163 | M43: =HYPERLINK(CONCATENATE(Cartelle!$A$2,Cartelle!$D$2,Cartelle!#REF!,'PBS (TBD)'!K43,"#page=",'PBS (TBD)'!L43),"#") -> #REF! | N43: ETR1000-CPR_05_2.05.1004_Logica di comando_Aprile2021.pdf | O43: 32 | P43: =HYPERLINK(CONCATENATE(Cartelle!$A$2,Cartelle!#REF!,Cartelle!#REF!,'PBS (TBD)'!N43,"#page=",'PBS (TBD)'!O43),"#") -> #REF!
B44: MCG Antenna WLAN/GSM GPS | C44: 3EH-232550R0005 | E44: M3 | N44: ETR1000-CPR_05_2.05.1004_Logica di comando_Aprile2021.pdf | O44: 32 | P44: =HYPERLINK(CONCATENATE(Cartelle!$A$2,Cartelle!#REF!,Cartelle!#REF!,'PBS (TBD)'!N44,"#page=",'PBS (TBD)'!O44),"#") -> #REF!
B45: TCN GW-S DCY 1703A | C45: EST000221-6460 | D45: DM1-DM8 | E45: DM1-DM8 | K45: ETR1000V300-MR1-05B-02- Logica di comando - Nodo TCN.pdf | L45: 113 | M45: =HYPERLINK(CONCATENATE(Cartelle!$A$2,Cartelle!$D$2,Cartelle!#REF!,'PBS (TBD)'!K45,"#page=",'PBS (TBD)'!L45),"#") -> #REF! | N45: ETR1000-CPR_05_2.05.1004_Logica di comando_Aprile2021.pdf | O45: 58 | P45: =HYPERLINK(CONCATENATE(Cartelle!$A$2,Cartelle!#REF!,Cartelle!#REF!,'PBS (TBD)'!N45,"#page=",'PBS (TBD)'!O45),"#") -> #REF!
B46: IP Train Switch | C46: 3EST000212-3000 | D46: DM1-DM8 | K46: ETR1000V300-MR1-05A-Logica di comando-03.pdf | L46: 128 | M46: =HYPERLINK(CONCATENATE(Cartelle!$A$2,Cartelle!$D$2,Cartelle!#REF!,'PBS (TBD)'!K46,"#page=",'PBS (TBD)'!L46),"#") -> #REF! | N46: ETR1000-CPR_05_2.05.1004_Logica di comando_Aprile2021.pdf | O46: 28 | P46: =HYPERLINK(CONCATENATE(Cartelle!$A$2,Cartelle!#REF!,Cartelle!#REF!,'PBS (TBD)'!N46,"#page=",'PBS (TBD)'!O46),"#") -> #REF!
B47: IP Train Switch | C47: 3EST000236-6769 | E47: DM1-DM8 | N47: ETR1000-CPR_05_2.05.1004_Logica di comando_Aprile2021.pdf | O47: 28 | P47: =HYPERLINK(CONCATENATE(Cartelle!$A$2,Cartelle!#REF!,Cartelle!#REF!,'PBS (TBD)'!N47,"#page=",'PBS (TBD)'!O47),"#") -> #REF!
B48: IP Train Repeater | C48: 3EST000212-3010 | D48: M3-T4-T5 | K48: ETR1000V300-MR1-05A-Logica di comando-03.pdf | L48: 132 | M48: =HYPERLINK(CONCATENATE(Cartelle!$A$2,Cartelle!$D$2,Cartelle!#REF!,'PBS (TBD)'!K48,"#page=",'PBS (TBD)'!L48),"#") -> #REF! | N48: ETR1000-CPR_05_2.05.1004_Logica di comando_Aprile2021.pdf | O48: 32 | P48: =HYPERLINK(CONCATENATE(Cartelle!$A$2,Cartelle!#REF!,Cartelle!#REF!,'PBS (TBD)'!N48,"#page=",'PBS (TBD)'!O48),"#") -> #REF!
B49: IP Train Repeater | C49: 3EST000236-6770 | E49: M3-T4-T5 | N49: ETR1000-CPR_05_2.05.1004_Logica di comando_Aprile2021.pdf | O49: 32 | P49: =HYPERLINK(CONCATENATE(Cartelle!$A$2,Cartelle!#REF!,Cartelle!#REF!,'PBS (TBD)'!N49,"#page=",'PBS (TBD)'!O49),"#") -> #REF!
B50: IP Ring Switch | C50: 3EST000225-7297 | D50: Tutte | K50: ETR1000V300-MR1-05A-Logica di comando-03.pdf | L50: 136 | M50: =HYPERLINK(CONCATENATE(Cartelle!$A$2,Cartelle!$D$2,Cartelle!#REF!,'PBS (TBD)'!K50,"#page=",'PBS (TBD)'!L50),"#") -> #REF! | N50: ETR1000-CPR_05_2.05.1004_Logica di comando_Aprile2021.pdf | O50: 28 | P50: =HYPERLINK(CONCATENATE(Cartelle!$A$2,Cartelle!#REF!,Cartelle!#REF!,'PBS (TBD)'!N50,"#page=",'PBS (TBD)'!O50),"#") -> #REF!
B51: IP Ring Switch | C51: 3EST000235-7837 | E51: DM1 | N51: ETR1000-CPR_05_2.05.1004_Logica di comando_Aprile2021.pdf | O51: 28 | P51: =HYPERLINK(CONCATENATE(Cartelle!$A$2,Cartelle!#REF!,Cartelle!#REF!,'PBS (TBD)'!N51,"#page=",'PBS (TBD)'!O51),"#") -> #REF!
B52: IP Ring Switch | C52: 3EST000234-7837 | E52: DM8 | N52: ETR1000-CPR_05_2.05.1004_Logica di comando_Aprile2021.pdf | O52: 28 | P52: =HYPERLINK(CONCATENATE(Cartelle!$A$2,Cartelle!#REF!,Cartelle!#REF!,'PBS (TBD)'!N52,"#page=",'PBS (TBD)'!O52),"#") -> #REF!
B53: BUS Coupler BCT 12KF04 | C53: EGM032400R0001 | D53: TT2-T5-TT7 | E53: TT2-T5-TT7 | K53: ETR1000V300-MR1-05A-Logica di comando-03.pdf | L53: 137 | M53: =HYPERLINK(CONCATENATE(Cartelle!$A$2,Cartelle!$D$2,Cartelle!#REF!,'PBS (TBD)'!K53,"#page=",'PBS (TBD)'!L53),"#") -> #REF! | N53: ETR1000-CPR_05_2.05.1004_Logica di comando_Aprile2021.pdf | O53: 30 | P53: =HYPERLINK(CONCATENATE(Cartelle!$A$2,Cartelle!#REF!,Cartelle!#REF!,'PBS (TBD)'!N53,"#page=",'PBS (TBD)'!O53),"#") -> #REF!
B54: Switch CS 14P NoPoE 1ByPX (NODC14NC02) | C54: EC030021125P14C001 | H54: Tutte | I54: Tutte
B55: Switch ETBN 14P NoPoE 2ByPX (NODC14NI01) | C55: EC030021126P14C001 | H55: DM1-DM8 | I55: DM1-DM8
A56: TRAZIONE | D56: . | E56: . | F56: . | G56: . | H56: . | I56: . | J56: .
B57: SEZIONE 4M / MCM (MOTORI) | D57: .. | E57: .. | F57: .. | G57: .. | H57: .. | I57: .. | J57: ..
B58: Modulo convertitore MCM (15/10 WM V02) | C58: 3EST000222-0850 | D58: DM1-M3-M6-DM8 | E58: DM1-M3-M6-DM8
B59: Centralina DCU/M | C59: 3EST000222-1018 | D59: DM1-M3-M6-DM8 | E59: DM1-M3-M6-DM8
B60: Modulo IGBT | C60: 3EST000214-9948 | D60: DM1-M3-M6-DM8 | E60: DM1-M3-M6-DM8
B61: Modulo convertitore MCM | C61: HW02250828-00 | H61: X | I61: X
B62: Centralina Assieme MOCU | C62: HW04821017-00 | H62: X | I62: X
B63: Modulo IGBT | C63: EC030020031 | H63: X | I63: X
B64: SEZIONE LCM (LINEA AC) | D64: .. | E64: .. | F64: .. | G64: .. | H64: .. | I64: .. | J64: ..
B65: Modulo convertitore LCM (15/15 WL V06) | C65: 3EST000222-0610 | D65: DM1-M3-M6-DM8 | E65: DM1-M3-M6-DM8
B66: Centralina DCU | C66: 3EST000222-1018 | D66: DM1-M3-M6-DM8 | E66: DM1-M3-M6-DM8
B67: Modulo IGBT | C67: 3EST000214-9825 | D67: DM1-M3-M6-DM8 | E67: DM1-M3-M6-DM8
B68: Modulo convertitore LCM | C68: 3EST000222-0610-HR | H68: X | I68: X
B69: Centralina DCU/L | C69: 3EST000299-9665-HR | H69: X | I69: X
B70: Modulo IGBT | C70: 3EST000223-1474-HR | H70: X | I70: X
B71: SEZIONE CCM (LINEA DC) | D71: .. | E71: .. | F71: .. | G71: .. | H71: .. | I71: .. | J71: ..
B72: Modulo Convertitore CCM (30/07 WC V01) | C72: 3EST000222-1010 | D72: DM1-M3-M6-DM8 | E72: DM1-M3-M6-DM8
B73: Centralina DCU/C | C73: 3EST000222-1018 | D73: DM1-M3-M6-DM8 | E73: DM1-M3-M6-DM8
B74: Modulo IGBT | C74: 3EST000214-9948 | D74: DM1-M3-M6-DM8 | E74: DM1-M3-M6-DM8
B75: Modulo convertitore CCM | C75: HW02250827-00 | H75: X | I75: X
B76: Centralina Assieme MOCU | C76: HW05869752-00 | H76: X | I76: X
B77: Modulo IGBT | C77: EC030020031 | H77: X | I77: X
B78: SEZIONE CS (RAFFREDDAMENTO) | D78: .. | E78: .. | F78: .. | G78: .. | H78: .. | I78: .. | J78: ..
B79: Modulo raffreddamento | C79: 3EST000225-0304 | D79: DM1-M3-M6-DM8 | E79: DM1-M3-M6-DM8 | H79: X | I79: X
B80: SEZIONE AE (AUSILIARI) | D80: .. | E80: .. | F80: .. | G80: .. | H80: .. | I80: .. | J80: ..
B81: Modulo convertitore ACM | C81: 3EST000222-0910 | D81: DM1-M3-M6-DM8 | E81: DM1-M3-M6-DM8
B82: Centralina DCU | C82: 3EST000222-1018 | D82: DM1-M3-M6-DM8 | E82: DM1-M3-M6-DM8
B83: Modulo IGBT | C83: 3EST000214-9948 | D83: DM1-M3-M6-DM8 | E83: DM1-M3-M6-DM8
B84: Modulo convertitore ACM | C84: 3EST000222-0910-HR | H84: X | I84: X
B85: Centralina DCU | C85: ??? | H85: X | I85: X
B86: Modulo IGBT | C86: ??? | H86: X | I86: X
B91: Antincendio DM1 | C91: 3ECP502022-0001
B92: UNITA' MAU 150/80 | C92: 3ECP502624-0001
B93: SISTEMA DI RILEVAMENTO | C93: 000203-UMN002-0001.1.A-DM1
B94: SISTEMA AEROSOL | C94: 985-MCO72318
B95: Antincendio DM8 | C95: 3EGH489009-5958
B96: UNITA' MAU 150/80 | C96: 3ECP502624-0001
B97: SISTEMA DI RILEVAMENTO | C97: 000203-UMN002-0001.1.A-DM8
B98: SISTEMA AEROSOL | C98: 985-MCO72318

Sheet Struttura
C1: IT 50 treni (flotta base) | G1: IT 8 treni (51-58) | K1: IT 6+30 treni (101-136) | O1: I-FR 9 treni | S1: DAI 9 treni | W1: ES 20 treni
A2: Sottosistema | C2: P/N | D2: Id | E2: P/N | F2: Descrizione | G2: P/N | H2: Id | I2: P/N | J2: Descrizione | K2: P/N | L2: Id | M2: P/N | N2: Descrizione | O2: P/N | P2: Id | Q2: P/N | R2: Descrizione | S2: P/N | T2: Id | U2: P/N | V2: Descrizione | W2: P/N | X2: Id | Y2: P/N | Z2: Descrizione
A3: Carrelli | B3: Motori | C3: 100360301 100360302 100360303 100360304 | D3: Sala Montata | E3: 100360402 100360403 | F3: Sensoristica ERTMS-SCMT carrelli DM Sala senza boccole: 100360064 | G3: 100360301 100360302 100360303 100360304 | H3: Sala Montata | I3: 100360402 100360403 | J3: Sensoristica ERTMS-SCMT carrelli DM Sala senza boccole: 100360064 | K3: 100360301 100360302 100360303 100360304 (EN45545) | L3: Sala Montata | M3: 100360402 100360403 | N3: Sensoristica ERTMS-SCMT carrelli DM | O3: 100329688 100329689 100360303 100360304 | P3: Sala Montata | R3: Sensoristica ERTMS-SCMT, Memor brush, ETCS antenna su carrelli ant. DM1/8 Sensori Wiegand su post. DM1/8 Sensori Wiegand su ant. TT2/7 Sala senza boccole: 100360064 | T3: Sala Montata | V3: tbd sensori boccola DM | W3: DM: 100437987 100470644 | X3: Sala Montata | Z3: Sensoristica ETCS-ASFA-LZB carrelli DM
D4: Riduttore | E4: 13900244911 | H4: Riduttore | I4: 13900244911 | L4: Riduttore | M4: 13900244911 | P4: Riduttore | Q4: 13900244911 | T4: Riduttore | U4: 13900244911 | X4: Riduttore
D5: Motore | E5: 3EST000224-9555 | H5: Motore | I5: 3EST000224-9555 | L5: Motore | M5: 3EST000224-9555 | P5: Motore | Q5: 3EST000224-9555 | T5: Motore | U5: 3EST000224-9555 | X5: Motore
D6: Cil.Freno | E6: FT0011601-100 FT0011602-100 FT0011602-101 | H6: Cil.Freno | I6: FT0011601-100 FT0011602-100 FT0011602-101 | L6: Cil.Freno | M6: FT0011601-100 FT0011602-100 FT0011602-101 | P6: Cil.Freno | Q6: FT0011601-100 FT0011602-100 FT0011602-101 | T6: Cil.Freno | U6: FT0011601-100 FT0011602-100 FT0011602-101 | X6: Cil.Freno | Y6: FT0011601-100 FT0011602-100 FT0011602-101
D7: Als | E7: 6398B000-01 | H7: Als | I7: 6398B000-01 | L7: Als | M7: 6398B000-01 | P7: Als | Q7: 6398B000-01 | T7: Als | U7: 6398B000-01 | X7: Als
D8: BMS | F8: Ephimess fase 2 | H8: BMS | J8: Ephimess fase 2 | L8: BMS | P8: BMS | T8: BMS | X8: BMS
B9: Portanti | C9: 100360311 100360312 100360313 | D9: Sala | E9: 100360411 100360412 | G9: 100360311 100360312 100360313 | H9: Sala | I9: 100360411 100360412 | K9: 100360311 100360312 100360313 (EN45545) | L9: Sala | M9: 100360411 100360412 | O9: 100360311 100329690 100360313 | P9: Sala | Q9: 100360411 100360412 | T9: Sala | X9: Sala
D10: Freno | H10: Freno | L10: Freno | P10: Freno | T10: Freno | X10: Freno
D11: Als | H11: Als | L11: Als | P11: Als | T11: Als | X11: Als
D12: BMS | H12: BMS | L12: BMS | P12: BMS | T12: BMS | X12: BMS
A13: Pantografi | B13: 3 kV | C13: 100170460 | D13: Struttura | E13: 10573076 | G13: 10949272 | H13: Struttura | I13: 10573076 | K13: 10949272 | L13: Struttura | M13: 10573076 | O13: 100170460 | P13: Struttura | Q13: 10573076 | T13: Struttura | X13: Struttura
D14: Archetto | E14: 10561136 | H14: Archetto | I14: 10561136 | L14: Archetto | M14: 10561136 | P14: Archetto | Q14: 10561136 | T14: Archetto | X14: Archetto | Z14: Archetto 1.950 mm
D15: Strisciante | E15: SK1451 | H15: Strisciante | I15: SK1451 | L15: Strisciante | M15: SK1451 | P15: Strisciante | Q15: SK1451 | T15: Strisciante | X15: Strisciante
D16: PPU | E16: 102895 | H16: PPU | I16: 232C10395F | J16: Con isolamento ADD | L16: PPU | M16: 231C100036B | N16: Con isolamento ADD | P16: PPU | Q16: 232C10353E | R16: PPU DC Modificata per agg.panto 1.5 | T16: PCU | X16: PPU | Z16: Con isolamento ADD
B17: 25 kV | C17: 100170464 | D17: Struttura | E17: 10573076 | G17: 10949356 | H17: Struttura | I17: 10573076 | K17: 10949356 | L17: Struttura | M17: 10573076 | O17: 100170464 | P17: Struttura | Q17: 10573076 | T17: Struttura | X17: Struttura
D18: Archetto | E18: 10572700 | H18: Archetto | I18: 10572700 | L18: Archetto | M18: 10572700 | P18: Archetto | Q18: 10572700 | R18: Vedi strisciante | T18: Archetto | X18: Archetto
D19: Strisciante | E19: SK1630 | H19: Strisciante | I19: SK1630 | L19: Strisciante | M19: SK1630 | P19: Strisciante | Q19: SK 2381 | R19: Conforme a norma FR SAM E903 | T19: Strisciante | U19: SK1630 | X19: Strisciante | Y19: SK1630
D20: PPU | E20: 102895 | H20: PPU | I20: 232C10395F | J20: Con isolamento ADD | L20: PPU | M20: 231C100036B | N20: Con isolamento ADD | P20: PPU | Q20: 102895 | T20: PPU | X20: PPU | Z20: Con isolamento ADD
B21: 1,5 kV | C21: n/a | D21: Struttura | G21: n/a | H21: Struttura | K21: n/a | L21: Struttura | O21: 10851208 | P21: Struttura | Q21: 10573076 | T21: Struttura | X21: Struttura
D22: Archetto | H22: Archetto | L22: Archetto | P22: Archetto | Q22: 10882275 | R22: Larghezza 1.950 mm | T22: Archetto | X22: Archetto
D23: Strisciante | H23: Strisciante | L23: Strisciante | P23: Strisciante | Q23: SK 2348 | T23: Strisciante | X23: Strisciante
D24: PCU | H24: PCU | L24: PCU | P24: PPU | Q24: 232C10353E | R24: PPU Modificata per agg.panto 1.5 | T24: PCU | X24: PCU
B25: 15 kV | C25: n/a | D25: Struttura | G25: n/a | H25: Struttura | K25: n/a | L25: Struttura | P25: Struttura | T25: Struttura | X25: Struttura
D26: Archetto | H26: Archetto | L26: Archetto | P26: Archetto | T26: Archetto | X26: Archetto
D27: Strisciante | H27: Strisciante | L27: Strisciante | P27: Strisciante | T27: Strisciante | X27: Strisciante
D28: PCU | H28: PCU | L28: PCU | P28: PPU | T28: PCU | X28: PCU
A29: TCMS Hardware | B29: LV | D29: CCU-O | E29: 3EST000225-5707 | H29: CCU-O | I29: 3EST000225-5707 | L29: CCU-O | M29: Nuova architettura Full Ethernet | P29: CCU-O | Q29: 3EST000225-5707 | T29: CCU-O | U29: 3EST000225-5707 | X29: CCU-O | Y29: 3EST000236-6235 | Z29: Higher performances and longer spare parts support
D30: CCU-S | E30: 3EST000221-6430 | H30: CCU-S | I30: 3EST000221-6430 | L30: CCU-S | P30: CCU-S | Q30: 3EST000221-6430 | T30: CCU-S | U30: 3EST000221-6430 | X30: CCU-S | Y30: 3EST000232-1990
D31: MIO-S | E31: 3EST000228-0629 3EST000228-3395 3EST000228-3394 | H31: MIO-S | I31: 3EST000230-5830 3EST000230-5833 3EST000228-3394 | J31: Sell no more supported for new projects due to internal component out of production (legacy only) | L31: MIO-S | P31: MIO-S | Q31: 3EST000228-0629 3EST000228-3395 3EST000228-3394 | T31: MIO-S | U31: 3EST000228-0629 3EST000228-3395 3EST000228-3394 | X31: MIO-S | Y31: 3EST000230-5830 3EST000230-5833 3EST000228-3394 | Z31: Sell no more supported for new projects due to internal component out of production (legacy only)
B32: Teledia | D32: MCG | E32: 3EST000225-7169 | H32: MCG | I32: 3EST000234-1560 | J32: additional LTE connection | L32: MCG | P32: MCG | Q32: 3EST000225-7169 | T32: MCG | U32: 3EST000225-7169 | X32: MCG | Y32: 3EST000234-1560 | Z32: additional LTE connection
B33: Monitor | D33: IDU | E33: 3EST000223-8802 | H33: IDU | I33: 3EST000223-8802 | L33: IDU/TOD | P33: IDU | Q33: 3EST000223-8802 | T33: IDU | U33: 3EST000223-8802 | X33: IDU | Y33: 3EST000223-8802
B34: Bus | D34: T Repeater | E34: 3EST000212-3010 | H34: T Repeater | I34: 3EST000236-6770 | J34: Sell no more supported for new projects due to internal component out of production (legacy only) | L34: T Repeater | P34: T Repeater | Q34: 3EST000212-3010 | T34: T Repeater | U34: 3EST000212-3010 | X34: T Repeater | Y34: 3EST000236-6770 | Z34: Sell no more supported for new projects due to internal component out of production (legacy only)
D35: T Switch | E35: 3EST000212-3000 | H35: T Switch | I35: 3EST000236-6769 | L35: T Switch | P35: T Switch | Q35: 3EST000212-3000 | T35: T Switch | U35: 3EST000212-3000 | X35: T Switch | Y35: 3EST000236-6769
D36: R Switch | E36: 3EST000225-7297 | H36: R Switch | I36: 3EST000234-7837 | L36: R Switch | P36: R Switch | Q36: 3EST000225-7297 | T36: R Switch | U36: 3EST000225-7297 | X36: R Switch | Y36: 3EST000234-7837
A37: Energy Meter | B37: Tipo | C37: n/a | G37: n/a | K37: EMS Microelettrica integrato con TCMS | O37: EMS Microelettrica non integrato con TCMS | S37: EMS Alstom integrato con TCMS | W37: EMS Alstom integrato con TCMS
A38: Freno | B38: Centraline | D38: BCU | E38: FT0024971-100 (DM) FT0028492-100 (TT) | H38: BCU | I38: FT0024971-100 (DM) FT0028492-100 (TT) | L38: BCU | P38: BCU | Q38: FT0024971-100 (DM) FT0028492-100 (TT) | T38: BCU | U38: FT0024971-100 (DM) FT0028492-100 (TT) | X38: BCU
D39: WSP | E39: FT0024963-100 (DM) FT0024967-100 (TT) | H39: WSP | I39: FT0024963-100 (DM) FT0024967-100 (TT) | L39: WSP | P39: WSP | Q39: FT0024963-100 (DM) FT0024967-100 (TT) | T39: WSP | U39: FT0024963-100 (DM) FT0024967-100 (TT) | X39: WSP
B40: Pneumatica | D40: Distributore | E40: SW4 COD. 726 43V S1 10 | H40: Distributore | I40: SW4 COD. 726 43V S1 10 | L40: Distributore | P40: Distributore | Q40: SW4 COD. 726 43V S1 10 | T40: Distributore | U40: SW4 COD. 726 43V S1 10 | X40: Distributore
D41: DBV | E41: FT0022875-100 | H41: DBV | I41: FT0022875-100 | L41: DBV | P41: DBV | Q41: FT0022875-100 | T41: DBV | U41: FT0022875-100 | X41: DBV
D42: Dump V. WSP | E42: FT0023704-103 | F42: DV-17 | H42: Dump V. WSP | I42: FT0023704-103 | J42: DV-17 | L42: Dump V. WSP | M42: FT0126050-100 | N42: DV-12 Double Coil | P42: Dump V. WSP | Q42: FT0023704-103 | R42: DV-17 | T42: Dump V. WSP | U42: FT0126050-100 | V42: DV-12 Double Coil | X42: Dump V. WSP | Y42: FT0126050-100 | Z42: DV-12 Double Coil
A43: PRM | B43: Toilet | C43: Toilet Production HK standard flotta base | G43: Toilet Production HK standard flotta base | K43: Toilet Production HK - conf. NRD Spagna + STI PRM 2019 | O43: Toilet Production HK standard flotta base | S43: Toilet Production HK standard flotta base | W43: Toilet Production HK - conf. NRD Spagna + STI PRM 2019
B45: Lift | C45: Lift HK standard flotta base azionamento idraulico | G45: Lift HK standard flotta base azionamento idraulico | K45: Lift HK STI PRM 2019 (pedana più grande, azionamento elettrico) | O45: Lift HK standard flotta base azionamento idraulico | S45: Lift HK standard flotta base azionamento idraulico | W45: Lift HK STI PRM 2019 (pedana più grande) azionamento idraulico
A48: Porte Esterne | B48: Tipo | C48: Porte esterne IFE standard flotta base | G48: Porte esterne IFE standard flotta base | K48: Porte esterne IFE TSI 2019 Centralina Ethernet | O48: Porte esterne IFE standard flotta base | S48: Porte esterne IFE standard flotta base | W48: Porte esterne IFE (TSI 2019)
A49: Antincendio | B49: Sensori Elettronica | C49: SCU Saira | G49: FDU-1000 (fornitura ISE) | K49: FDU ISE | O49: SCU Saira | S49: SCU Saira | W49: FDU-1000 (fornitura ISE)
B50: Estinzione | C50: WaterMist Marioff - 2 gruppi MAU (DM1/8) | G50: WaterMist Marioff - 2 gruppi MAU (DM1/8) | K50: WaterMist Acquasys - 1 gruppo MAU (DM1) | O50: WaterMist Marioff - 2 gruppi MAU (DM1/8) | S50: WaterMist Marioff - 2 gruppi MAU (DM1/8) | W50: n/a

Sheet LINK F
A1: FUNC ID | B1: DESCRIZIONE FUNZIONE | C1: DOC CARTELLA | D1: DOC ID | E1: Info DOC | F1: VZI_Base | G1: VZI_New14
A2: xxx | B2: xxx
C3: CONFIG | D3: FS_DM1 | E3: Link | F3: {=HYPERLINK(CONCATENATE(Cartelle!$D$5,F$1,"/",$C3,"/",MID($D3,1,FIND("_",$D3)-1),"/",INDIRECT(CONCATENATE("'" & $C3 & "'!",ADDRESS(MATCH($D3, INDIRECT("'" & $C3 & "'!$B:$B"), 0),MATCH(F$1, INDIRECT("'" & $C3 & "'!$1:$1"), 0)))),".pdf#page=",F4),CONCATENATE("#Sharepoint//",$D3))} -> #Sharepoint//FS_DM1
A4: Nel foglio indicato in Cx nella colonna B, cerca la riga corrispondente al DOC ID indicato in Dx | B4: =MATCH($D3, INDIRECT("'" & $C3 & "'!$B:$B"), 0) -> 69 | C4: CONFIG | D4: FS_DM1 | E4: Link | F4: 1
A5: Nel foglio CONFIG riga 1, cerca la colonna corrispondente alla flotta indicata da F1 | B5: =MATCH(F$1,INDIRECT("'"&$C3&"'!$1:$1"),0) -> 4 | C5: CONFIG | D5: FS_DM1 | E5: Link
A6: Restituisci la posizione della cella corrispondente a riga/colonna sopra identificati | B6: =ADDRESS(MATCH($D3,INDIRECT("'"&$C3&"'!$B:$B"),0),MATCH(F$1,INDIRECT("'"&$C3&"'!$1:$1"),0)) -> $D$69 | C6: CONFIG | D6: FS_DM1 | E6: Link
A7: Alla posizione della cella, concatena il nome del foglio recuperato in Cx | B7: =CONCATENATE("'" & $C3 & "'!",ADDRESS(MATCH($D3, INDIRECT("'" & $C3 & "'!$B:$B"), 0),MATCH(F$1, INDIRECT("'" & $C3 & "'!$1:$1"), 0))) -> 'CONFIG'!$D$69 | C7: CONFIG | D7: FS_DM1 | E7: Link
A8: Recupera il contenuto del foglio/cella indicato nell'indirizzo sopra, il quale corrisponde al nome del file archiviato | B8: {=INDIRECT(CONCATENATE("'"&$C3&"'!",ADDRESS(MATCH($D3,INDIRECT("'"&$C3&"'!$B:$B"),0),MATCH(F$1,INDIRECT("'"&$C3&"'!$1:$1"),0))))} -> 3ECP502128-0001 | C8: CONFIG | D8: FS_DM1 | E8: Link
A9: Recupera il prefisso del DOC ID posto prima del carattere "_", al quale corrisponde la sottocartella di archiviazione | B9: =MID($D3,1,FIND("_",$D3)-1) -> FS | C9: CONFIG | D9: FS_DM1 | E9: Link
A10: crea l'indirizzo completo per la costruzione del link, concatenando: - la root di archiviazione ETR1000 nello sharepoint indicata nel foglio Cartelle - la sottocartella indicata in Cx - la sottocartella indicata dal prefisso di DOC ID - il nome del file - estensione "pdf" a mano - link alla pagina posta sotto il link | B10: {=CONCATENATE(Cartelle!$D$5,F$1,"/",$C3,"/",MID($D3,1,FIND("_",$D3)-1),"/",INDIRECT(CONCATENATE("'" & $C3 & "'!",ADDRESS(MATCH($D3, INDIRECT("'" & $C3 & "'!$B:$B"), 0),MATCH(F$1, INDIRECT("'" & $C3 & "'!$1:$1"), 0)))),".pdf#page=",F4)} -> https://gruppofsitaliane.sharepoint.com/:f:/r/sites/IngegneriaETReMezziLeggeri-Trenitalia/Shared%20Documents/DB_ETR1000/DOC_FLOTTE/VZI_Base/CONFIG/FS/3ECP502128-0001.pdf#page=1 | C10: CONFIG | D10: FS_DM1 | E10: Link
A12: recupero del formato del file dal foglio indicato in Cx, alla riga indicata del DOC ID e colonna 3 | B12: {=INDIRECT(CONCATENATE("'"&$C7&"'!",ADDRESS(MATCH($D3,INDIRECT("'"&$C3&"'!$B:$B"),0),3)))} -> pdf | C12: CONFIG | D12: FS_DM1 | E12: Link | F12: {=HYPERLINK(CONCATENATE(Cartelle!$D$5,F$1,"/",$C12,"/",MID($D12,1,FIND("_",$D12)-1),"/",INDIRECT(CONCATENATE("'" & $C12 & "'!",ADDRESS(MATCH($D12, INDIRECT("'" & $C12 & "'!$B:$B"), 0),MATCH(F$1, INDIRECT("'" & $C12 & "'!$1:$1"), 0)))),".",INDIRECT(CONCATENATE("'"&$C12&"'!",ADDRESS(MATCH($D12,INDIRECT("'"&$C12&"'!$B:$B"),0),3))),"#page=",F13),CONCATENATE("#Sharepoint//",$D12))} -> #Sharepoint//FS_DM1
A13: crea l'indirizzo come sopra, inserendo anche la parte di recupero di estensione del file | B13: {=CONCATENATE(Cartelle!$D$5,F$1,"/",$C12,"/",MID($D12,1,FIND("_",$D12)-1),"/",INDIRECT(CONCATENATE("'" & $C12 & "'!",ADDRESS(MATCH($D12, INDIRECT("'" & $C12 & "'!$B:$B"), 0),MATCH(F$1, INDIRECT("'" & $C12 & "'!$1:$1"), 0)))),".",INDIRECT(CONCATENATE("'"&$C12&"'!",ADDRESS(MATCH($D12,INDIRECT("'"&$C12&"'!$B:$B"),0),3))),"#page=",F13)} -> https://gruppofsitaliane.sharepoint.com/:f:/r/sites/IngegneriaETReMezziLeggeri-Trenitalia/Shared%20Documents/DB_ETR1000/DOC_FLOTTE/VZI_Base/CONFIG/FS/3ECP502128-0001.pdf#page=10 | F13: 10
A14: prova link con DOC Type <> pdf | C14: DIAGNOSTIC | D14: AD_Flotte | E14: Link | F14: {=HYPERLINK(CONCATENATE(Cartelle!$D$5,F$1,"/",$C14,"/",MID($D14,1,FIND("_",$D14)-1),"/",INDIRECT(CONCATENATE("'" & $C14 & "'!",ADDRESS(MATCH($D14, INDIRECT("'" & $C14 & "'!$B:$B"), 0),MATCH(F$1, INDIRECT("'" & $C14 & "'!$1:$1"), 0)))),".",INDIRECT(CONCATENATE("'"&$C14&"'!",ADDRESS(MATCH($D14,INDIRECT("'"&$C14&"'!$B:$B"),0),3))),"#page=",F15),CONCATENATE("#Sharepoint//",$D14))} -> #N/A
F15: 1
A17: prova link con DOC Type <> pdf | C17: DIAGNOSTIC | D17: AD_Flotte | E17: Link | F17: {=HYPERLINK(CONCATENATE(Cartelle!$D$5,F$1,"/",$C17,"/",MID($D17,1,FIND("_",$D17)-1),"/",INDIRECT(CONCATENATE("'" & $C17 & "'!",ADDRESS(MATCH($D17, INDIRECT("'" & $C17 & "'!$B:$B"), 0),MATCH(F$1, INDIRECT("'" & $C17 & "'!$1:$1"), 0)))),".",INDIRECT(CONCATENATE("'"&$C17&"'!",ADDRESS(MATCH($D17,INDIRECT("'"&$C17&"'!$B:$B"),0),3))),"#page=",F18),CONCATENATE("#Sharepoint//",$D17))} -> #N/A
F18: 1
A19: xxx | B19: xxx
A20: parte iniziale - posizione cella foglio/flotta | B20: =ADDRESS(MATCH($D20, INDIRECT("'" & $C20 & "'!$B:$B"), 0),MATCH(G$1, INDIRECT("'" & $C20 & "'!$1:$1"), 0)) -> $G$69 | C20: CONFIG | D20: FS_DM1 | E20: Link | G20: {=HYPERLINK(CONCATENATE(Cartelle!$D$5,INDEX(INDIRECT("'" & $C20 & "'!$1:$1"), 1, MATCH(INDIRECT(CONCATENATE("'" & $C20 & "'!",ADDRESS(MATCH($D20, INDIRECT("'" & $C20 & "'!$B:$B"), 0),MATCH(G$1, INDIRECT("'" & $C20 & "'!$1:$1"), 0)))),INDIRECT(CONCATENATE("'" & $C20 & "'!",MATCH($D20, INDIRECT("'" & $C20 & "'!$B:$B"), 0),":",MATCH($D20, INDIRECT("'" & $C20 & "'!$B:$B"), 0))),0)),"/",$C20,"/",MID($D20,1,FIND("_",$D20)-1),"/",INDIRECT(CONCATENATE("'" & $C20 & "'!",ADDRESS(MATCH($D20, INDIRECT("'" & $C20 & "'!$B:$B"), 0),MATCH(G$1, INDIRECT("'" & $C20 & "'!$1:$1"), 0)))),".",INDIRECT(CONCATENATE("'"&$C20&"'!",ADDRESS(MATCH($D20,INDIRECT("'"&$C20&"'!$B:$B"),0),3))),"#page=",G21),CONCATENATE("#Sharepoint//",$D20))} -> #Sharepoint//FS_DM1
A21: Recupera il contenuto del foglio/cella | B21: {=INDIRECT(CONCATENATE("'" & $C20 & "'!",ADDRESS(MATCH($D20, INDIRECT("'" & $C20 & "'!$B:$B"), 0),MATCH(G$1, INDIRECT("'" & $C20 & "'!$1:$1"), 0))))} -> 3ECP307211-1401 | C21: CONFIG | D21: FRS_Diagnostics | E21: Link | F21: 1
B22: {=INDIRECT(CONCATENATE("'"&$C20&"'!",MATCH($D20,INDIRECT("'"&$C20&"'!$B:$B"),0),":",MATCH($D20,INDIRECT("'"&$C20&"'!$B:$B"),0)))} -> Functional schematics DM1 | C22: CONFIG | D22: FRS_Diagnostics | E22: Link
B23: {=MATCH(INDIRECT(CONCATENATE("'"&$C20&"'!",ADDRESS(MATCH($D20,INDIRECT("'"&$C20&"'!$B:$B"),0),MATCH(G$1,INDIRECT("'"&$C20&"'!$1:$1"),0)))),INDIRECT(CONCATENATE("'"&$C20&"'!",MATCH($D20,INDIRECT("'"&$C20&"'!$B:$B"),0),":",MATCH($D20,INDIRECT("'"&$C20&"'!$B:$B"),0))))} -> #N/A | C23: CONFIG | D23: FRS_Diagnostics | E23: Link
B24: {=INDEX(INDIRECT("'" & $C20 & "'!$1:$1"), 1, MATCH(INDIRECT(CONCATENATE("'" & $C20 & "'!",ADDRESS(MATCH($D20, INDIRECT("'" & $C20 & "'!$B:$B"), 0),MATCH(G$1, INDIRECT("'" & $C20 & "'!$1:$1"), 0)))),INDIRECT(CONCATENATE("'" & $C20 & "'!",MATCH($D20, INDIRECT("'" & $C20 & "'!$B:$B"), 0),":",MATCH($D20, INDIRECT("'" & $C20 & "'!$B:$B"), 0))),0))} -> VZI_New14
B28: MAN_CPR | C28: PBC_01A | D28: Link | E28: {=HYPERLINK(CONCATENATE(Cartelle!$D$5,E$1,"/",$B28,"/",MID($C28,1,FIND("_",$C28)-1),"/",INDIRECT(CONCATENATE("'" & $B28 & "'!",ADDRESS(MATCH($C28, INDIRECT("'" & $B28 & "'!$B:$B"), 0),MATCH(E$1, INDIRECT("'" & $B28 & "'!$1:$1"), 0)))),".pdf#page=",E29),CONCATENATE("#Sharepoint//",$C28))} -> #N/A | F28: {=HYPERLINK(CONCATENATE(Cartelle!$D$5,INDEX(INDIRECT("'" & $B28 & "'!$1:$1"), 1, MATCH(INDIRECT(CONCATENATE("'" & $B28 & "'!",ADDRESS(MATCH($C28, INDIRECT("'" & $B28 & "'!$B:$B"), 0),MATCH(F$1, INDIRECT("'" & $B28 & "'!$1:$1"), 0)))),INDIRECT(CONCATENATE("'" & $B28 & "'!",MATCH($C28, INDIRECT("'" & $B28 & "'!$B:$B"), 0),":",MATCH($C28, INDIRECT("'" & $B28 & "'!$B:$B"), 0))),0)),"/",$B28,"/",MID($C28,1,FIND("_",$C28)-1),"/",INDIRECT(CONCATENATE("'" & $B28 & "'!",ADDRESS(MATCH($C28, INDIRECT("'" & $B28 & "'!$B:$B"), 0),MATCH(F$1, INDIRECT("'" & $B28 & "'!$1:$1"), 0)))),".pdf#page=",F29),CONCATENATE("#Sharepoint//",$C28))} -> #Sharepoint//PBC_01A
D29: Rif. Pagina | E29: 1 | F29: 1
D30: Descrizione
B31: GENERAL | C31: AD_Regole | D31: TBD

Sheet Modifiche progettuali
C2: VZI-50 | D2: VZI-51-58 | E2: VZI-6 | F2: VZI-4 | G2: VZ-FR | H2: VZ-ES | I2: VZ-DAI
B3: IPA (Indicazione Porte Aperte) | D3: SI | E3: SI | F3: SI | H3: SI | I3: SI
B4: BY-PASS ALLARME APPLICAZIONE PARKING BRAKE IN MOVIMENTO | D4: SI | E4: SI | F4: SI | H4: SI | I4: SI
B5: RIDONDANZA LOOP DNRA-BMS | D5: SI | E5: SI | F5: SI | H5: SI | I5: SI
B6: INTERRUTTORI 220V SPOSTATI INTERNO CASSA | D6: SI | E6: SI | F6: SI | H6: SI | I6: SI
B7: COMPRESSORE ARIA (?)
B8: BY-PASS ADD PER MARCIA SOCCORSO | D8: SI | E8: SI | F8: SI | H8: SI | I8: SI
B9: ARREDI TOILET BAR BISTROT
B10: COMANDO DISACCOPPIAMENTO AUTOMATICO TESTE ELETTRICHE | D10: SI | E10: SI | F10: SI | H10: SI | I10: SI
B11: PANTOGRAFI
B12: PIANO DI MANUTENZIONE
B13: BL SSB
B14: BL DIS
B15: ETCS HD (HW)
B16: ANTINCENDIO
B17: LAYOUT INTERNO
