Workbook

Sheet Issue
A1: Rev | B1: Data | C1: Descrizione
A2: 1.0 | B2: 46190 | C2: Presentazione bozza
A3: 1.x | C3: Aggiornamenti template e integrazione documenti
A4: 1.7 | B4: 46244 | C4: Integrata funzione AI per recupero info da FRS
A5: 1.8 | B5: 46259 | C5: Aggiornamento doc BL 2.9 VZ_ES e BL 4.4_14 VZI_New14

Sheet ToDo
A1: Data | B1: Chi | C1: Priorità | D1: Descrizione | E1: Note
A2: 46190 | B2: Federico | C2: Alta | D2: protezione azionamenti | E2: da ricercare all'interno dei documenti, una volta collezionati tutti i doc disponibili sulla trazione
A3: 46190 | B3: Federico | C3: Alta | D3: ricerca doc propulsion | E3: in corso sui vari SGF
A4: 46190 | B4: Maurizio | C4: Alta | D4: legare manuali e CPR a documenti CONF | E4: eseguito manualmente, TBD legame automatico (vedi pt sotto)
A5: 46190 | B5: Federico | C5: Alta | D5: provare integrazione copilot | E5: Eseguita prova su FRS_Line_Voltage con compilazione automatica colonna B di Funzioni. Riutilizzabile per prossime FUNC ID
A6: 46189 | B6: Maurizio | C6: Bassa | D6: Definire struttura codice FUNC ID | E6: Valutare se necessario
A7: 46189 | B7: Maurizio | C7: Media | D7: Diagnostica: - Reperire documentazione diagnostica EVENTI + AWO per flotta - Definire modalità archiviazione file diagnostici per flotta e referenziazione in FUNZIONI | E7: Alcuni doc già recuperati, da definire criterio di archiviazione
A8: 46189 | B8: Maurizio | C8: Bassa | D8: Rivedere/Completare PBS | E8: TBD
A9: 46189 | B9: Maurizio | C9: Bassa | D9: Legare FUNZIONI a PBS ??? | E9: TBD
A10: 46189 | B10: Maurizio | C10: Bassa | D10: Pensare a come gestire in Funzioni, l'aggiornamento dei documenti richiamati. ES aggiungere campo data??? | E10: TBD
A11: 46196 | B11: Maurizio | C11: Alta | D11: Valutare se inserire colonna File Type in Conf Sheet per poter referenziare anche documenti diversi da pdf (es. file excel degli annex ICD) In tal caso modificare la costruzione del link in Funzioni | E11: la diversa tipologia di doc a disposizione potrebbe generare problemi nel referenziare i doc tramite link. Agganciare i link ad una colonna che indica il tipo di documento bypassa il problema del formato
A12: 46196 | B12: Maurizio | C12: Alta | D12: Inserire in Funzioni una colonna Doc Type che specifica la tipologia di documenti da linkare (es. CONFIG, MR_CPR, GENERAL, DIAGNOSTIC…) al quale è associato il foglio excel per la ricerca del documento (automatica nella formula del link) e la cartella di archiviazione per la costruzione del link (automatica) | E12: Dato che la costruzione del file DB e delle cartelle su Sharepoint (criterio di archiviazione) può essere ancora modificabile sulla base della tipologia di documenti che sarà necessario tracciare/archiviare, potrebbe essere utili introdurre un Doc Type che venga utilizzato sia per tracciare i doc su un foglio del DB dedicato sia per creare dinamicamente il link su cartelle ad oggi ancora "flessibili"
A13: 46197 | B13: Federico | C13: Media | D13: Pensare a come esportare il file in formato di HTML per poter essere navigabile via broswer | E13: Potrebbe essere utile in caso sia necessario reperire informazioni quando siamo a bordo treno anche da Telefono

Sheet Cartelle
A1: DESCRIZIONE | B1: NOME | C1: Livello | D1: INDIRIZZO | E1: LINK
A2: Root Sharepoint | B2: Sharepoint | C2: 0 | D2: https://gruppofsitaliane.sharepoint.com/:f:/r/sites/IngegneriaETReMezziLeggeri-Trenitalia/ | E2: =HYPERLINK(D2,"🔗") -> 🔗
A3: Cartella Documenti Ingegneria | B3: Shared%20Documents/ | C3: 1 | D3: =CONCATENATE($D$2,B3) -> https://gruppofsitaliane.sharepoint.com/:f:/r/sites/IngegneriaETReMezziLeggeri-Trenitalia/Shared%20Documents/ | E3: =HYPERLINK(D3,"🔗") -> 🔗
A4: Cartella Archiviazione doc ETR1000 | B4: DB_ETR1000/ | C4: 2 | D4: =CONCATENATE($D$3,B4) -> https://gruppofsitaliane.sharepoint.com/:f:/r/sites/IngegneriaETReMezziLeggeri-Trenitalia/Shared%20Documents/DB_ETR1000/ | E4: =HYPERLINK(D4,"🔗") -> 🔗
A5: Documenti di configurazione | B5: DOC_FLOTTE/ | C5: 3 | D5: =CONCATENATE($D$4,B5) -> https://gruppofsitaliane.sharepoint.com/:f:/r/sites/IngegneriaETReMezziLeggeri-Trenitalia/Shared%20Documents/DB_ETR1000/DOC_FLOTTE/ | E5: =HYPERLINK(D5,"🔗") -> 🔗
A6: Raccolta documentazione Funzioni | B6: DOC_FUNC/ | C6: 3 | D6: =CONCATENATE($D$4,B6) -> https://gruppofsitaliane.sharepoint.com/:f:/r/sites/IngegneriaETReMezziLeggeri-Trenitalia/Shared%20Documents/DB_ETR1000/DOC_FUNC/ | E6: =HYPERLINK(D6,"🔗") -> 🔗
A10: VINCOLI
A11: Id Flotta | B11: Riga 1
A12: DOC ID | B12: Colonna B
A13: DOC EXT | B13: Colonna C

Sheet Flotte
A1: Nome flotta | B1: ID flotta | C1: ID flotta "nativa" | D1: Ultima BL rilasciata | E1: Conf Sheet aggiornata a BL | F1: TOT Treni | G1: NUMERI TRENO
A2: VZI-50_IT Flotta base | B2: VZI_Base | C2: VZI_Base | D2: 6.3 ? | E2: 6.0 27/09/24 | F2: =COUNTIF(G2:BW2,"<>") -> 44 | G2: 1 | H2: 2 | I2: 3 | J2: 4 | K2: 5 | L2: 6 | M2: 7 | N2: 8 | O2: 9 | P2: 10 | Q2: 11 | R2: 12 | S2: 13 | T2: 14 | V2: 16 | W2: 17 | X2: 18 | Y2: 19 | AA2: 21 | AB2: 22 | AD2: 24 | AF2: 26 | AG2: 27 | AI2: 29 | AJ2: 30 | AL2: 32 | AM2: 33 | AN2: 34 | AP2: 36 | AQ2: 37 | AR2: 38 | AS2: 39 | AT2: 40 | AU2: 41 | AV2: 42 | AW2: 43 | AY2: 45 | AZ2: 46 | BB2: 48 | BE2: 46 | BF2: 47 | BG2: 48 | BH2: 49 | BI2: 50
A3: VZI-51-58_IT (New 14) | B3: VZI_New14 | C3: VZI_Base | D3: 4.4_14 09/07/2026 | E3: 4.4_14 09/07/2026 | F3: =COUNTIF(G3:BW3,"<>") -> 8 | BJ3: 51 | BK3: 52 | BL3: 53 | BM3: 54 | BN3: 55 | BO3: 56 | BP3: 57 | BQ3: 58
A4: VZ_IF Francia | B4: VZ_IF | C4: VZI_Base | D4: 4.3_IF 04/04/2025 | E4: 4.0_F 10/04/2024 | F4: =COUNTIF(G4:BW4,"<>") -> 8 | U4: 15 | AC4: 23 | AE4: 25 | AH4: 28 | AK4: 31 | BA4: 47 | BC4: 49 | BD4: 50
A5: VZ_ES Spagna | B5: VZ_ES | C5: VZI_New14 | D5: 2.9 30/06/2026 | E5: 2.9 30/06/2026 | F5: =COUNTIF(G5:BW5,"<>") -> 20 | G5: 1 | H5: 2 | I5: 3 | J5: 4 | K5: 5 | L5: 6 | M5: 7 | N5: 8 | O5: 9 | P5: 10 | Q5: 11 | R5: 12 | S5: 13 | T5: 14 | U5: 15 | V5: 16 | W5: 17 | X5: 18 | Y5: 19 | Z5: 20
A6: VZI-6_IT Full HRI (New 14) | B6: VZI-6_R1 | C6: VZI-6_R1 | D6: 5.0 15/04/2026 | E6: 4.0 ? xx/07/2025 | F6: =COUNTIF(G6:BW6,"<>") -> 6 | G6: 101 | H6: 102 | I6: 103 | J6: 104 | K6: 105 | L6: 106
A7: VZI-4_IT Full HRI | B7: VZI-4_R1 | C7: VZI-6_R1 | D7: 1.0 15/04/2026 | E7: ? | F7: =COUNTIF(G7:BW7,"<>") -> 40 | M7: 107 | N7: 108 | O7: 109 | P7: 110 | Q7: 111 | R7: 112 | S7: 113 | T7: 114 | U7: 115 | V7: 116 | W7: 117 | X7: 118 | Y7: 119 | Z7: 120 | AA7: 121 | AB7: 122 | AC7: 123 | AD7: 124 | AE7: 125 | AF7: 126 | AG7: 127 | AH7: 128 | AI7: 129 | AJ7: 130 | AK7: 131 | AL7: 132 | AM7: 133 | AN7: 134 | AO7: 135 | AP7: 136 | AQ7: 137 | AR7: 138 | AS7: 139 | AT7: 140 | AU7: 141 | AV7: 142 | AW7: 143 | AX7: 144 | AY7: 145 | AZ7: 146
A8: VZ_ES Spagna Full HRI | B8: VZ_ESxx | C8: VZI-6_R1 | F8: =COUNTIF(G8:BW8,"<>") -> 3 | AA8: 21 | AB8: 22 | AC8: 23
A9: VZ_DAI | B9: VZ_DAI | C9: VZI-6_R1 | F9: =COUNTIF(G9:BW9,"<>") -> 3 | Z9: 20 | AO9: 35 | AX9: 44

Sheet CONFIG
A1: DOC DESCRIPTION | B1: DOC ID | C1: DOC EXT | D1: VZI_Base | G1: VZI_New14 | J1: VZ_FR | M1: VZ_ES | P1: VZI-6_R1 | R1: VZI-4_R1 | T1: VZ_DAI | V1: VZ_Esxx
D2: Conf Sheet BD130033980 - BL 6.0 | G2: Conf Sheet BD140050695 - BL 4.4 | J2: Conf Sheet 3ECP414415-0001 - BL 4.0 | M2: Conf Sheet BD140047828 - BL 2.9 | P2: VZI-6_IT [R1] BL 4.0 | R2: VZI-4_IT [R1] BL 1.0 | T2: VZ-DAI BL xxx | V2: VZ_ES Full HRI BL xxx
D3: File/Codice | E3: Rev | F3: Codice Config | G3: File/Codice | H3: Rev | I3: Codice Config | J3: File/Codice | K3: Rev | L3: Codice Config | M3: File/Codice | N3: Rev | O3: Codice Config | P3: Codice | Q3: Rev | R3: Codice | S3: Rev | T3: Codice | U3: Rev | V3: Codice | W3: Rev
A4: SW Configuration
A5: SW Config. Matrix | B5: SW_Config | C5: pdf | D5: BD130033981 | E5: _ | G5: BD140050698 | H5: _ | J5: 3ECP414332-0001 | K5: _ | M5: BD140047861 | N5: \ | P5: FT080031387 | Q5: 4.3 | R5: FT080031387 | S5: 4.3
A6: Functional principle diagrams (VISIO)
A7: Drive Control | B7: FPD_Drive Control | C7: pdf | D7: 3ECP410467-0001 | E7: B | G7: 3ECP400500-0005 | H7: _ | J7: 3ECP410467-0001 | K7: B | M7: 3ECP413651-0005 | N7: _ | P7: FA010024090 | Q7: 00.2 | R7: FA010024090 | S7: 00.2
A8: Conventional Train Control | B8: FPD_Conventional Train Control | C8: pdf | D8: 3ECP410476-0001 | E8: C | G8: 3ECP400500-0014 | H8: A | J8: 3ECP307072-0001 | K8: C | M8: 3ECP413651-0014 | N8: A | P8: FA010024089 | Q8: 03.2 | R8: FA010024089 | S8: 03.2
A9: Train Protection - ATP | B9: FPD_Train Protection - ATP | C9: pdf | D9: 3ECP410482-0001 | E9: C | G9: 3ECP400500-0020 | H9: A | J9: 3ECP410482-0001 | K9: C | M9: 3ECP413651-0020 | N9: D | P9: FA010024100 | Q9: 03.2 | R9: FA010024100 | S9: 03.2
A10: TCMS Architecture | B10: FPD_TCMS Architecture | C10: pdf | D10: \ | E10: \ | G10: \ | H10: \ | J10: 3ECP307076-0001 | K10: _ | M10: 3ECP307255-0001 | N10: D | P10: FA010024104 | Q10: 00.2 | R10: FA010024104 | S10: 00.2
A11: Propulsion and Auxiliary | B11: FPD_Propulsion and Auxiliary | C11: pdf | D11: \ | E11: \ | G11: \ | H11: \ | M11: \ | N11: \ | P11: FA010024103 | Q11: 01.2 | R11: FA010024103 | S11: 01.2
A12: Line Voltage | B12: FPD_Line Voltage | C12: pdf | D12: 3ECP410475-0001 | E12: B | G12: 3ECP400500-0013 | H12: C | J12: 3ECP307079-0001 | K12: A | M12: 3ECP413651-0013 | N12: _ | P12: FA010024096 | Q12: 03.2 | R12: FA010024096 | S12: 03.2
A13: Auxiliary Electrical Supply | B13: FPD_Auxiliary Electrical Supply | C13: pdf | D13: 3ECP410465-0001 | E13: B | G13: 3ECP400500-0003 | H13: C | J13: 3ECP410465-0001 | K13: B | M13: 3ECP413651-0003 | N13: A | P13: FA010024083 | Q13: 01.2 | R13: FA010024083 | S13: 01.2
A14: Battery | B14: FPD_Battery | C14: pdf | D14: 3ECP410477-0001 | E14: B | G14: 3ECP400500-0015 | H14: _ | J14: 3ECP410477-0001 | K14: B | M14: 3ECP413651-0015 | N14: _ | P14: FA010024084 | Q14: 01.2 | R14: FA010024084 | S14: 01.2
A15: Air Supply | B15: FPD_Air Supply | C15: pdf | D15: 3ECP410463-0001 | E15: B | G15: 3ECP400500-0002 | H15: A | J15: 3ECP410463-0001 | K15: B | M15: 3ECP413651-0002 | N15: A | P15: FA010024081 | Q15: 01.2 | R15: FA010024081 | S15: 01.2
A16: Brake Control | B16: FPD_Brake Control | C16: pdf | D16: 3ECP410480-0001 | E16: C | G16: 3ECP400500-0018 | H16: B | J16: 3ECP307074-0001 | K16: E | M16: 3ECP413651-0018 | N16: A | P16: FA010024086 | Q16: 02.2 | R16: FA010024086 | S16: 02.2
A17: Bogie | B17: FPD_Bogie | C17: pdf | D17: 3ECP410466-0001 | E17: D | G17: 3ECP400500-0004 | H17: B | J17: 3ECP307081-0001 | K17: B | M17: 3ECP413651-0004 | N17: _ | P17: FA010024085 | Q17: 01.2 | R17: FA010024085 | S17: 01.2
A18: Wash Wiper | B18: FPD_Wash Wiper | C18: pdf | D18: 3ECP410473-0001 | E18: B | G18: 3ECP400500-0011 | H18: _ | J18: 3ECP307082-0001 | K18: _ | M18: 3ECP413651-0011 | N18: _ | P18: FA010024101 | Q18: 00.2 | R18: FA010024101 | S18: 00.2
A19: Windscreen heater | B19: FPD_Windscreen heater | C19: pdf | D19: 3ECP410474-0001 | E19: B | G19: 3ECP400500-0012 | H19: _ | J19: 3ECP410474-0001 | K19: B | M19: 3ECP413651-0012 | N19: _ | P19: FA010024102 | Q19: 00.2 | R19: FA010024102 | S19: 00.2
A20: Automatic Coupler | B20: FPD_Automatic Coupler | C20: pdf | D20: 3ECP410481-0001 | E20: C | G20: 3ECP400500-0019 | H20: A | J20: 3ECP307077-0001 | K20: B | M20: 3ECP413651-0019 | N20: A | P20: FA010024082 | Q20: 02.2 | R20: FA010024082 | S20: 02.2
A21: Horn | B21: FPD_Horn | C21: pdf | D21: 3ECP410468-0001 | E21: B | G21: 3ECP400500-0006 | H21: _ | J21: 3ECP410468-0001 | K21: B | M21: 3ECP413651-0006 | N21: _ | P21: FA010024094 | Q21: 00.2 | R21: FA010024094 | S21: 00.2
A22: Exterior and Interior Doors | B22: FPD_Exterior and Interior Doors | C22: pdf | D22: 3ECP410462-0001 | E22: C | G22: 3ECP400500-0001 | H22: A | J22: 3ECP307073-0001 | K22: D | M22: 3ECP413651-0001 | N22: A | P22: FA010024091 | Q22: 02.2 | R22: FA010024091 | S22: 02.2
A23: Cab HVAC | B23: FPD_Cab HVAC | C23: pdf | D23: 3ECP410470-0001 | E23: B | G23: 3ECP400500-0008 | H23: A | J23: 3ECP307084-0001 | K23: _ | M23: 3ECP413651-0008 | N23: A | P23: FA010024087 | Q23: 00.2 | R23: FA010024087 | S23: 00.2
... A30: Interior Lighting | B30: FPD_Interior Lighting | C30: pdf | D30: 3ECP410478-0001 | E30: B | G30: 3ECP400500-0016 | H30: _ | J30: 3ECP410478-0001 | K30: B | M30: 3ECP413651-0016 | N30: A | P30: FA010024095 | Q30: 01.2 | R30: FA010024095 | S30: 01.2
A31: Train Control Design System | B31: FPD_Train Control | C31: pdf | D31: \ | E31: \ | J31: 3ECP307076-0001 | K31: A | L31: manca
A32: Schematic diagram for French ATP MU | B32: FPD_ATP-MU | C32: pdf | J32: 90000056.D04 | K32: 5.0 | L32: manca
A33: Energy Meter System | B33: FPD_EMS | C33: pdf | J33: FA010031914 | K33: 00.1
A34: Functional Requirement Specification (FRS)
A35: Functional Vehicle Requirement Specification | B35: FRS_Vehicle | C35: pdf | D35: 3EST000224-9984 | E35: C | F35: 3EST000224-9984 | M35: 3ECP413839-0001 | N35: B | O35: 3ECP413839-0001 | P35: \ | Q35: \ | S35: \
A36: Drive Control | B36: FRS_Drive Control | C36: pdf | D36: 3EST000225-7909 | E36: A | F36: 3EST000225-7909 | G36: 3EST000225-7909 | H36: A | J36: 3ECP413571-0501 | K36: _ | M36: 3EST000225-7909 | N36: A | O36: 3EST000225-7909 | P36: FA020022675 | Q36: 03.2 4.0? | R36: FA020022675 | S36: 03.2 4.0?
A37: Conventional Train Control | B37: FRS_Conventional Train Control | C37: pdf | D37: 3EST000225-7916 | E37: A | F37: 3EST000225-7916 | G37: 3ECP413719-0903 | H37: _ | I37: manca | J37: FA02P021958B | K37: 2.0 | L37: 3ECP413719-0903 | M37: 3ECP413922-0903 | N37: _ | O37: 3ECP413922-0903 | P37: FA020023107 | Q37: 06.3 | R37: FA020023107 | S37: 06.3
A38: Train Protection - ATP | B38: FRS_Train Protection - ATP | C38: pdf | D38: FA020013231 | E38: 01 | F38: 3EST000225-7889 EC01P008999B | G38: FA020013231 | H38: 01 | I38: 3ECP414246-0902 | J38: FA020013231 | K38: 01 | L38: 3EST000225-7889 EC01P008999B | M38: FA020007630 | N38: 04 | O38: 3ECP413922-0902 | P38: FA020025863 | Q38: 01.3 | R38: FA020025863 | S38: 01.3
A39: Diagnostics | B39: FRS_Diagnostics | C39: pdf | D39: 3EST000225-7918 | E39: B | F39: 3EST000225-7918 | G39: 3EST000225-7918 | H39: B | I39: 3EST000225-7918 | J39: 3EST000225-7918 | K39: B | L39: 3EST000225-7918 | M39: 3ECP413922-1001 | N39: _ | O39: 3ECP413922-1001 | P39: FA020023413 | Q39: 01.2 | R39: FA020023413 | S39: 01.2
A40: Visualisation - MMI | B40: FRS_Visualisation - MMI | C40: pdf | D40: 3EST000225-7919 | E40: B | F40: 3EST000225-7919 | G40: 3EST000225-7919 | H40: B | I40: 3EST000225-7919 | J40: 3EST000225-7919 | K40: B | L40: 3EST000225-7919 | M40: 3ECP413922-1003 | N40: _ | O40: 3ECP413922-1003 | P40: FA020027681 | Q40: 03.2 | R40: FA020027681 | S40: 03.2
A41: TCMS - Operational | B41: FRS_TCMS - Operational | C41: pdf | D41: 3EST000225-7917 | E41: B | F41: 3EST000225-7917 | G41: 3EST000225-7917 | H41: B | I41: 3EST000225-7917 | J41: 3EST000225-7917 | K41: B | L41: 3EST000225-7917 | M41: 3ECP413922-0904 | N41: _ | O41: 3ECP413922-0904 | P41: FA020026278 | Q41: 02.2 | R41: FA020026278 | S41: 02.2
A42: Train to Wayside Communication (Teledia) | B42: FRS_Teledia | C42: pdf | D42: 3ECP413176-0001 | E42: _ | F42: 3ECP413176-0001 | G42: 3ECP413719-1200 | H42: _ | I42: 3ECP413719-1200 | J42: 3ECP413176-0001 | K42: _ | L42: 3ECP413176-0001 | M42: 3ECP413719-1200 | N42: _ | O42: 3ECP413719-1200 | P42: \ | Q42: \ | R42: \ | S42: \
A43: Line Voltage | B43: FRS_Line Voltage | C43: pdf | D43: 3EST000225-7907 | E43: C | F43: 3EST000225-7907 | G43: 3ECP413719-0401 | H43: _ | I43: manca | J43: 3ECP413571-0401 | K43: A | M43: 3EGH489028-2358 | N43: B | O43: 3EGH489028-2358 | P43: FA020022045 | Q43: 06.2 | R43: FA020022045 | S43: 06.2
A44: Aux Electrical Supply | B44: FRS_Aux Electrical Supply | C44: pdf | D44: 3EST000225-7914 | E44: B | F44: 3EST000225-7914 | G44: 3EST000225-7914 | H44: B | I44: 3EST000225-7914 | J44: 3ECP413571-0601 | K44: _ | M44: 3EST000225-7914 | N44: B | O44: 3EST000225-7914 | P44: FA020024537 | Q44: 03.2 | R44: FA020024537 | S44: 03.2
A45: Battery | B45: FRS_Battery | C45: pdf | D45: 3EST000225-7908 | E45: B | F45: 3EST000225-7908 | G45: 3EST000225-7908 | H45: B | I45: 3EST000225-7908 | J45: 3EST000225-7908 | K45: B | L45: 3EST000225-7908 | M45: 3EST000225-7908 | N45: B | O45: 3EST000225-7908 | P45: FA020024538 | Q45: 03.2 | R45: FA020024538 | S45: 03.2
A46: Air Supply | B46: FRS_Air Supply | C46: pdf | D46: 3EST000225-7915 | E46: D | F46: 3EST000225-7915 | G46: 3ECP413719-0603 | H46: _ | I46: 3ECP413719-0603 | J46: 3EST000225-7915 | K46: D | L46: 3EST000225-7915 | M46: 3ECP413719-0603 | N46: _ | O46: 3ECP413719-0603 | P46: FA020024531 | Q46: 01.3 | R46: FA020024531 | S46: 01.3
A47: Brake Control | B47: FRS_Brake Control | C47: pdf | D47: 3EST000225-7910 | E47: L | F47: 3EST000225-7910 | G47: 3ECP413719-0502 | H47: A | I47: manca | J47: 3ECP413571-0502 | K47: C | M47: 3ECP413922-0502 | N47: B | O47: 3ECP413922-0502 | P47: FA020023100 | Q47: 02.3 | R47: FA020023100 | S47: 02.3
A48: Bogies | B48: FRS_Bogies | C48: pdf | D48: 3EST000225-7906 | E48: D | F48: 3EST000225-7906 | G48: 3ECP413719-0300 | H48: _ | I48: 3ECP413719-0300 | J48: 3ECP413571-0300 | K48: A | L48: manca | M48: 3ECP413719-0300 | N48: _ | O48: 3ECP413719-0300 | P48: FA020030729 | Q48: 04.3 | R48: FA020030729 | S48: 04.3
A49: Wash Wiper | B49: FRS_Wash Wiper | C49: pdf | D49: 3EST000225-7900 | E49: A | F49: 3EST000225-7900 | G49: 3EST000225-7900 | H49: A | I49: 3EST000225-7900 | J49: 3EST000225-7900 | K49: A | L49: 3EST000225-7900 | M49: 3EST000225-7900 | N49: A | O49: 3EST000225-7900 | P49: FA020026344 | Q49: 00.3 | R49: FA020026344 | S49: 00.3
A50: Windscreen | B50: FRS_Windscreen | C50: pdf | D50: 3EST000225-7902 | E50: A | F50: 3EST000225-7902 | G50: 3EST000225-7902 | H50: A | I50: 3EST000225-7902 | J50: 3EST000225-7902 | K50: A | L50: 3EST000225-7902 | M50: 3EST000225-7902 | N50: A | O50: 3EST000225-7902 | P50: FA020026347 | Q50: 00.3 | R50: FA020026347 | S50: 00.3
A51: Coupler | B51: FRS_Coupler | C51: pdf | D51: 3EST000225-7903 | E51: C | F51: 3EST000225-7903 | G51: 3ECP413719-0204 | H51: A | I51: manca | J51: 3ECP413571-0204 | K51: _ | L51: manca | M51: 3ECP413922-0204 | N51: _ | O51: 3ECP413922-0204 | P51: FA020026357 | Q51: 02.2 | R51: FA020026357 | S51: 02.2
A52: Horn | B52: FRS_Horn | C52: pdf | D52: 3EST000225-7905 | E52: A | F52: 3EST000225-7905 | G52: 3EST000225-7905 | H52: A | I52: 3EST000225-7905 | J52: 3EST000225-7905 | K52: A | L52: 3EST000225-7905 | M52: 3EST000225-7905 | N52: A | O52: 3EST000225-7905 | P52: FA020026338 | Q52: 00.3 | R52: FA020026338 | S52: 00.3
A53: Wheelchair Lifts | B53: FRS_Wheelchair Lifts | C53: pdf | D53: 3EST000225-7887 | E53: _ | F53: 3EST000225-7887 | G53: 3EST000225-7887 | H53: _ | I53: 3EST000225-7887 | J53: 3EST000225-7887 | K53: _ | L53: 3EST000225-7887 | M53: 3EST000225-7887 | N53: _ | O53: 3EST000225-7887 | P53: FA020025254 | Q53: 02.2 | R53: FA020025254 | S53: 02.2
A54: Exterior Door and Step Systems | B54: FRS_Exterior Door and Step Systems | C54: pdf | D54: EC01P008887B | E54: 09 | F54: 3EST000225-7893 | G54: EC01P008887B | H54: 09 | I54: 3ECP413719-1400 | J54: FA020000711 | K54: 00 | L54: 3ECP413571-1400 | M54: EC01P008887B | N54: 09 | O54: 3ECP413922-1400 | P54: FA020025252 | Q54: 04.2 | R54: FA020025252 | S54: 04.2
A55: Interior Doors | B55: FRS_Interior Doors | C55: pdf | D55: EC01P008873B | E55: 01 | F55: 3EST000225-7886 | G55: EC01P008873B | H55: 01 | I55: 3EST000225-7886 | J55: EC01P008873B | K55: 01 | L55: 3EST000225-7886 | M55: EC01P008873B | N55: 01 | O55: 3EST000225-7886 | P55: FA020025253 | Q55: 04.2 | R55: FA020025253 | S55: 04.2
A56: Cab HVAC | B56: FRS_Cab HVAC | C56: pdf | D56: EC01P009028B | E56: 00.4 | F56: 3EST000225-7894 | G56: EC01P009028B | H56: 00.4 | I56: 3EST000225-7894 | J56: EC01P009028B | K56: 00.4 | L56: 3EST000225-7894 | M56: EC01P009028B | N56: 00.4 | O56: 3EST000225-7894 | P56: FA020026562 | Q56: 00.2 | R56: FA020026562 | S56: 00.2
A57: Saloon HVAC | B57: FRS_Saloon HVAC | C57: pdf | D57: EC01P008880B | E57: 00.8 | F57: 3EST000225-7897 | G57: 3EST000225-7897 | H57: A | I57: 3EST000225-7897 | J57: EC01P008880B | K57: 00.8 | L57: 3EST000225-7897 | M57: 3EST000225-7897 | N57: 00.8 | O57: EC01P008880B | P57: FA020026563 | Q57: 02.2 | R57: FA020026563 | S57: 02.2
A58: Fire Protection and Extinction | B58: FRS_FPS | C58: pdf | D58: EC01P008884B | E58: 04 | F58: 3EST000225-7879 | G58: 3EST000225-7879 | H58: A | I58: 3EST000225-7879 | J58: EC01P008884B | K58: 04 | L58: 3EST000225-7879 | M58: 3ECP413922-0604 | N58: 04 | O58: EC01P008884B | P58: FA020025419 | Q58: 03.2 | R58: FA020025419 | S58: 03.2
A59: Toilet | B59: FRS_Toilet | C59: pdf | D59: EC01P008888B | E59: 02 | F59: 3EST000225-7883 | G59: EC01P008888B | H59: 02 | I59: 3ECP413719-0802 | J59: EC01P008888B | K59: 02 | L59: 3EST000225-7883 | M59: EC01P008888B | N59: 02 | O59: 3ECP413719-0802 | P59: FA020026053 | Q59: 01.2 | R59: FA020026053 | S59: 01.2
... A61: PIES | B61: FRS_PIS | C61: pdf | D61: EC01P009000B | E61: 02 | F61: 3EST000225-7890 | G61: EC010008563 | H61: 00 | I61: 3ECP413719-1100 | J61: EC01P009000B | K61: 02 | L61: 3EST000225-7890 | M61: EC010008581 | N61: 00 | O61: 3ECP413922-1100 | P61: FA020025354 | Q61: 00.3 | R61: FA020025354 | S61: 00.3
A62: PIS 2.0 | B62: FRS_PIS 2.0 | C62: pdf | D62: \ | E62: \ | F62: \ | G62: \ | H62: \ | I62: \ | M62: \ | N62: \ | O62: \ | P62: FA020047983 | Q62: 00.1 | R62: FA020047983 | S62: 00.1
A63: CCTV | B63: FRS_CCTV | C63: pdf | D63: EC01P009001B | E63: 01 | F63: 3EST000225-7891 | G63: EC01P009001B | H63: 01 | I63: 3EST000225-7891 | J63: 3EST000225-7891 | K63: A | M63: EC01P009001B | N63: 01 | O63: 3EST000225-7891 | P63: FA020025360 | Q63: 01.2 | R63: FA020025360 | S63: 01.2
A64: Exterior Lighting | B64: FRS_Exterior Lighting | C64: pdf | D64: 3EST000225-7904 | E64: B | F64: 3EST000225-7904 | G64: 3EST000225-7904 | H64: B | I64: 3EST000225-7904 | J64: 3ECP413571-0206 | K64: _ | M64: 3EST000225-7904 | N64: B | O64: 3EST000225-7904 | P64: 3EST000225-7904 | Q64: B.1 | R64: 3EST000225-7904 | S64: B.1
A65: Interior Lighting | B65: FRS_Interior Lighting | C65: pdf | D65: EC01P008890B | E65: 01.3 | F65: 3EST000225-7882 | G65: EC01P008890B | H65: 01.3 | I65: 3EST000225-7882 | J65: 3EST000225-7882 | K65: B | M65: FA020011254 | N65: 00 | O65: 3ECP413922-0801 | P65: FA020011254 | Q65: 00.2 | R65: FA020011254 | S65: 00.2
A66: Train Protection - ATP (France) | B66: FRS_Train Protection_France | C66: pdf | J66: 3ECP413571-0902 | K66: B
A67: Energy Meter System | B67: FRS_EMS | C67: pdf | J67: EC010029076 | K67: 00.1 | P67: EC010019484 | Q67: 01
A68: Functional schematics | R68: mancanti
A69: Functional schematics DM1 | B69: FS_DM1 | C69: pdf | D69: 3ECP502128-0001 | E69: M | G69: 3ECP307211-1401 | H69: C | J69: 3ECP307051-0001 | K69: E | M69: 3ECP307251-0001 | N69: G | P69: FS020022117-001 | Q69: 05.2 | R69: FS020036994-001 | S69: 01.2
A70: Functional schematics TT2 | B70: FS_TT2 | C70: pdf | D70: 3ECP502129-0001 | E70: J | G70: 3ECP307211-0002 | H70: D | J70: 3ECP307059-0001 | K70: D | M70: 3ECP307251-0002 | N70: G | P70: FS020022117-002 | Q70: 05.2 | R70: FS020036994-002 | S70: 01.2
A71: Functional schematics M3 | B71: FS_M3 | C71: pdf | D71: 3ECP502130-0001 | E71: J | G71: 3ECP307211-0003 | H71: D | J71: 3ECP307157-0001 | K71: C | M71: 3ECP307251-0003 | N71: G | P71: FS020022117-003 | Q71: 05.2 | R71: FS020036994-003 | S71: 01.2
A72: Functional schematics T4 | B72: FS_T4 | C72: pdf | D72: 3ECP502131-0001 | E72: J | G72: 3ECP307211-0004 | H72: D | J72: 3ECP307158-0001 | K72: C | M72: 3ECP307251-0004 | N72: G | P72: FS020022117-004 | Q72: 05.2 | R72: FS020036994-004 | S72: 01.2
A73: Functional schematics T5 | B73: FS_T5 | C73: pdf | D73: 3ECP502132-0001 | E73: J | G73: 3ECP307211-0005 | H73: D | J73: 3ECP307159-0001 | K73: C | M73: 3ECP307251-0005 | N73: G | P73: FS020022117-005 | Q73: 05.2 | R73: FS020036994-005 | S73: 01.2
A74: Functional schematics M6 | B74: FS_M6 | C74: pdf | D74: 3ECP502133-0001 | E74: J | G74: 3ECP307211-0006 | H74: D | J74: 3ECP307160-0001 | K74: C | M74: 3ECP307251-0006 | N74: G | P74: FS020022117-006 | Q74: 05.2 | R74: FS020036994-006 | S74: 01.2
A75: Functional schematics TT7 | B75: FS_TT7 | C75: pdf | D75: 3ECP502134-0001 | E75: J | G75: 3ECP307211-0007 | H75: C | J75: 3ECP307060-0001 | K75: D | M75: 3ECP307251-0007 | N75: G | P75: FS020022117-007 | Q75: 05.2 | R75: FS020036994-007 | S75: 01.2
A76: Functional schematics DM8 | B76: FS_DM8 | C76: pdf | D76: 3ECP502135-0001 | E76: N | G76: 3ECP307211-1408 | H76: C | J76: 3ECP307052-0001 | K76: G | M76: 3ECP307251-0008 | N76: G | P76: FS020022117-008 | Q76: 05.2 | R76: FS020036994-008 | S76: 01.2
A77: Wiring table | P77: FS020022117-009 | Q77: 05.2 | R77: FS020036994-009 | S77: 01.2
A78: Wiring table DM1 | B78: WT_DM1 | C78: TBD | D78: 3ECP502136-0001 | E78: M | G78: 3ECP307212-1401 | H78: B | J78: 3ECP307053-0001 | K78: E | M78: 3ECP307252-0001 | N78: G
A79: Wiring table TT2 | B79: WT_TT2 | C79: TBD | D79: 3ECP502137-0001 | E79: J | G79: 3ECP307212-0002 | H79: D | J79: 3ECP307061-0001 | K79: D | M79: 3ECP307252-0002 | N79: G
A80: Wiring table M3 | B80: WT_M3 | C80: TBD | D80: 3ECP502138-0001 | E80: J | G80: 3ECP307212-0003 | H80: D | J80: 3ECP307153-0001 | K80: C | M80: 3ECP307252-0003 | N80: G
A81: Wiring table T4 | B81: WT_T4 | C81: TBD | D81: 3ECP502139-0001 | E81: J | G81: 3ECP307212-0004 | H81: D | J81: 3ECP307154-0001 | K81: C | M81: 3ECP307252-0004 | N81: G
A82: Wiring table T5 | B82: WT_T5 | C82: TBD | D82: 3ECP502140-0001 | E82: J | G82: 3ECP307212-0005 | H82: D | J82: 3ECP307155-0001 | K82: C | M82: 3ECP307252-0005 | N82: G
A83: Wiring table M6 | B83: WT_M6 | C83: TBD | D83: 3ECP502141-0001 | E83: J | G83: 3ECP307212-0006 | H83: D | J83: 3ECP307156-0001 | K83: C | M83: 3ECP307252-0006 | N83: G
A84: Wiring table TT7 | B84: WT_TT7 | C84: TBD | D84: 3ECP502142-0001 | E84: J | G84: 3ECP307212-0007 | H84: D | J84: 3ECP307062-0001 | K84: D | M84: 3ECP307252-0007 | N84: G
A85: Wiring table DM8 | B85: WT_DM8 | C85: TBD | D85: 3ECP502143-0001 | E85: N | G85: 3ECP307212-1408 | H85: C | J85: 3ECP307054-0001 | K85: G | M85: 3ECP307252-0008 | N85: G
A86: Electric Part lists
A87: Electric Part List DM1 | B87: EPL_DM1 | C87: TBD | D87: 3ECP502144-0001 | E87: M | G87: 3ECP307213-1401 | H87: C | J87: 3ECP307055-0001 | K87: E | M87: 3ECP307253-0001 | N87: G
A88: Electric Part List TT2 | B88: EPL_TT2 | C88: TBD | D88: 3ECP502145-0001 | E88: J | G88: 3ECP307213-0002 | H88: D | J88: 3ECP307063-0001 | K88: D | M88: 3ECP307253-0002 | N88: G
A89: Electric Part List M3 | B89: EPL_M3 | C89: TBD | D89: 3ECP502146-0001 | E89: J | G89: 3ECP307213-0003 | H89: D | J89: 3ECP307161-0001 | K89: C | M89: 3ECP307253-0003 | N89: G
A90: Electric Part List T4 | B90: EPL_T4 | C90: TBD | D90: 3ECP502147-0001 | E90: J | G90: 3ECP307213-0004 | H90: D | J90: 3ECP307162-0001 | K90: C | M90: 3ECP307253-0004 | N90: G
A91: Electric Part List T5 | B91: EPL_T5 | C91: TBD | D91: 3ECP502148-0001 | E91: J | G91: 3ECP307213-0005 | H91: D | J91: 3ECP307163-0001 | K91: C | M91: 3ECP307253-0005 | N91: G
A92: Electric Part List M6 | B92: EPL_M6 | C92: TBD | D92: 3ECP502149-0001 | E92: J | G92: 3ECP307213-0006 | H92: D | J92: 3ECP307164-0001 | K92: C | M92: 3ECP307253-0006 | N92: G
A93: Electric Part List TT7 | B93: EPL_TT7 | C93: TBD | D93: 3ECP502150-0001 | E93: J | G93: 3ECP307213-0007 | H93: D | J93: 3ECP307164-0001 | K93: D | M93: 3ECP307253-0007 | N93: G
A94: Electric Part List DM8 | B94: EPL_DM8 | C94: TBD | D94: 3ECP502151-0001 | E94: N | G94: 3ECP307213-1408 | H94: C | J94: 3ECP307056-0001 | K94: G | M94: 3ECP307253-0008 | N94: G
A95: Interface Control Document | B95: NOTA
A96: ICD Sistema TCMS | B96: ICD_TCMS | C96: pdf | D96: 3EST000225-0120 | E96: D | F96: 3EST000225-0120 | P96: EC130021271 | Q96: 01.2 | R96: EC130021271 | S96: 01.2
A97: ICD Sistema TCMS - Annex | C97: xslx | D97: \ | F97: \ | P97: EC130021272 | Q97: 03.2 | R97: EC130021272 | S97: 03.2
A98: ICD GTW IPTCOM-TRDP | B98: ICD_GTW | C98: pdf | D98: \ | F98: \ | P98: EC130019965 | Q98: 03.2 | R98: EC130019965 | S98: 03.2
A99: ICD GTW IPTCOM-TRDP - Annex | C99: xslx | D99: \ | F99: \ | P99: EC130019966 | Q99: 01.2 | R99: EC130019966 | S99: 01.2
A100: ICD Sistema Propulsion TCU | B100: ICD_Propulsion | C100: pdf | D100: 3EST000225-5108 | E100: E | F100: \ | P100: EC130019102 | Q100: 02.2 | R100: EC130019102 | S100: 02.2
A101: ICD Sistema Propulsion TCU - Annex | C101: xslx | D101: \ | F101: \ | P101: EC130019104 | Q101: 05.2 | R101: EC130019104 | S101: 05.2
A102: ICD Pantografo | B102: ICD_Panto | C102: pdf | D102: 3EST000225-7432 | E102: C | F102: \ | P102: EC130021259 | Q102: 00.3 | R102: EC130021259 | S102: 00.3
A103: ICD Pantografo - Annex | C103: xslx | D103: \ | F103: \ | P103: EC130021260 | Q103: 03.2 | R103: EC130021260 | S103: 03.2
A104: ICD Sistema BCU | B104: ICD_Brake | C104: pdf | D104: 3EST000225-7431 | E104: D | F104: \ | P104: EC130019100 | Q104: 02.2 | R104: EC130019100 | S104: 02.2
A105: ICD Sistema BCU - Annex | B105: ICD_Brake_Annex | C105: xslx | D105: 3EST000225-7431_Annex | F105: \ | P105: EC130019101 | Q105: 03.3 | R105: EC130019101 | S105: 03.3
A106: ICD Sistema Segnalamento | B106: ICD_ATP | C106: pdf | D106: \ | F106: \ | P106: EC130020522 | Q106: 01.3 | R106: EC130020522 | S106: 01.3
A107: ICD Sistema Segnalamento - Annex | C107: xslx | D107: \ | F107: \ | P107: EC130020523 | Q107: 03.2 | R107: EC130020523 | S107: 03.2
...

Sheet GENERAL
A1: DOC DESCRIPTION | B1: DOC ID | C1: DOC EXT | D1: VZI_Base | F1: VZI_New14 | H1: VZ_FR | J1: VZ_ES | L1: VZI-6_R1 | N1: VZI-4_R1 | P1: VZ_DAI | R1: VZ_Esxx
D2: File/Codice | E2: Rev | F2: File/Codice | G2: Rev | H2: File/Codice | I2: Rev | J2: File/Codice | K2: Rev | L2: Codice | M2: Rev | N2: Codice | O2: Rev | P2: Codice | Q2: Rev | R2: Codice | S2: Rev
A3: Functional Doc & Specification
A4: Architettura di Controllo Treno ed Interfacce di Comando | B4: FD_TCMS | C4: pdf | D4: 3ECP410429-0001 | E4: L | F4: 3ECP413973-0001 | G4: A | L4: FE010019098 | M4: 1.02
A5: Brake System | B5: FD_Brake | C5: pdf | D5: 3EGH489013-3044 | E5: F
A6: Air Supply | B6: FD_Air Supply | C6: pdf | D6: 3EGH489013-4928 | E6: A
A7: Descrizione SW PCU | B7: FD_PCU | C7: pdf | D7: 3EST000225-5111 | E7: C
A8: Descrizione SW Alta Tensione | B8: FD_High Voltage | C8: pdf | D8: 3EST000225-5113 | E8: C
A9: Descrizione SW Propulsione | B9: FD_Propulsion | C9: pdf | D9: 3EST000225-5115 | E9: C
A10: Descrizione SW DCU/L | B10: FD_DCU/L | C10: pdf | D10: 3EST000225-5117 | E10: B
A11: Descrizione SW DCU/M | B11: FD_DCU/M | C11: pdf | D11: 3EST000225-5118 | E11: G
A12: Descrizione SW ACM | B12: FD_ACM | C12: pdf | D12: 3EST000225-5119 | E12: E
A13: Descrizione SW DCU/C | B13: FD_DCU/C | C13: pdf | D13: 3EST000225-5120 | E13: C
A14: Descrizione SW LIM | B14: FD_LIM | C14: pdf | D14: 3EST000225-5132 | E14: _
A16: Product Description
A17: Converter unit TC1120 | B17: PDES_Converter | C17: pdf | D17: 3EST000228-5653 | E17: B
A18: Auxiliary converter module, CM-C S 15/10 WA V02 | B18: PDES_Auxiliary module | C18: pdf | D18: 3EST000226-1993 | E18: A
A19: Chopper converter module, CM-C L 30/07 WC V01 | B19: PDES_Chopper module | C19: pdf | D19: 3EST000226-1995 | E19: B
A20: Line converter module, CM-C M 15/15 WL V06 | B20: PDES_Line Module | C20: pdf | D20: 3EST000226-1994 | E20: B
A21: Motor converter module, CM-C S 15/10 WM V02 | B21: PDES_Motor Module | C21: pdf | D21: 3EST000226-1992 | E21: B
A22: TCMS Tech Description | B22: PDES_TCMS | C22: pdf | D22: 3EST000225-4855 | E22: E
A23: Brake Tech Description | B23: PDES_Brake | C23: pdf | D23: FTIT10002-I01TDE | E23: F00
A25: Test Specification & Report
A26: System Test Specification | B26: TS_VZI_Base | C26: pdf | D26: 3EST000225-6042 | E26: C
A27: EPVE63 Test Intervento protezioni azionamento | B27: TS_Test Protezioni azionamento EPVE63 | C27: pdf | L27: DC08060VE63 | M27: 01
A28: EPVE63 Report Intervento protezioni azionamento | B28: TS_Report Protezioni azionamento EPVE63 | C28: pdf | L28: DD04060VE63 | M28: 00
A29: Test Report HVSP | B29: TS_Report HVSP | C29: pdf | L29: DD040031058 | M29: 00.6
A30: Test High Voltage | B30: TS_Test High Voltage | C30: pdf | L30: EC070028470 | M30: 1.0
A31: Test Driver Control | B31: TS_Test Driver Control | C31: pdf | L31: EC070028753 | M31: 1.0
A32: Test Intervento protezioni azionamento | B32: TS_Test Protezioni azionamento | C32: pdf | L32: EC070045631 | M32: 2.0
A33: Combined test specification | B33: TS_Test Combined | C33: pdf | L33: EC070027996 | M33: 2.0
A34: Prove HVSP in combined test | B34: TS_Test HVSP Combined | C34: pdf | L34: EC070030298 | M34: 00.2
A35: Manuals (other)
A36: Manuale uso e depannage - Apparecchiature Segnalamento Francia | B36: MAN_GDA-VZI_Base | C36: pdf | J36: ETR1000V300_FR-DC100002740 | K36: 03

Sheet MAN_CPR
A1: DOC DESCRIPTION | B1: DOC ID | C1: DOC EXT | D1: TIPO | E1: VOLUME SUBVOLUME _TOMO | F1: VZI_Base | J1: VZI_New14 | N1: VZ_FR | R1: VZ-ES | V1: VZI-6_R1 | Z1: VZI-4_R1
F2: NOME FILE | G2: CODICE | H2: REV | I2: DATA | J2: NOME FILE | K2: CODICE | L2: REV | M2: DATA | N2: NOME FILE | O2: CODICE | P2: REV | Q2: DATA | R2: NOME FILE | S2: CODICE | T2: REV | U2: DATA | V2: NOME FILE | W2: CODICE | X2: REV | Y2: DATA | Z2: NOME FILE | AA2: CODICE | AB2: REV | AC2: DATA
A3: Descrizione generale e funzionamento | B3: =CONCATENATE(D3,"_",E3) -> PBC_01A | C3: pdf | D3: PBC | E3: 01A | F3: =CONCATENATE("ETR1000V300-",$D3,"-",$E3) -> ETR1000V300-PBC-01A | G3: =CONCATENATE(F3,"-",H3) -> ETR1000V300-PBC-01A-14 | H3: 14 | I3: 46113 | J3: =$F3 -> ETR1000V300-PBC-01A | K3: =$G3 -> ETR1000V300-PBC-01A-14 | L3: =$H3 -> 14 | M3: =$I3 -> 46113 | N3: =CONCATENATE("ETR1000V300_FR-",$D3,"-",$E3) -> ETR1000V300_FR-PBC-01A | O3: =CONCATENATE(N3,"-",P3) -> ETR1000V300_FR-PBC-01A-03 | P3: 03 | Q3: 43922 | R3: =CONCATENATE("ETR1000V300_ES-",$D3,"-",$E3) -> ETR1000V300_ES-PBC-01A | S3: =CONCATENATE(R3,"-",T3) -> ETR1000V300_ES-PBC-01A-03 | T3: 03 | U3: 45566 | V3: =CONCATENATE("ETR1000V300_R1-",$D3,"-",$E3) -> ETR1000V300_R1-PBC-01A | W3: =CONCATENATE(V3,"-",X3) -> ETR1000V300_R1-PBC-01A-06 | X3: 06 | Y3: 45870 | Z3: =V3 -> ETR1000V300_R1-PBC-01A | AA3: =W3 -> ETR1000V300_R1-PBC-01A-06 | AB3: =X3 -> 06 | AC3: =Y3 -> 45870
A4: Norme d’Uso ed Interventi di Emergenza | B4: =CONCATENATE(D4,"_",E4) -> PBC_01B | C4: pdf | D4: PBC | E4: 01B | F4: =CONCATENATE("ETR1000V300-",$D4,"-",$E4) -> ETR1000V300-PBC-01B | G4: =CONCATENATE(F4,"-",H4) -> ETR1000V300-PBC-01B-14 | H4: 14 | I4: 45748 | J4: =$F4 -> ETR1000V300-PBC-01B | K4: =$G4 -> ETR1000V300-PBC-01B-14 | L4: =$H4 -> 14 | M4: =$I4 -> 45748 | N4: =CONCATENATE("ETR1000V300_FR-",$D4,"-",$E4) -> ETR1000V300_FR-PBC-01B | O4: =CONCATENATE(N4,"-",P4) -> ETR1000V300_FR-PBC-01B-03 | P4: 03 | Q4: 43922 | R4: =CONCATENATE("ETR1000V300_ES-",$D4,"-",$E4) -> ETR1000V300_ES-PBC-01B | S4: =CONCATENATE(R4,"-",T4) -> ETR1000V300_ES-PBC-01B-03 | T4: 03 | U4: 45566 | V4: =CONCATENATE("ETR1000V300_R1-",$D4,"-",$E4) -> ETR1000V300_R1-PBC-01B | W4: =CONCATENATE(V4,"-",X4) -> ETR1000V300_R1-PBC-01B-09 | X4: 09 | Y4: 45870 | Z4: =V4 -> ETR1000V300_R1-PBC-01B | AA4: =W4 -> ETR1000V300_R1-PBC-01B-09 | AB4: =X4 -> 09 | AC4: =Y4 -> 45870
A5: Manuale per il Personale di Bordo addetto alla Scorta | B5: =CONCATENATE(D5,"_",E5) -> PBS_01A | C5: pdf | D5: PBS | E5: 01A | F5: =CONCATENATE("ETR1000V300-",$D5,"-",$E5) -> ETR1000V300-PBS-01A | G5: =CONCATENATE(F5,"-",H5) -> ETR1000V300-PBS-01A-04 | H5: 04 | I5: 45748 | J5: =$F5 -> ETR1000V300-PBS-01A | K5: =$G5 -> ETR1000V300-PBS-01A-04 | L5: =$H5 -> 04 | M5: =$I5 -> 45748 | N5: =CONCATENATE("ETR1000V300_FR-",$D5,"-",$E5) -> ETR1000V300_FR-PBS-01A | O5: =CONCATENATE(N5,"-",P5) -> ETR1000V300_FR-PBS-01A-01 | P5: 01 | Q5: 43922 | R5: =CONCATENATE("ETR1000V300_ES-",$D5,"-",$E5) -> ETR1000V300_ES-PBS-01A | S5: =CONCATENATE(R5,"-",T5) -> ETR1000V300_ES-PBS-01A-03 | T5: 03 | U5: 45566 | V5: =CONCATENATE("ETR1000V300_R1-",$D5,"-",$E5) -> ETR1000V300_R1-PBS-01A | W5: =CONCATENATE(V5,"-",X5) -> ETR1000V300_R1-PBS-01A-03 | X5: 03 | Y5: 45901 | Z5: =V5 -> ETR1000V300_R1-PBS-01A | AA5: =W5 -> ETR1000V300_R1-PBS-01A-03 | AB5: =X5 -> 03 | AC5: =Y5 -> 45901
A6: Cassa | B6: =CONCATENATE(D6,"_",E6) -> MR1_01A | C6: pdf | D6: MR1 | E6: 01A | F6: =CONCATENATE("ETR1000V300-",$D6,"-",$E6) -> ETR1000V300-MR1-01A | G6: =CONCATENATE(F6,"-",H6) -> ETR1000V300-MR1-01A-08 | H6: 08 | I6: 46113 | J6: =$F6 -> ETR1000V300-MR1-01A | K6: =$G6 -> ETR1000V300-MR1-01A-08 | L6: =$H6 -> 08 | M6: =$I6 -> 46113 | N6: =CONCATENATE("ETR1000V300_FR-",$D6,"-",$E6) -> ETR1000V300_FR-MR1-01A | O6: =CONCATENATE(N6,"-",P6) -> ETR1000V300_FR-MR1-01A-01 | P6: 01 | Q6: 44105 | R6: TBD | V6: =CONCATENATE("ETR1000V300_R1-",$D6,"-",$E6) -> ETR1000V300_R1-MR1-01A | W6: =CONCATENATE(V6,"-",X6) -> ETR1000V300_R1-MR1-01A-05 | X6: 05 | Y6: gen-2026 | Z6: =V6 -> ETR1000V300_R1-MR1-01A | AA6: =W6 -> ETR1000V300_R1-MR1-01A-05 | AB6: =X6 -> 05 | AC6: =Y6 -> gen-2026
A7: Carrello | B7: =CONCATENATE(D7,"_",E7) -> MR1_02A | C7: pdf | D7: MR1 | E7: 02A | F7: =CONCATENATE("ETR1000V300-",$D7,"-",$E7) -> ETR1000V300-MR1-02A | G7: =CONCATENATE(F7,"-",H7) -> ETR1000V300-MR1-02A-14 | H7: 14 | I7: 46113 | J7: =$F7 -> ETR1000V300-MR1-02A | K7: =$G7 -> ETR1000V300-MR1-02A-14 | L7: =$H7 -> 14 | M7: =$I7 -> 46113 | N7: =CONCATENATE("ETR1000V300_FR-",$D7,"-",$E7) -> ETR1000V300_FR-MR1-02A | O7: =CONCATENATE(N7,"-",P7) -> ETR1000V300_FR-MR1-02A-02 | P7: 02 | Q7: 44713 | V7: =CONCATENATE("ETR1000V300_R1-",$D7,"-",$E7) -> ETR1000V300_R1-MR1-02A | W7: =CONCATENATE(V7,"-",X7) -> ETR1000V300_R1-MR1-02A-08 | X7: 08 | Y7: gen-2026 | Z7: =V7 -> ETR1000V300_R1-MR1-02A | AA7: =W7 -> ETR1000V300_R1-MR1-02A-08 | AB7: =X7 -> 08 | AC7: =Y7 -> gen-2026
A8: Impianto pneumatico e freno | B8: =CONCATENATE(D8,"_",E8) -> MR1_03A | C8: pdf | D8: MR1 | E8: 03A | F8: =CONCATENATE("ETR1000V300-",$D8,"-",$E8) -> ETR1000V300-MR1-03A | G8: =CONCATENATE(F8,"-",H8) -> ETR1000V300-MR1-03A-09 | H8: 09 | I8: 46113 | J8: =$F8 -> ETR1000V300-MR1-03A | K8: =$G8 -> ETR1000V300-MR1-03A-09 | L8: =$H8 -> 09 | M8: =$I8 -> 46113 | N8: =CONCATENATE("ETR1000V300_FR-",$D8,"-",$E8) -> ETR1000V300_FR-MR1-03A | O8: =CONCATENATE(N8,"-",P8) -> ETR1000V300_FR-MR1-03A-02 | P8: 02 | Q8: 44713 | V8: =CONCATENATE("ETR1000V300_R1-",$D8,"-",$E8) -> ETR1000V300_R1-MR1-03A | W8: =CONCATENATE(V8,"-",X8) -> ETR1000V300_R1-MR1-03A-04 | X8: 04 | Y8: 45992 | Z8: =V8 -> ETR1000V300_R1-MR1-03A | AA8: =W8 -> ETR1000V300_R1-MR1-03A-04 | AB8: =X8 -> 04 | AC8: =Y8 -> 45992
A9: Equipaggiamento elettrico ed elettropneumatico | B9: =CONCATENATE(D9,"_",E9) -> MR1_04A | C9: pdf | D9: MR1 | E9: 04A | F9: =CONCATENATE("ETR1000V300-",$D9,"-",$E9) -> ETR1000V300-MR1-04A | G9: =CONCATENATE(F9,"-",H9) -> ETR1000V300-MR1-04A-10 | H9: 10 | I9: 46113 | J9: =$F9 -> ETR1000V300-MR1-04A | K9: =$G9 -> ETR1000V300-MR1-04A-10 | L9: =$H9 -> 10 | M9: =$I9 -> 46113 | N9: =CONCATENATE("ETR1000V300_FR-",$D9,"-",$E9) -> ETR1000V300_FR-MR1-04A | O9: =CONCATENATE(N9,"-",P9) -> ETR1000V300_FR-MR1-04A-05 | P9: 05 | Q9: 45931 | V9: =CONCATENATE("ETR1000V300_R1-",$D9,"-",$E9) -> ETR1000V300_R1-MR1-04A | W9: =CONCATENATE(V9,"-",X9) -> ETR1000V300_R1-MR1-04A-05 | X9: 05 | Y9: gen-2026 | Z9: =V9 -> ETR1000V300_R1-MR1-04A | AA9: =W9 -> ETR1000V300_R1-MR1-04A-05 | AB9: =X9 -> 05 | AC9: =Y9 -> gen-2026
A10: Logica di comando | B10: =CONCATENATE(D10,"_",E10) -> MR1_05A | C10: pdf | D10: MR1 | E10: 05A | F10: =CONCATENATE("ETR1000V300-",$D10,"-",$E10) -> ETR1000V300-MR1-05A | G10: =CONCATENATE(F10,"-",H10) -> ETR1000V300-MR1-05A-04 | H10: 04 | I10: 46113 | J10: =$F10 -> ETR1000V300-MR1-05A | K10: =$G10 -> ETR1000V300-MR1-05A-04 | L10: =$H10 -> 04 | M10: =$I10 -> 46113 | N10: =$F10 -> ETR1000V300-MR1-05A | O10: =$G10 -> ETR1000V300-MR1-05A-04 | P10: =$H10 -> 04 | Q10: =$I10 -> 46113 | V10: =CONCATENATE("ETR1000V300_R1-",$D10,"-",$E10) -> ETR1000V300_R1-MR1-05A | W10: =CONCATENATE(V10,"-",X10) -> ETR1000V300_R1-MR1-05A-03 | X10: 03 | Y10: 45931 | Z10: =V10 -> ETR1000V300_R1-MR1-05A | AA10: =W10 -> ETR1000V300_R1-MR1-05A-03 | AB10: =X10 -> 03 | AC10: =Y10 -> 45931
A11: Logica di comando - Nodo TCN | B11: =CONCATENATE(D11,"_",E11) -> MR1_05B | C11: pdf | D11: MR1 | E11: 05B | F11: =CONCATENATE("ETR1000V300-",$D11,"-",$E11) -> ETR1000V300-MR1-05B | G11: =CONCATENATE(F11,"-",H11) -> ETR1000V300-MR1-05B-02 | H11: 02 | I11: giu-17 | J11: =$F11 -> ETR1000V300-MR1-05B | K11: =$G11 -> ETR1000V300-MR1-05B-02 | L11: =$H11 -> 02 | M11: =$I11 -> giu-17 | N11: =$F11 -> ETR1000V300-MR1-05B | O11: =$G11 -> ETR1000V300-MR1-05B-02 | P11: =$H11 -> 02 | Q11: =$I11 -> giu-17 | V11: \ | W11: \ | X11: \ | Y11: \ | Z11: =V11 -> \ | AA11: =W11 -> \ | AB11: =X11 -> \ | AC11: =Y11 -> \
A12: Azionamento di trazione | B12: =CONCATENATE(D12,"_",E12) -> MR1_06A | C12: pdf | D12: MR1 | E12: 06A | F12: =CONCATENATE("ETR1000V300-",$D12,"-",$E12) -> ETR1000V300-MR1-06A | G12: =CONCATENATE(F12,"-",H12) -> ETR1000V300-MR1-06A-05 | H12: 05 | I12: 46113 | J12: =$F12 -> ETR1000V300-MR1-06A | K12: =$G12 -> ETR1000V300-MR1-06A-05 | L12: =$H12 -> 05 | M12: =$I12 -> 46113 | N12: =$F12 -> ETR1000V300-MR1-06A | O12: =$G12 -> ETR1000V300-MR1-06A-05 | P12: =$H12 -> 05 | Q12: =$I12 -> 46113 | V12: =CONCATENATE("ETR1000V300_R1-",$D12,"-",$E12) -> ETR1000V300_R1-MR1-06A | W12: =CONCATENATE(V12,"-",X12) -> ETR1000V300_R1-MR1-06A-04 | X12: 04 | Y12: 45992 | Z12: =V12 -> ETR1000V300_R1-MR1-06A | AA12: =W12 -> ETR1000V300_R1-MR1-06A-04 | AB12: =X12 -> 04 | AC12: =Y12 -> 45992
A13: Motore di trazione | B13: =CONCATENATE(D13,"_",E13) -> MR1_07A | C13: pdf | D13: MR1 | E13: 07A | F13: =CONCATENATE("ETR1000V300-",$D13,"-",$E13) -> ETR1000V300-MR1-07A | G13: =CONCATENATE(F13,"-",H13) -> ETR1000V300-MR1-07A-07 | H13: 07 | I13: 46113 | J13: =$F13 -> ETR1000V300-MR1-07A | K13: =$G13 -> ETR1000V300-MR1-07A-07 | L13: =$H13 -> 07 | M13: =$I13 -> 46113 | N13: =$F13 -> ETR1000V300-MR1-07A | O13: =$G13 -> ETR1000V300-MR1-07A-07 | P13: =$H13 -> 07 | Q13: =$I13 -> 46113 | V13: =CONCATENATE("ETR1000V300_R1-",$D13,"-",$E13) -> ETR1000V300_R1-MR1-07A | W13: =CONCATENATE(V13,"-",X13) -> ETR1000V300_R1-MR1-07A-04 | X13: 04 | Y13: 45931 | Z13: =V13 -> ETR1000V300_R1-MR1-07A | AA13: =W13 -> ETR1000V300_R1-MR1-07A-04 | AB13: =X13 -> 04 | AC13: =Y13 -> 45931
A14: Passaggi esterni | B14: =CONCATENATE(D14,"_",E14) -> MR1_08A | C14: pdf | D14: MR1 | E14: 08A | F14: =CONCATENATE("ETR1000V300-",$D14,"-",$E14) -> ETR1000V300-MR1-08A | G14: =CONCATENATE(F14,"-",H14) -> ETR1000V300-MR1-08A-05 | H14: 05 | I14: 46113 | J14: =$F14 -> ETR1000V300-MR1-08A | K14: =$G14 -> ETR1000V300-MR1-08A-05 | L14: =$H14 -> 05 | M14: =$I14 -> 46113 | N14: =$F14 -> ETR1000V300-MR1-08A | O14: =$G14 -> ETR1000V300-MR1-08A-05 | P14: =$H14 -> 05 | Q14: =$I14 -> 46113 | V14: =CONCATENATE("ETR1000V300_R1-",$D14,"-",$E14) -> ETR1000V300_R1-MR1-08A | W14: =CONCATENATE(V14,"-",X14) -> ETR1000V300_R1-MR1-08A-04 | X14: 04 | Y14: 45931 | Z14: =V14 -> ETR1000V300_R1-MR1-08A | AA14: =W14 -> ETR1000V300_R1-MR1-08A-04 | AB14: =X14 -> 04 | AC14: =Y14 -> 45931
A15: Sottosistema di climatizzazione | B15: =CONCATENATE(D15,"_",E15) -> MR1_09A | C15: pdf | D15: MR1 | E15: 09A | F15: =CONCATENATE("ETR1000V300-",$D15,"-",$E15) -> ETR1000V300-MR1-09A | G15: =CONCATENATE(F15,"-",H15) -> ETR1000V300-MR1-09A-05 | H15: 05 | I15: 46113 | J15: =$F15 -> ETR1000V300-MR1-09A | K15: =$G15 -> ETR1000V300-MR1-09A-05 | L15: =$H15 -> 05 | M15: =$I15 -> 46113 | N15: =$F15 -> ETR1000V300-MR1-09A | O15: =$G15 -> ETR1000V300-MR1-09A-05 | P15: =$H15 -> 05 | Q15: =$I15 -> 46113 | V15: =CONCATENATE("ETR1000V300_R1-",$D15,"-",$E15) -> ETR1000V300_R1-MR1-09A | W15: =CONCATENATE(V15,"-",X15) -> ETR1000V300_R1-MR1-09A-04 | X15: 04 | Y15: 45931 | Z15: =V15 -> ETR1000V300_R1-MR1-09A | AA15: =W15 -> ETR1000V300_R1-MR1-09A-04 | AB15: =X15 -> 04 | AC15: =Y15 -> 45931
A16: Sottosistema di comunicazione | B16: =CONCATENATE(D16,"_",E16) -> MR1_10A | C16: pdf | D16: MR1 | E16: 10A | F16: =CONCATENATE("ETR1000V300-",$D16,"-",$E16) -> ETR1000V300-MR1-10A | G16: =CONCATENATE(F16,"-",H16) -> ETR1000V300-MR1-10A-05 | H16: 05 | I16: 46113 | J16: =$F16 -> ETR1000V300-MR1-10A | K16: =$G16 -> ETR1000V300-MR1-10A-05 | L16: =$H16 -> 05 | M16: =$I16 -> 46113 | N16: =$F16 -> ETR1000V300-MR1-10A | O16: =$G16 -> ETR1000V300-MR1-10A-05 | P16: =$H16 -> 05 | Q16: =$I16 -> 46113 | V16: =CONCATENATE("ETR1000V300_R1-",$D16,"-",$E16) -> ETR1000V300_R1-MR1-10A | W16: =CONCATENATE(V16,"-",X16) -> ETR1000V300_R1-MR1-10A-03 | X16: 03 | Y16: 45901 | Z16: =V16 -> ETR1000V300_R1-MR1-10A | AA16: =W16 -> ETR1000V300_R1-MR1-10A-03 | AB16: =X16 -> 03 | AC16: =Y16 -> 45901
A17: Convertitore servizi ausiliari e caricabatterie | B17: =CONCATENATE(D17,"_",E17) -> MR1_11A | C17: pdf | D17: MR1 | E17: 11A | F17: =CONCATENATE("ETR1000V300-",$D17,"-",$E17) -> ETR1000V300-MR1-11A | G17: =CONCATENATE(F17,"-",H17) -> ETR1000V300-MR1-11A-03 | H17: 03 | I17: 46113 | J17: =$F17 -> ETR1000V300-MR1-11A | K17: =$G17 -> ETR1000V300-MR1-11A-03 | L17: =$H17 -> 03 | M17: =$I17 -> 46113 | N17: =$F17 -> ETR1000V300-MR1-11A | O17: =$G17 -> ETR1000V300-MR1-11A-03 | P17: =$H17 -> 03 | Q17: =$I17 -> 46113 | V17: =CONCATENATE("ETR1000V300_R1-",$D17,"-",$E17) -> ETR1000V300_R1-MR1-11A | W17: =CONCATENATE(V17,"-",X17) -> ETR1000V300_R1-MR1-11A-03 | X17: 03 | Y17: 45992 | Z17: =V17 -> ETR1000V300_R1-MR1-11A | AA17: =W17 -> ETR1000V300_R1-MR1-11A-03 | AB17: =X17 -> 03 | AC17: =Y17 -> 45992
A18: Sottosistema diagnostica di bordo | B18: =CONCATENATE(D18,"_",E18) -> MR1_13A | C18: pdf | D18: MR1 | E18: 13A | F18: =CONCATENATE("ETR1000V300-",$D18,"-",$E18) -> ETR1000V300-MR1-13A | G18: =CONCATENATE(F18,"-",H18) -> ETR1000V300-MR1-13A-03 | H18: 03 | I18: 46113 | J18: =$F18 -> ETR1000V300-MR1-13A | K18: =$G18 -> ETR1000V300-MR1-13A-03 | L18: =$H18 -> 03 | M18: =$I18 -> 46113 | N18: =$F18 -> ETR1000V300-MR1-13A | O18: =$G18 -> ETR1000V300-MR1-13A-03 | P18: =$H18 -> 03 | Q18: =$I18 -> 46113 | V18: =CONCATENATE("ETR1000V300_R1-",$D18,"-",$E18) -> ETR1000V300_R1-MR1-13A | W18: =CONCATENATE(V18,"-",X18) -> ETR1000V300_R1-MR1-13A-03 | X18: 03 | Y18: 45931 | Z18: =V18 -> ETR1000V300_R1-MR1-13A | AA18: =W18 -> ETR1000V300_R1-MR1-13A-03 | AB18: =X18 -> 03 | AC18: =Y18 -> 45931
A19: Allestimenti interni | B19: =CONCATENATE(D19,"_",E19) -> MR1_14A | C19: pdf | D19: MR1 | E19: 14A | F19: =CONCATENATE("ETR1000V300-",$D19,"-",$E19) -> ETR1000V300-MR1-14A | G19: =CONCATENATE(F19,"-",H19) -> ETR1000V300-MR1-14A-06 | H19: 06 | I19: 46113 | J19: =$F19 -> ETR1000V300-MR1-14A | K19: =$G19 -> ETR1000V300-MR1-14A-06 | L19: =$H19 -> 06 | M19: =$I19 -> 46113 | N19: =$F19 -> ETR1000V300-MR1-14A | O19: =$G19 -> ETR1000V300-MR1-14A-06 | P19: =$H19 -> 06 | Q19: =$I19 -> 46113
A20: Allestimenti interni - Arredi comparto e cabina di guida | B20: =CONCATENATE(D20,"_",E20) -> MR1_14B | C20: pdf | D20: MR1 | E20: 14B | F20: =CONCATENATE("ETR1000V300-",$D20,"-",$E20) -> ETR1000V300-MR1-14B | G20: \ | H20: \ | I20: \ | J20: =$F20 -> ETR1000V300-MR1-14B | K20: =$G20 -> \ | L20: =$H20 -> \ | M20: =$I20 -> \ | N20: =$G20 -> \ | O20: =$G20 -> \ | P20: =$H20 -> \ | Q20: =$I20 -> \ | V20: =CONCATENATE("ETR1000V300_R1-",$D20,"-",$E20) -> ETR1000V300_R1-MR1-14B | W20: =CONCATENATE(V20,"-",X20) -> ETR1000V300_R1-MR1-14B-03 | X20: 03 | Y20: 45992 | Z20: =V20 -> ETR1000V300_R1-MR1-14B | AA20: =W20 -> ETR1000V300_R1-MR1-14B-03 | AB20: =X20 -> 03 | AC20: =Y20 -> 45992
A21: Servizi Generali di Bordo - Toilette | B21: =CONCATENATE(D21,"_",E21) -> MR1_15A | C21: pdf | D21: MR1 | E21: 15A | F21: =CONCATENATE("ETR1000V300-",$D21,"-",$E21) -> ETR1000V300-MR1-15A | G21: =CONCATENATE(F21,"-",H21) -> ETR1000V300-MR1-15A-06 | H21: 06 | I21: 46113 | J21: =$F21 -> ETR1000V300-MR1-15A | K21: =$G21 -> ETR1000V300-MR1-15A-06 | L21: =$H21 -> 06 | M21: =$I21 -> 46113 | N21: =$F21 -> ETR1000V300-MR1-15A | O21: =$G21 -> ETR1000V300-MR1-15A-06 | P21: =$H21 -> 06 | Q21: =$I21 -> 46113 | V21: =CONCATENATE("ETR1000V300_R1-",$D21,"-",$E21) -> ETR1000V300_R1-MR1-15A | W21: =CONCATENATE(V21,"-",X21) -> ETR1000V300_R1-MR1-15A-03 | X21: 03 | Y21: gen-2026 | Z21: =V21 -> ETR1000V300_R1-MR1-15A | AA21: =W21 -> ETR1000V300_R1-MR1-15A-03 | AB21: =X21 -> 03 | AC21: =Y21 -> gen-2026
A22: Servizi Generali di Bordo - Bar Bistrot | B22: =CONCATENATE(D22,"_",E22) -> MR1_15B | C22: pdf | D22: MR1 | E22: 15B | F22: =CONCATENATE("ETR1000V300-",$D22,"-",$E22) -> ETR1000V300-MR1-15B | G22: \ | H22: \ | I22: \ | J22: =$F22 -> ETR1000V300-MR1-15B | K22: =$G22 -> \ | L22: =$H22 -> \ | M22: =$I22 -> \ | N22: =$G22 -> \ | O22: =$G22 -> \ | P22: =$H22 -> \ | Q22: =$I22 -> \
A23: Emergenza e recupero | B23: =CONCATENATE(D23,"_",E23) -> MR1_16A | C23: pdf | D23: MR1 | E23: 16A | F23: =CONCATENATE("ETR1000V300-",$D23,"-",$E23) -> ETR1000V300-MR1-16A | G23: =CONCATENATE(F23,"-",H23) -> ETR1000V300-MR1-16A-07 | H23: 07 | I23: 44228 | J23: =$F23 -> ETR1000V300-MR1-16A | K23: =$G23 -> ETR1000V300-MR1-16A-07 | L23: =$H23 -> 07 | M23: =$I23 -> 44228 | N23: =$F23 -> ETR1000V300-MR1-16A | O23: =$G23 -> ETR1000V300-MR1-16A-07 | P23: =$H23 -> 07 | Q23: =$I23 -> 44228
A24: Telecomunicazioni TT | B24: =CONCATENATE(D24,"_",E24) -> MR1_18A | C24: pdf | D24: MR1 | E24: 18A | F24: =CONCATENATE("ETR1000V300-",$D24,"-",$E24) -> ETR1000V300-MR1-18A | G24: =CONCATENATE(F24,"-",H24) -> ETR1000V300-MR1-18A-05 | H24: 05 | I24: 46113 | J24: =$F24 -> ETR1000V300-MR1-18A | K24: =$G24 -> ETR1000V300-MR1-18A-05 | L24: =$H24 -> 05 | M24: =$I24 -> 46113 | N24: =$F24 -> ETR1000V300-MR1-18A | O24: =$G24 -> ETR1000V300-MR1-18A-05 | P24: =$H24 -> 05 | Q24: =$I24 -> 46113 | V24: =CONCATENATE("ETR1000V300_R1-",$D24,"-",$E24) -> ETR1000V300_R1-MR1-18A | W24: =CONCATENATE(V24,"-",X24) -> ETR1000V300_R1-MR1-18A-03 | X24: 03 | Y24: 45931 | Z24: =V24 -> ETR1000V300_R1-MR1-18A | AA24: =W24 -> ETR1000V300_R1-MR1-18A-03 | AB24: =X24 -> 03 | AC24: =Y24 -> 45931
A25: Sottosistema di bordo generale | B25: =CONCATENATE(D25,"_",E25) -> MR1_20A | C25: pdf | D25: MR1 | E25: 20A | F25: =CONCATENATE("ETR1000V300-",$D25,"-",$E25) -> ETR1000V300-MR1-20A | G25: =CONCATENATE(F25,"-",H25) -> ETR1000V300-MR1-20A-03 | H25: 03 | I25: giu-20 | J25: =$F25 -> ETR1000V300-MR1-20A | K25: =$G25 -> ETR1000V300-MR1-20A-03 | L25: =$H25 -> 03 | M25: =$I25 -> giu-20 | N25: \ | O25: \ | P25: \ | Q25: \ | V25: =CONCATENATE("ETR1000V300_R1-",$D25,"-",$E25) -> ETR1000V300_R1-MR1-20A | W25: =CONCATENATE(V25,"-",X25) -> ETR1000V300_R1-MR1-20A-05 | X25: 05 | Y25: gen-2026 | Z25: =V25 -> ETR1000V300_R1-MR1-20A | AA25: =W25 -> ETR1000V300_R1-MR1-20A-05 | AB25: =X25 -> 05 | AC25: =Y25 -> gen-2026
A26: Sottosistema di bordo ETCS specifico del treno | B26: =CONCATENATE(D26,"_",E26) -> MR1_20B | C26: pdf | D26: MR1 | E26: 20B | F26: =CONCATENATE("ETR1000V300-",$D26,"-",$E26) -> ETR1000V300-MR1-20B | G26: =CONCATENATE(F26,"-",H26) -> ETR1000V300-MR1-20B-01 | H26: 01 | I26: lug-17 | J26: =$F26 -> ETR1000V300-MR1-20B | K26: =$G26 -> ETR1000V300-MR1-20B-01 | L26: =$H26 -> 01 | M26: =$I26 -> lug-17 | N26: \ | O26: \ | P26: \ | Q26: \ | V26: =CONCATENATE("ETR1000V300_R1-",$D26,"-",$E26) -> ETR1000V300_R1-MR1-20B | W26: =CONCATENATE(V26,"-",X26) -> ETR1000V300_R1-MR1-20B-02 | X26: 02 | Y26: 45931 | Z26: =V26 -> ETR1000V300_R1-MR1-20B | AA26: =W26 -> ETR1000V300_R1-MR1-20B-02 | AB26: =X26 -> 02 | AC26: =Y26 -> 45931
A27: Sottosistema di bordo generale - Linea francese | B27: =CONCATENATE(D27,"_",E27) -> MR1_20C | C27: pdf | D27: MR1 | E27: 20C | F27: \ | G27: \ | H27: \ | I27: \ | J27: =$F27 -> \ | K27: =$G27 -> \ | L27: =$H27 -> \ | M27: =$I27 -> \ | N27: =CONCATENATE("ETR1000V300_FR-",$D27,"-",$E27) -> ETR1000V300_FR-MR1-20C | O27: =CONCATENATE(N27,"-",P27) -> ETR1000V300_FR-MR1-20C-02 | P27: 02 | Q27: 44409 | V27: \ | W27: \ | X27: \ | Y27: \ | Z27: =V27 -> \ | AA27: =W27 -> \ | AB27: =X27 -> \ | AC27: =Y27 -> \
A28: Sottosistema di bordo specifico - Linea francese | B28: =CONCATENATE(D28,"_",E28) -> MR1_20D | C28: pdf | D28: MR1 | E28: 20D | F28: \ | G28: \ | H28: \ | I28: \ | J28: =$F28 -> \ | K28: =$G28 -> \ | L28: =$H28 -> \ | M28: =$I28 -> \ | N28: =CONCATENATE("ETR1000V300_FR-",$D28,"-",$E28) -> ETR1000V300_FR-MR1-20D | O28: =CONCATENATE(N28,"-",P28) -> ETR1000V300_FR-MR1-20D-01 | P28: 01 | Q28: 44136 | V28: \ | W28: \ | X28: \ | Y28: \ | Z28: =V28 -> \ | AA28: =W28 -> \ | AB28: =X28 -> \ | AC28: =Y28 -> \
A29: SSB ERTMS/SCMT (ALA) - MANUALE GENERICO USO E MANUTENZIONE (B60A.000012.640.06I) | B29: =CONCATENATE(D29,"_",E29) -> MR1_20A_ALA | C29: pdf | D29: MR1 | E29: 20A_ALA | F29: =CONCATENATE("ETR1000V300-",$D29,"-",$E29) -> ETR1000V300-MR1-20A_ALA | G29: =CONCATENATE(F29,"-",H29) -> ETR1000V300-MR1-20A_ALA-08 | H29: 08 | I29: 43966 | J29: =$F29 -> ETR1000V300-MR1-20A_ALA | K29: =$G29 -> ETR1000V300-MR1-20A_ALA-08 | L29: =$H29 -> 08 | M29: =$I29 -> 43966 | N29: \ | O29: \ | P29: \ | Q29: \
A30: SSB ERTMS/SCMT (ELO) - MANUALE GENERICO USO E MANUTENZIONE (B60X.0100506.G00.00IT rev.02.00) | B30: =CONCATENATE(D30,"_",E30) -> MR1_20A_ELO | C30: pdf | D30: MR1 | E30: 20A_ELO | F30: =CONCATENATE("ETR1000V300-",$D30,"-",$E30) -> ETR1000V300-MR1-20A_ELO | G30: =CONCATENATE(F30,"-",H30) -> ETR1000V300-MR1-20A_ELO-05 | H30: 05 | I30: 46113 | J30: =$F30 -> ETR1000V300-MR1-20A_ELO | K30: =$G30 -> ETR1000V300-MR1-20A_ELO-05 | L30: =$H30 -> 05 | M30: =$I30 -> 46113 | N30: \ | O30: \ | P30: \ | Q30: \
A31: Sotto Sistema di Bordo ERTMS BL3 CON SCMT INTEGRATO (B60A.0100914.G00.00IT) | B31: =CONCATENATE(D31,"_",E31) -> MR1_20B_ELO | C31: pdf | D31: MR1 | E31: 20B_ELO | F31: =CONCATENATE("ETR1000V300-",$D31,"-",$E31) -> ETR1000V300-MR1-20B_ELO | G31: =CONCATENATE(F31,"-",H31) -> ETR1000V300-MR1-20B_ELO-02 | H31: 02 | I31: 45717 | J31: =$F31 -> ETR1000V300-MR1-20B_ELO | K31: =$G31 -> ETR1000V300-MR1-20B_ELO-02 | L31: =$H31 -> 02 | M31: =$I31 -> 45717 | N31: \ | O31: \ | P31: \ | Q31: \
A32: PGDJ DIS-JRU FTP - PRODOTTO GENERICO DIS-JRU (FT11P035105GE03B) | B32: =CONCATENATE(D32,"_",E32) -> MR1_31A_JRU | C32: pdf | D32: MR1 | E32: 31A_JRU | F32: =CONCATENATE("ETR1000V300-",$D32,"-",$E32) -> ETR1000V300-MR1-31A_JRU | G32: =CONCATENATE(F32,"-",H32) -> ETR1000V300-MR1-31A_JRU-\ | H32: \ | I32: 44256 | J32: =$F32 -> ETR1000V300-MR1-31A_JRU | K32: =$G32 -> ETR1000V300-MR1-31A_JRU-\ | L32: =$H32 -> \ | M32: =$I32 -> 44256 | N32: \ | O32: \ | P32: \ | Q32: \
A33: Sistema informativo di condotta Generale (DIS) | B33: =CONCATENATE(D33,"_",E33) -> MR1_31A | C33: pdf | D33: MR1 | E33: 31A | F33: =CONCATENATE("ETR1000V300-",$D33,"-",$E33) -> ETR1000V300-MR1-31A | G33: =CONCATENATE(F33,"-",H33) -> ETR1000V300-MR1-31A-02 | H33: 02 | I33: gen-18 | J33: =$F33 -> ETR1000V300-MR1-31A | K33: =$G33 -> ETR1000V300-MR1-31A-02 | L33: =$H33 -> 02 | M33: =$I33 -> gen-18 | N33: =CONCATENATE("ETR1000V300_FR-",$D33,"-",$E33) -> ETR1000V300_FR-MR1-31A | O33: =CONCATENATE(N33,"-",P33) -> ETR1000V300_FR-MR1-31A-01 | P33: 01 | Q33: 44136 | V33: =CONCATENATE("ETR1000V300_R1-",$D33,"-",$E33) -> ETR1000V300_R1-MR1-31A | W33: =CONCATENATE(V33,"-",X33) -> ETR1000V300_R1-MR1-31A-04 | X33: 04 | Y33: gen-2026 | Z33: =V33 -> ETR1000V300_R1-MR1-31A | AA33: =W33 -> ETR1000V300_R1-MR1-31A-04 | AB33: =X33 -> 04 | AC33: =Y33 -> gen-2026
A34: Cassa | B34: =CONCATENATE(D34,"_",E34) -> MR2_01A | C34: pdf | D34: MR2 | E34: 01A | F34: =CONCATENATE("ETR1000V300-",$D34,"-",$E34) -> ETR1000V300-MR2-01A | G34: =CONCATENATE(F34,"-",H34) -> ETR1000V300-MR2-01A-07 | H34: 07 | I34: 46113 | J34: =$F34 -> ETR1000V300-MR2-01A | K34: =$G34 -> ETR1000V300-MR2-01A-07 | L34: =$H34 -> 07 | M34: =$I34 -> 46113 | N34: =CONCATENATE("ETR1000V300_FR-",$D34,"-",$E34) -> ETR1000V300_FR-MR2-01A | O34: =CONCATENATE(N34,"-",P34) -> ETR1000V300_FR-MR2-01A-01 | P34: 01 | Q34: 44105 | V34: =CONCATENATE("ETR1000V300_R1-",$D34,"-",$E34) -> ETR1000V300_R1-MR2-01A | W34: =CONCATENATE(V34,"-",X34) -> ETR1000V300_R1-MR2-01A-02 | X34: 02 | Y34: 45809 | Z34: =V34 -> ETR1000V300_R1-MR2-01A | AA34: =W34 -> ETR1000V300_R1-MR2-01A-02 | AB34: =X34 -> 02 | AC34: =Y34 -> 45809
A35: Carrello | B35: =CONCATENATE(D35,"_",E35) -> MR2_02A | C35: pdf | D35: MR2 | E35: 02A | F35: =CONCATENATE("ETR1000V300-",$D35,"-",$E35) -> ETR1000V300-MR2-02A | G35: =CONCATENATE(F35,"-",H35) -> ETR1000V300-MR2-02A-13 | H35: 13 | I35: 46113 | J35: =$F35 -> ETR1000V300-MR2-02A | K35: =$G35 -> ETR1000V300-MR2-02A-13 | L35: =$H35 -> 13 | M35: =$I35 -> 46113 | N35: =CONCATENATE("ETR1000V300_FR-",$D35,"-",$E35) -> ETR1000V300_FR-MR2-02A | O35: =CONCATENATE(N35,"-",P35) -> ETR1000V300_FR-MR2-02A-03 | P35: 03 | Q35: 44713 | V35: =CONCATENATE("ETR1000V300_R1-",$D35,"-",$E35) -> ETR1000V300_R1-MR2-02A | W35: =CONCATENATE(V35,"-",X35) -> ETR1000V300_R1-MR2-02A-04 | X35: 04 | Y35: 45901 | Z35: =V35 -> ETR1000V300_R1-MR2-02A | AA35: =W35 -> ETR1000V300_R1-MR2-02A-04 | AB35: =X35 -> 04 | AC35: =Y35 -> 45901
A36: Impianto pneumatico e freno | B36: =CONCATENATE(D36,"_",E36) -> MR2_03A | C36: pdf | D36: MR2 | E36: 03A | F36: =CONCATENATE("ETR1000V300-",$D36,"-",$E36) -> ETR1000V300-MR2-03A | G36: =CONCATENATE(F36,"-",H36) -> ETR1000V300-MR2-03A-06 | H36: 06 | I36: 46113 | J36: =$F36 -> ETR1000V300-MR2-03A | K36: =$G36 -> ETR1000V300-MR2-03A-06 | L36: =$H36 -> 06 | M36: =$I36 -> 46113 | N36: =CONCATENATE("ETR1000V300_FR-",$D36,"-",$E36) -> ETR1000V300_FR-MR2-03A | O36: =CONCATENATE(N36,"-",P36) -> ETR1000V300_FR-MR2-03A-02 | P36: 02 | Q36: 44713 | V36: =CONCATENATE("ETR1000V300_R1-",$D36,"-",$E36) -> ETR1000V300_R1-MR2-03A | W36: =CONCATENATE(V36,"-",X36) -> ETR1000V300_R1-MR2-03A-02 | X36: 02 | Y36: 45809 | Z36: =V36 -> ETR1000V300_R1-MR2-03A | AA36: =W36 -> ETR1000V300_R1-MR2-03A-02 | AB36: =X36 -> 02 | AC36: =Y36 -> 45809
A37: Equipaggiamento elettrico ed elettropneumatico | B37: =CONCATENATE(D37,"_",E37) -> MR2_04A | C37: pdf | D37: MR2 | E37: 04A | F37: =CONCATENATE("ETR1000V300-",$D37,"-",$E37) -> ETR1000V300-MR2-04A | G37: =CONCATENATE(F37,"-",H37) -> ETR1000V300-MR2-04A-10 | H37: 10 | I37: 46113 | J37: =$F37 -> ETR1000V300-MR2-04A | K37: =$G37 -> ETR1000V300-MR2-04A-10 | L37: =$H37 -> 10 | M37: =$I37 -> 46113 | N37: =CONCATENATE("ETR1000V300_FR-",$D37,"-",$E37) -> ETR1000V300_FR-MR2-04A | O37: =CONCATENATE(N37,"-",P37) -> ETR1000V300_FR-MR2-04A-05 | P37: 05 | Q37: 45931 | V37: =CONCATENATE("ETR1000V300_R1-",$D37,"-",$E37) -> ETR1000V300_R1-MR2-04A | W37: =CONCATENATE(V37,"-",X37) -> ETR1000V300_R1-MR2-04A-02 | X37: 02 | Y37: 45809 | Z37: =V37 -> ETR1000V300_R1-MR2-04A | AA37: =W37 -> ETR1000V300_R1-MR2-04A-02 | AB37: =X37 -> 02 | AC37: =Y37 -> 45809
A38: Logica di comando | B38: =CONCATENATE(D38,"_",E38) -> MR2_05A | C38: pdf | D38: MR2 | E38: 05A | F38: =CONCATENATE("ETR1000V300-",$D38,"-",$E38) -> ETR1000V300-MR2-05A | G38: =CONCATENATE(F38,"-",H38) -> ETR1000V300-MR2-05A-03 | H38: 03 | I38: 46113 | J38: =$F38 -> ETR1000V300-MR2-05A | K38: =$G38 -> ETR1000V300-MR2-05A-03 | L38: =$H38 -> 03 | M38: =$I38 -> 46113 | N38: =$F38 -> ETR1000V300-MR2-05A | O38: =$G38 -> ETR1000V300-MR2-05A-03 | P38: =$H38 -> 03 | Q38: =$I38 -> 46113 | V38: =CONCATENATE("ETR1000V300_R1-",$D38,"-",$E38) -> ETR1000V300_R1-MR2-05A | W38: =CONCATENATE(V38,"-",X38) -> ETR1000V300_R1-MR2-05A-03 | X38: 03 | Y38: 45931 | Z38: =V38 -> ETR1000V300_R1-MR2-05A | AA38: =W38 -> ETR1000V300_R1-MR2-05A-03 | AB38: =X38 -> 03 | AC38: =Y38 -> 45931
A39: Logica di comando - Nodo TCN | B39: =CONCATENATE(D39,"_",E39) -> MR2_05B | C39: pdf | D39: MR2 | E39: 05B | F39: =CONCATENATE("ETR1000V300-",$D39,"-",$E39) -> ETR1000V300-MR2-05B | G39: =CONCATENATE(F39,"-",H39) -> ETR1000V300-MR2-05B-02 | H39: 02 | I39: giu-17 | J39: =$F39 -> ETR1000V300-MR2-05B | K39: =$G39 -> ETR1000V300-MR2-05B-02 | L39: =$H39 -> 02 | M39: =$I39 -> giu-17 | N39: =$F39 -> ETR1000V300-MR2-05B | O39: =$G39 -> ETR1000V300-MR2-05B-02 | P39: =$H39 -> 02 | Q39: =$I39 -> giu-17
A40: Azionamento di trazione | B40: =CONCATENATE(D40,"_",E40) -> MR2_06A | C40: pdf | D40: MR2 | E40: 06A | F40: =CONCATENATE("ETR1000V300-",$D40,"-",$E40) -> ETR1000V300-MR2-06A | G40: =CONCATENATE(F40,"-",H40) -> ETR1000V300-MR2-06A-04 | H40: 04 | I40: 46113 | J40: =$F40 -> ETR1000V300-MR2-06A | K40: =$G40 -> ETR1000V300-MR2-06A-04 | L40: =$H40 -> 04 | M40: =$I40 -> 46113 | N40: =$F40 -> ETR1000V300-MR2-06A | O40: =$G40 -> ETR1000V300-MR2-06A-04 | P40: =$H40 -> 04 | Q40: =$I40 -> 46113 | V40: =CONCATENATE("ETR1000V300_R1-",$D40,"-",$E40) -> ETR1000V300_R1-MR2-06A | W40: =CONCATENATE(V40,"-",X40) -> ETR1000V300_R1-MR2-06A-02 | X40: 02 | Y40: 45809 | Z40: =V40 -> ETR1000V300_R1-MR2-06A | AA40: =W40 -> ETR1000V300_R1-MR2-06A-02 | AB40: =X40 -> 02 | AC40: =Y40 -> 45809
A41: Motore di trazione | B41: =CONCATENATE(D41,"_",E41) -> MR2_07A | C41: pdf | D41: MR2 | E41: 07A | F41: =CONCATENATE("ETR1000V300-",$D41,"-",$E41) -> ETR1000V300-MR2-07A | G41: =CONCATENATE(F41,"-",H41) -> ETR1000V300-MR2-07A-05 | H41: 05 | I41: 46113 | J41: =$F41 -> ETR1000V300-MR2-07A | K41: =$G41 -> ETR1000V300-MR2-07A-05 | L41: =$H41 -> 05 | M41: =$I41 -> 46113 | N41: =$F41 -> ETR1000V300-MR2-07A | O41: =$G41 -> ETR1000V300-MR2-07A-05 | P41: =$H41 -> 05 | Q41: =$I41 -> 46113 | V41: =CONCATENATE("ETR1000V300_R1-",$D41,"-",$E41) -> ETR1000V300_R1-MR2-07A | W41: =CONCATENATE(V41,"-",X41) -> ETR1000V300_R1-MR2-07A-03 | X41: 03 | Y41: 45931 | Z41: =V41 -> ETR1000V300_R1-MR2-07A | AA41: =W41 -> ETR1000V300_R1-MR2-07A-03 | AB41: =X41 -> 03 | AC41: =Y41 -> 45931
A42: Passaggi esterni | B42: =CONCATENATE(D42,"_",E42) -> MR2_08A | C42: pdf | D42: MR2 | E42: 08A | F42: =CONCATENATE("ETR1000V300-",$D42,"-",$E42) -> ETR1000V300-MR2-08A | G42: =CONCATENATE(F42,"-",H42) -> ETR1000V300-MR2-08A-04 | H42: 04 | I42: 46113 | J42: =$F42 -> ETR1000V300-MR2-08A | K42: =$G42 -> ETR1000V300-MR2-08A-04 | L42: =$H42 -> 04 | M42: =$I42 -> 46113 | N42: =$F42 -> ETR1000V300-MR2-08A | O42: =$G42 -> ETR1000V300-MR2-08A-04 | P42: =$H42 -> 04 | Q42: =$I42 -> 46113 | V42: =CONCATENATE("ETR1000V300_R1-",$D42,"-",$E42) -> ETR1000V300_R1-MR2-08A | W42: =CONCATENATE(V42,"-",X42) -> ETR1000V300_R1-MR2-08A-03 | X42: 03 | Y42: 45931 | Z42: =V42 -> ETR1000V300_R1-MR2-08A | AA42: =W42 -> ETR1000V300_R1-MR2-08A-03 | AB42: =X42 -> 03 | AC42: =Y42 -> 45931
A43: Sottosistema di climatizzazione | B43: =CONCATENATE(D43,"_",E43) -> MR2_09A | C43: pdf | D43: MR2 | E43: 09A | F43: =CONCATENATE("ETR1000V300-",$D43,"-",$E43) -> ETR1000V300-MR2-09A | G43: =CONCATENATE(F43,"-",H43) -> ETR1000V300-MR2-09A-04 | H43: 04 | I43: 46113 | J43: =$F43 -> ETR1000V300-MR2-09A | K43: =$G43 -> ETR1000V300-MR2-09A-04 | L43: =$H43 -> 04 | M43: =$I43 -> 46113 | N43: =$F43 -> ETR1000V300-MR2-09A | O43: =$G43 -> ETR1000V300-MR2-09A-04 | P43: =$H43 -> 04 | Q43: =$I43 -> 46113 | V43: =CONCATENATE("ETR1000V300_R1-",$D43,"-",$E43) -> ETR1000V300_R1-MR2-09A | W43: =CONCATENATE(V43,"-",X43) -> ETR1000V300_R1-MR2-09A-03 | X43: 03 | Y43: 45931 | Z43: =V43 -> ETR1000V300_R1-MR2-09A | AA43: =W43 -> ETR1000V300_R1-MR2-09A-03 | AB43: =X43 -> 03 | AC43: =Y43 -> 45931
A44: Convertitore servizi ausiliari e caricabatterie | B44: =CONCATENATE(D44,"_",E44) -> MR2_11A | C44: pdf | D44: MR2 | E44: 11A | F44: =CONCATENATE("ETR1000V300-",$D44,"-",$E44) -> ETR1000V300-MR2-11A | G44: =CONCATENATE(F44,"-",H44) -> ETR1000V300-MR2-11A-03 | H44: 03 | I44: 46113 | J44: =$F44 -> ETR1000V300-MR2-11A | K44: =$G44 -> ETR1000V300-MR2-11A-03 | L44: =$H44 -> 03 | M44: =$I44 -> 46113 | N44: =$F44 -> ETR1000V300-MR2-11A | O44: =$G44 -> ETR1000V300-MR2-11A-03 | P44: =$H44 -> 03 | Q44: =$I44 -> 46113 | V44: =CONCATENATE("ETR1000V300_R1-",$D44,"-",$E44) -> ETR1000V300_R1-MR2-11A | W44: =CONCATENATE(V44,"-",X44) -> ETR1000V300_R1-MR2-11A-02 | X44: 02 | Y44: 45809 | Z44: =V44 -> ETR1000V300_R1-MR2-11A | AA44: =W44 -> ETR1000V300_R1-MR2-11A-02 | AB44: =X44 -> 02 | AC44: =Y44 -> 45809
A45: Sottosistema diagnostica di bordo | B45: =CONCATENATE(D45,"_",E45) -> MR2_13A | C45: pdf | D45: MR2 | E45: 13A | F45: =CONCATENATE("ETR1000V300-",$D45,"-",$E45) -> ETR1000V300-MR2-13A | G45: =CONCATENATE(F45,"-",H45) -> ETR1000V300-MR2-13A-03 | H45: 03 | I45: 46113 | J45: =$F45 -> ETR1000V300-MR2-13A | K45: =$G45 -> ETR1000V300-MR2-13A-03 | L45: =$H45 -> 03 | M45: =$I45 -> 46113 | N45: =$F45 -> ETR1000V300-MR2-13A | O45: =$G45 -> ETR1000V300-MR2-13A-03 | P45: =$H45 -> 03 | Q45: =$I45 -> 46113 | V45: =CONCATENATE("ETR1000V300_R1-",$D45,"-",$E45) -> ETR1000V300_R1-MR2-13A | W45: =CONCATENATE(V45,"-",X45) -> ETR1000V300_R1-MR2-13A-03 | X45: 03 | Y45: 45931 | Z45: =V45 -> ETR1000V300_R1-MR2-13A | AA45: =W45 -> ETR1000V300_R1-MR2-13A-03 | AB45: =X45 -> 03 | AC45: =Y45 -> 45931
A46: Allestimenti interni | B46: =CONCATENATE(D46,"_",E46) -> MR2_14A | C46: pdf | D46: MR2 | E46: 14A | F46: =CONCATENATE("ETR1000V300-",$D46,"-",$E46) -> ETR1000V300-MR2-14A | G46: =CONCATENATE(F46,"-",H46) -> ETR1000V300-MR2-14A-05 | H46: 05 | I46: 46113 | J46: =$F46 -> ETR1000V300-MR2-14A | K46: =$G46 -> ETR1000V300-MR2-14A-05 | L46: =$H46 -> 05 | M46: =$I46 -> 46113 | N46: =$F46 -> ETR1000V300-MR2-14A | O46: =$G46 -> ETR1000V300-MR2-14A-05 | P46: =$H46 -> 05 | Q46: =$I46 -> 46113 | V46: =CONCATENATE("ETR1000V300_R1-",$D46,"-",$E46) -> ETR1000V300_R1-MR2-14A | W46: =CONCATENATE(V46,"-",X46) -> ETR1000V300_R1-MR2-14A-02 | X46: 02 | Y46: 45809 | Z46: =V46 -> ETR1000V300_R1-MR2-14A | AA46: =W46 -> ETR1000V300_R1-MR2-14A-02 | AB46: =X46 -> 02 | AC46: =Y46 -> 45809
A47: Allestimenti interni - Arredi comparto e cabina di guida | B47: =CONCATENATE(D47,"_",E47) -> MR2_14B | C47: pdf | D47: MR2 | E47: 14B | F47: \ | G47: \ | H47: \ | I47: \ | J47: =$F47 -> \ | K47: =$G47 -> \ | L47: =$H47 -> \ | M47: =$I47 -> \ | N47: =$F47 -> \ | O47: =$G47 -> \ | P47: =$H47 -> \ | Q47: =$I47 -> \ | V47: =CONCATENATE("ETR1000V300_R1-",$D47,"-",$E47) -> ETR1000V300_R1-MR2-14B | W47: =CONCATENATE(V47,"-",X47) -> ETR1000V300_R1-MR2-14B-02 | X47: 02 | Y47: 45809 | Z47: =V47 -> ETR1000V300_R1-MR2-14B | AA47: =W47 -> ETR1000V300_R1-MR2-14B-02 | AB47: =X47 -> 02 | AC47: =Y47 -> 45809
A48: Servizi Generali di Bordo - Toilette | B48: =CONCATENATE(D48,"_",E48) -> MR2_15A | C48: pdf | D48: MR2 | E48: 15A | F48: =CONCATENATE("ETR1000V300-",$D48,"-",$E48) -> ETR1000V300-MR2-15A | G48: =CONCATENATE(F48,"-",H48) -> ETR1000V300-MR2-15A-05 | H48: 05 | I48: 46113 | J48: =$F48 -> ETR1000V300-MR2-15A | K48: =$G48 -> ETR1000V300-MR2-15A-05 | L48: =$H48 -> 05 | M48: =$I48 -> 46113 | N48: =$F48 -> ETR1000V300-MR2-15A | O48: =$G48 -> ETR1000V300-MR2-15A-05 | P48: =$H48 -> 05 | Q48: =$I48 -> 46113 | V48: =CONCATENATE("ETR1000V300_R1-",$D48,"-",$E48) -> ETR1000V300_R1-MR2-15A | W48: =CONCATENATE(V48,"-",X48) -> ETR1000V300_R1-MR2-15A-01 | X48: 01 | Y48: 45809 | Z48: =V48 -> ETR1000V300_R1-MR2-15A | AA48: =W48 -> ETR1000V300_R1-MR2-15A-01 | AB48: =X48 -> 01 | AC48: =Y48 -> 45809
A49: Servizi Generali di Bordo - Bar Bistrot | B49: =CONCATENATE(D49,"_",E49) -> MR2_15B | C49: pdf | D49: MR2 | E49: 15B | F49: \ | G49: \ | H49: \ | I49: \ | J49: =$F49 -> \ | K49: =$G49 -> \ | L49: =$H49 -> \ | M49: =$I49 -> \ | N49: =$F49 -> \ | O49: =$G49 -> \ | P49: =$H49 -> \ | Q49: =$I49 -> \ | V49: =CONCATENATE("ETR1000V300_R1-",$D49,"-",$E49) -> ETR1000V300_R1-MR2-15B | W49: =CONCATENATE(V49,"-",X49) -> ETR1000V300_R1-MR2-15B-02 | X49: 02 | Y49: 45809 | Z49: =V49 -> ETR1000V300_R1-MR2-15B | AA49: =W49 -> ETR1000V300_R1-MR2-15B-02 | AB49: =X49 -> 02 | AC49: =Y49 -> 45809
A50: Documentazione circuiti elettronici | B50: =CONCATENATE(D50,"_",E50) -> MR2_17A | C50: pdf | D50: MR2 | E50: 17A | F50: =CONCATENATE("ETR1000V300-",$D50,"-",$E50) -> ETR1000V300-MR2-17A | G50: =CONCATENATE(F50,"-",H50) -> ETR1000V300-MR2-17A-00 | H50: 00 | I50: 41913 | J50: =$F50 -> ETR1000V300-MR2-17A | K50: =$G50 -> ETR1000V300-MR2-17A-00 | L50: =$H50 -> 00 | M50: =$I50 -> 41913 | N50: =$F50 -> ETR1000V300-MR2-17A | O50: =$G50 -> ETR1000V300-MR2-17A-00 | P50: =$H50 -> 00 | Q50: =$I50 -> 41913 | AC50: =Y50 -> 0
A51: Messa in servizio (tomo 1 di 5) | B51: =CONCATENATE(D51,"_",E51) -> MR2_30A | C51: pdf | D51: MR2 | E51: 30A | F51: =CONCATENATE("ETR1000V300-",$D51,"-",$E51) -> ETR1000V300-MR2-30A | G51: =CONCATENATE(F51,"-",H51) -> ETR1000V300-MR2-30A-01 | H51: 01 | I51: mag-16 | J51: =$F51 -> ETR1000V300-MR2-30A | K51: =$G51 -> ETR1000V300-MR2-30A-01 | L51: =$H51 -> 01 | M51: =$I51 -> mag-16 | N51: =$F51 -> ETR1000V300-MR2-30A | O51: =$G51 -> ETR1000V300-MR2-30A-01 | P51: =$H51 -> 01 | Q51: =$I51 -> mag-16 | V51: =CONCATENATE("ETR1000V300_R1-",$D51,"-",$E51) -> ETR1000V300_R1-MR2-30A | W51: =CONCATENATE(V51,"-",X51) -> ETR1000V300_R1-MR2-30A-02 | X51: 02 | Y51: 45627 | Z51: =V51 -> ETR1000V300_R1-MR2-30A | AA51: =W51 -> ETR1000V300_R1-MR2-30A-02 | AB51: =X51 -> 02 | AC51: =Y51 -> 45627
A52: Cassa veicoli di estremità | B52: =CONCATENATE(D52,"_",E52) -> CPR_01A | C52: pdf | D52: CPR | E52: 01A | F52: =CONCATENATE("ETR1000V300-",$D52,"-",$E52) -> ETR1000V300-CPR-01A | G52: 2.05.993 | H52: \ | I52: mag-22 | J52: =$F52 -> ETR1000V300-CPR-01A | K52: =$G52 -> 2.05.993 | L52: =$H52 -> \ | M52: =$I52 -> mag-22 | N52: =CONCATENATE("ETR1000V300_FR-",$D52,"-",$E52) -> ETR1000V300_FR-CPR-01A | O52: 2.05.1232 | P52: \ | Q52: 44136 | V52: =CONCATENATE("ETR1000V300_R1-",$D52,"-",$E52) -> ETR1000V300_R1-CPR-01A | W52: 2.05.1397 | X52: 01 | Y52: 45901 | Z52: =V52 -> ETR1000V300_R1-CPR-01A | AA52: =W52 -> 2.05.1397 | AB52: =X52 -> 01 | AC52: =Y52 -> 45901
A53: Cassa veicoli intermedi | B53: =CONCATENATE(D53,"_",E53) -> CPR_01B | C53: pdf | D53: CPR | E53: 01B | F53: =CONCATENATE("ETR1000V300-",$D53,"-",$E53) -> ETR1000V300-CPR-01B | G53: 2.05.994 | H53: \ | I53: mag-22 | J53: =$F53 -> ETR1000V300-CPR-01B | K53: =$G53 -> 2.05.994 | L53: =$H53 -> \ | M53: =$I53 -> mag-22 | N53: =CONCATENATE("ETR1000V300_FR-",$D53,"-",$E53) -> ETR1000V300_FR-CPR-01B | O53: 2.05.1233 | P53: \ | Q53: 44136 | V53: =CONCATENATE("ETR1000V300_R1-",$D53,"-",$E53) -> ETR1000V300_R1-CPR-01B | W53: 2.05.1398 | X53: 01 | Y53: 45901 | Z53: =V53 -> ETR1000V300_R1-CPR-01B | AA53: =W53 -> 2.05.1398 | AB53: =X53 -> 01 | AC53: =Y53 -> 45901
A54: Accoppiatore automatico-asta semipermanente | B54: =CONCATENATE(D54,"_",E54) -> CPR_01C | C54: pdf | D54: CPR | E54: 01C | F54: =CONCATENATE("ETR1000V300-",$D54,"-",$E54) -> ETR1000V300-CPR-01C | G54: 2.05.995 | H54: \ | I54: mag-22 | J54: =$F54 -> ETR1000V300-CPR-01C | K54: =$G54 -> 2.05.995 | L54: =$H54 -> \ | M54: =$I54 -> mag-22 | N54: =F54 -> ETR1000V300-CPR-01C | O54: =G54 -> 2.05.995 | P54: =H54 -> \ | Q54: =I54 -> mag-22
A55: Musetto mobile | B55: =CONCATENATE(D55,"_",E55) -> CPR_01D | C55: pdf | D55: CPR | E55: 01D | F55: =CONCATENATE("ETR1000V300-",$D55,"-",$E55) -> ETR1000V300-CPR-01D | G55: 2.05.996 | H55: \ | I55: mag-22 | J55: =$F55 -> ETR1000V300-CPR-01D | K55: =$G55 -> 2.05.996 | L55: =$H55 -> \ | M55: =$I55 -> mag-22 | N55: =CONCATENATE("ETR1000V300_FR-",$D55,"-",$E55) -> ETR1000V300_FR-CPR-01D | O55: 2.05.1234 | P55: \ | Q55: 44136 | V55: =CONCATENATE("ETR1000V300_R1-",$D55,"-",$E55) -> ETR1000V300_R1-CPR-01D | W55: 2.05.1400 | X55: 01 | Y55: 45931 | Z55: =V55 -> ETR1000V300_R1-CPR-01D | AA55: =W55 -> 2.05.1400 | AB55: =X55 -> 01 | AC55: =Y55 -> 45931
A56: Carrello | B56: =CONCATENATE(D56,"_",E56) -> CPR_02A | C56: pdf | D56: CPR | E56: 02A | F56: =CONCATENATE("ETR1000V300-",$D56,"-",$E56) -> ETR1000V300-CPR-02A | G56: 2.05.997 | H56: \ | I56: mar-21 | J56: =$F56 -> ETR1000V300-CPR-02A | K56: =$G56 -> 2.05.997 | L56: =$H56 -> \ | M56: =$I56 -> mar-21 | N56: =CONCATENATE("ETR1000V300_FR-",$D56,"-",$E56) -> ETR1000V300_FR-CPR-02A | O56: 2.05.1235 | P56: \ | Q56: 43617 | V56: =CONCATENATE("ETR1000V300_R1-",$D56,"-",$E56) -> ETR1000V300_R1-CPR-02A | W56: 2.05.1401 | X56: 02 | Y56: 45931 | Z56: =V56 -> ETR1000V300_R1-CPR-02A | AA56: =W56 -> 2.05.1401 | AB56: =X56 -> 02 | AC56: =Y56 -> 45931
A57: Impianto pneumatico e freno - sistemazioni | B57: =CONCATENATE(D57,"_",E57) -> CPR_03A | C57: pdf | D57: CPR | E57: 03A | F57: =CONCATENATE("ETR1000V300-",$D57,"-",$E57) -> ETR1000V300-CPR-03A | G57: 2.05.998 | H57: \ | I57: lug-17 | J57: =$F57 -> ETR1000V300-CPR-03A | K57: =$G57 -> 2.05.998 | L57: =$H57 -> \ | M57: =$I57 -> lug-17 | N57: =CONCATENATE("ETR1000V300_FR-",$D57,"-",$E57) -> ETR1000V300_FR-CPR-03A | O57: 2.05.1236 | P57: \ | Q57: 43922 | V57: =CONCATENATE("ETR1000V300_R1-",$D57,"-",$E57) -> ETR1000V300_R1-CPR-03A | W57: 2.05.1402 | X57: 02 | Y57: 45931 | Z57: =V57 -> ETR1000V300_R1-CPR-03A | AA57: =W57 -> 2.05.1402 | AB57: =X57 -> 02 | AC57: =Y57 -> 45931
A58: Impianto pneumatico e freno - componenti | B58: =CONCATENATE(D58,"_",E58) -> CPR_03B | C58: pdf | D58: CPR | E58: 03B | F58: =CONCATENATE("ETR1000V300-",$D58,"-",$E58) -> ETR1000V300-CPR-03B | G58: 2.05.999 | H58: \ | I58: 46113 | J58: =$F58 -> ETR1000V300-CPR-03B | K58: =$G58 -> 2.05.999 | L58: =$H58 -> \ | M58: =$I58 -> 46113 | N58: =CONCATENATE("ETR1000V300_FR-",$D58,"-",$E58) -> ETR1000V300_FR-CPR-03B | O58: 2.05.1237 | P58: \ | Q58: 44317 | V58: =CONCATENATE("ETR1000V300_R1-",$D58,"-",$E58) -> ETR1000V300_R1-CPR-03B | W58: 2.05.1403 | X58: 02 | Y58: 45931 | Z58: =V58 -> ETR1000V300_R1-CPR-03B | AA58: =W58 -> 2.05.1403 | AB58: =X58 -> 02 | AC58: =Y58 -> 45931
A59: Equipaggiamento elettrico ed elettropneumatico - sistemazioni | B59: =CONCATENATE(D59,"_",E59) -> CPR_04A | C59: pdf | D59: CPR | E59: 04A | F59: =CONCATENATE("ETR1000V300-",$D59,"-",$E59) -> ETR1000V300-CPR-04A | G59: 2.05.1000 | H59: \ | I59: 45748 | J59: =$F59 -> ETR1000V300-CPR-04A | K59: =$G59 -> 2.05.1000 | L59: =$H59 -> \ | M59: =$I59 -> 45748 | N59: =CONCATENATE("ETR1000V300_FR-",$D59,"-",$E59) -> ETR1000V300_FR-CPR-04A | O59: 2.05.1238 | P59: \ | Q59: 43922 | V59: =CONCATENATE("ETR1000V300_R1-",$D59,"-",$E59) -> ETR1000V300_R1-CPR-04A | W59: 2.05.1404 | X59: 01 | Y59: 45901 | Z59: =V59 -> ETR1000V300_R1-CPR-04A | AA59: =W59 -> 2.05.1404 | AB59: =X59 -> 01 | AC59: =Y59 -> 45901
A60: Equipaggiamento elettrico ed elettropneumatico - componenti | B60: =CONCATENATE(D60,"_",E60) -> CPR_04B | C60: pdf | D60: CPR | E60: 04B | F60: =CONCATENATE("ETR1000V300-",$D60,"-",$E60) -> ETR1000V300-CPR-04B | G60: 2.05.1001 | H60: \ | I60: 46082 | J60: =$F60 -> ETR1000V300-CPR-04B | K60: =$G60 -> 2.05.1001 | L60: =$H60 -> \ | M60: =$I60 -> 46082 | N60: =CONCATENATE("ETR1000V300_FR-",$D60,"-",$E60) -> ETR1000V300_FR-CPR-04B | O60: 2.05.1239 | P60: \ | Q60: 43952 | V60: =CONCATENATE("ETR1000V300_R1-",$D60,"-",$E60) -> ETR1000V300_R1-CPR-04B | W60: 2.05.1405 | X60: 01 | Y60: 45931 | Z60: =V60 -> ETR1000V300_R1-CPR-04B | AA60: =W60 -> 2.05.1405 | AB60: =X60 -> 01 | AC60: =Y60 -> 45931
A61: Pantografi | B61: =CONCATENATE(D61,"_",E61) -> CPR_04C | C61: pdf | D61: CPR | E61: 04C | F61: =CONCATENATE("ETR1000V300-",$D61,"-",$E61) -> ETR1000V300-CPR-04C | G61: 2.05.1002 | H61: \ | I61: mar-21 | J61: =$F61 -> ETR1000V300-CPR-04C | K61: =$G61 -> 2.05.1002 | L61: =$H61 -> \ | M61: =$I61 -> mar-21 | N61: =CONCATENATE("ETR1000V300_FR-",$D61,"-",$E61) -> ETR1000V300_FR-CPR-04C | O61: 2.05.1240 | P61: \ | Q61: 43922 | V61: =CONCATENATE("ETR1000V300_R1-",$D61,"-",$E61) -> ETR1000V300_R1-CPR-04C | W61: 2.05.1406 | X61: 01 | Y61: 45931 | Z61: =V61 -> ETR1000V300_R1-CPR-04C | AA61: =W61 -> 2.05.1406 | AB61: =X61 -> 01 | AC61: =Y61 -> 45931
A62: Quadri elettrici | B62: =CONCATENATE(D62,"_",E62) -> CPR_04D | C62: pdf | D62: CPR | E62: 04D | F62: =CONCATENATE("ETR1000V300-",$D62,"-",$E62) -> ETR1000V300-CPR-04D | G62: 2.05.1003 | H62: \ | I62: 45748 | J62: =$F62 -> ETR1000V300-CPR-04D | K62: =$G62 -> 2.05.1003 | L62: =$H62 -> \ | M62: =$I62 -> 45748 | N62: =CONCATENATE("ETR1000V300_FR-",$D62,"-",$E62) -> ETR1000V300_FR-CPR-04D | O62: 2.05.1241 | P62: \ | Q62: 43952
A63: Logica di comando | B63: =CONCATENATE(D63,"_",E63) -> CPR_05A | C63: pdf | D63: CPR | E63: 05A | F63: =CONCATENATE("ETR1000V300-",$D63,"-",$E63) -> ETR1000V300-CPR-05A | G63: 2.05.1004 | H63: \ | I63: 44287 | J63: =$F63 -> ETR1000V300-CPR-05A | K63: =$G63 -> 2.05.1004 | L63: =$H63 -> \ | M63: =$I63 -> 44287 | N63: =F63 -> ETR1000V300-CPR-05A | O63: =G63 -> 2.05.1004 | P63: =H63 -> \ | Q63: =I63 -> 44287 | V63: =CONCATENATE("ETR1000V300_R1-",$D63,"-",$E63) -> ETR1000V300_R1-CPR-05A | W63: 2.05.1408 | X63: 02 | Y63: 45931 | Z63: =V63 -> ETR1000V300_R1-CPR-05A | AA63: =W63 -> 2.05.1408 | AB63: =X63 -> 02 | AC63: =Y63 -> 45931
A64: Azionamento di trazione | B64: =CONCATENATE(D64,"_",E64) -> CPR_06A | C64: pdf | D64: CPR | E64: 06A | F64: =CONCATENATE("ETR1000V300-",$D64,"-",$E64) -> ETR1000V300-CPR-06A | G64: 2.05.1005 | H64: \ | I64: 44287 | J64: =$F64 -> ETR1000V300-CPR-06A | K64: =$G64 -> 2.05.1005 | L64: =$H64 -> \ | M64: =$I64 -> 44287 | N64: =F64 -> ETR1000V300-CPR-06A | O64: =G64 -> 2.05.1005 | P64: =H64 -> \ | Q64: =I64 -> 44287 | V64: =CONCATENATE("ETR1000V300_R1-",$D64,"-",$E64) -> ETR1000V300_R1-CPR-06A | W64: 2.05.1409 | X64: 02 | Y64: 45931 | Z64: =V64 -> ETR1000V300_R1-CPR-06A | AA64: =W64 -> 2.05.1409 | AB64: =X64 -> 02 | AC64: =Y64 -> 45931
A65: Motore di trazione | B65: =CONCATENATE(D65,"_",E65) -> CPR_07A | C65: pdf | D65: CPR | E65: 07A | F65: =CONCATENATE("ETR1000V300-",$D65,"-",$E65) -> ETR1000V300-CPR-07A | G65: 2.05.1006 | H65: \ | I65: mag-17 | J65: =$F65 -> ETR1000V300-CPR-07A | K65: =$G65 -> 2.05.1006 | L65: =$H65 -> \ | M65: =$I65 -> mag-17 | N65: =F65 -> ETR1000V300-CPR-07A | O65: =G65 -> 2.05.1006 | P65: =H65 -> \ | Q65: =I65 -> mag-17 | V65: =CONCATENATE("ETR1000V300_R1-",$D65,"-",$E65) -> ETR1000V300_R1-CPR-07A | W65: 2.05.1410 | X65: 01 | Y65: 45931 | Z65: =V65 -> ETR1000V300_R1-CPR-07A | AA65: =W65 -> 2.05.1410 | AB65: =X65 -> 01 | AC65: =Y65 -> 45931
A66: Porte di salita passeggeri | B66: =CONCATENATE(D66,"_",E66) -> CPR_08A | C66: pdf | D66: CPR | E66: 08A | F66: =CONCATENATE("ETR1000V300-",$D66,"-",$E66) -> ETR1000V300-CPR-08A | G66: 2.05.1007 | H66: \ | I66: lug-17 | J66: =$F66 -> ETR1000V300-CPR-08A | K66: =$G66 -> 2.05.1007 | L66: =$H66 -> \ | M66: =$I66 -> lug-17 | N66: =F66 -> ETR1000V300-CPR-08A | O66: =G66 -> 2.05.1007 | P66: =H66 -> \ | Q66: =I66 -> lug-17 | V66: =CONCATENATE("ETR1000V300_R1-",$D66,"-",$E66) -> ETR1000V300_R1-CPR-08A | W66: 2.05.1411 | X66: 02 | Y66: 45932 | Z66: =V66 -> ETR1000V300_R1-CPR-08A | AA66: =W66 -> 2.05.1411 | AB66: =X66 -> 02 | AC66: =Y66 -> 45932
A67: Porte interne e intercomunicanti | B67: =CONCATENATE(D67,"_",E67) -> CPR_08B | C67: pdf | D67: CPR | E67: 08B | F67: =CONCATENATE("ETR1000V300-",$D67,"-",$E67) -> ETR1000V300-CPR-08B | G67: 2.05.1008 | H67: \ | I67: lug-15 | J67: =$F67 -> ETR1000V300-CPR-08B | K67: =$G67 -> 2.05.1008 | L67: =$H67 -> \ | M67: =$I67 -> lug-15 | N67: =F67 -> ETR1000V300-CPR-08B | O67: =G67 -> 2.05.1008 | P67: =H67 -> \ | Q67: =I67 -> lug-15 | V67: =CONCATENATE("ETR1000V300_R1-",$D67,"-",$E67) -> ETR1000V300_R1-CPR-08B | W67: 2.05.1412 | X67: 02 | Y67: 45931 | Z67: =V67 -> ETR1000V300_R1-CPR-08B | AA67: =W67 -> 2.05.1412 | AB67: =X67 -> 02 | AC67: =Y67 -> 45931
A68: Sollevatore hk | B68: =CONCATENATE(D68,"_",E68) -> CPR_08C | C68: pdf | D68: CPR | E68: 08C | F68: =CONCATENATE("ETR1000V300-",$D68,"-",$E68) -> ETR1000V300-CPR-08C | G68: 2.05.1009 | H68: \ | I68: dic-15 | J68: =$F68 -> ETR1000V300-CPR-08C | K68: =$G68 -> 2.05.1009 | L68: =$H68 -> \ | M68: =$I68 -> dic-15 | N68: =F68 -> ETR1000V300-CPR-08C | O68: =G68 -> 2.05.1009 | P68: =H68 -> \ | Q68: =I68 -> dic-15 | V68: =CONCATENATE("ETR1000V300_R1-",$D68,"-",$E68) -> ETR1000V300_R1-CPR-08C | W68: 2.05.1413 | X68: 02 | Y68: 45931 | Z68: =V68 -> ETR1000V300_R1-CPR-08C | AA68: =W68 -> 2.05.1413 | AB68: =X68 -> 02 | AC68: =Y68 -> 45931
A69: Sottosistema di climatizzazione | B69: =CONCATENATE(D69,"_",E69) -> CPR_09A | C69: pdf | D69: CPR | E69: 09A | F69: =CONCATENATE("ETR1000V300-",$D69,"-",$E69) -> ETR1000V300-CPR-09A | G69: 2.05.1010 | H69: \ | I69: feb-21 | J69: =$F69 -> ETR1000V300-CPR-09A | K69: =$G69 -> 2.05.1010 | L69: =$H69 -> \ | M69: =$I69 -> feb-21 | N69: =F69 -> ETR1000V300-CPR-09A | O69: =G69 -> 2.05.1010 | P69: =H69 -> \ | Q69: =I69 -> feb-21
A70: Sottosistema di comunicazione | B70: =CONCATENATE(D70,"_",E70) -> CPR_10A | C70: pdf | D70: CPR | E70: 10A | F70: =CONCATENATE("ETR1000V300-",$D70,"-",$E70) -> ETR1000V300-CPR-10A | G70: 2.05.1011 | H70: \ | I70: mag-22 | J70: =$F70 -> ETR1000V300-CPR-10A | K70: =$G70 -> 2.05.1011 | L70: =$H70 -> \ | M70: =$I70 -> mag-22 | N70: =F70 -> ETR1000V300-CPR-10A | O70: =G70 -> 2.05.1011 | P70: =H70 -> \ | Q70: =I70 -> mag-22 | V70: =CONCATENATE("ETR1000V300_R1-",$D70,"-",$E70) -> ETR1000V300_R1-CPR-10A | W70: 2.05.1415 | X70: 02 | Y70: 45931 | Z70: =V70 -> ETR1000V300_R1-CPR-10A | AA70: =W70 -> 2.05.1415 | AB70: =X70 -> 02 | AC70: =Y70 -> 45931
A71: Convertitore servizi ausiliari e caricabatterie | B71: =CONCATENATE(D71,"_",E71) -> CPR_11A | C71: pdf | D71: CPR | E71: 11A | F71: =CONCATENATE("ETR1000V300-",$D71,"-",$E71) -> ETR1000V300-CPR-11A | G71: 2.05.1012 | H71: \ | I71: 44287 | J71: =$F71 -> ETR1000V300-CPR-11A | K71: =$G71 -> 2.05.1012 | L71: =$H71 -> \ | M71: =$I71 -> 44287 | N71: =F71 -> ETR1000V300-CPR-11A | O71: =G71 -> 2.05.1012 | P71: =H71 -> \ | Q71: =I71 -> 44287 | V71: =CONCATENATE("ETR1000V300_R1-",$D71,"-",$E71) -> ETR1000V300_R1-CPR-11A | W71: 2.05.1416 | X71: 02 | Y71: 45931 | Z71: =V71 -> ETR1000V300_R1-CPR-11A | AA71: =W71 -> 2.05.1416 | AB71: =X71 -> 02 | AC71: =Y71 -> 45931
A72: Allestimenti interni - dotazioni di bordo | B72: =CONCATENATE(D72,"_",E72) -> CPR_14A | C72: pdf | D72: CPR | E72: 14A | F72: =CONCATENATE("ETR1000V300-",$D72,"-",$E72) -> ETR1000V300-CPR-14A | G72: 2.05.1013 | H72: \ | I72: mag-22 | J72: =$F72 -> ETR1000V300-CPR-14A | K72: =$G72 -> 2.05.1013 | L72: =$H72 -> \ | M72: =$I72 -> mag-22 | N72: =F72 -> ETR1000V300-CPR-14A | O72: =G72 -> 2.05.1013 | P72: =H72 -> \ | Q72: =I72 -> mag-22
A73: Sedili passeggeri e cabina guida | B73: =CONCATENATE(D73,"_",E73) -> CPR_14B | C73: pdf | D73: CPR | E73: 14B | F73: =CONCATENATE("ETR1000V300-",$D73,"-",$E73) -> ETR1000V300-CPR-14B | G73: 2.05.1014 | H73: \ | I73: 46174 | J73: =$F73 -> ETR1000V300-CPR-14B | K73: =$G73 -> 2.05.1014 | L73: =$H73 -> \ | M73: =$I73 -> 46174 | N73: =F73 -> ETR1000V300-CPR-14B | O73: =G73 -> 2.05.1014 | P73: =H73 -> \ | Q73: =I73 -> 46174
A74: Arredamento comparto | B74: =CONCATENATE(D74,"_",E74) -> CPR_14C | C74: pdf | D74: CPR | E74: 14C | F74: =CONCATENATE("ETR1000V300-",$D74,"-",$E74) -> ETR1000V300-CPR-14C | G74: 2.05.1015 | H74: \ | I74: mag-22 | J74: =$F74 -> ETR1000V300-CPR-14C | K74: =$G74 -> 2.05.1015 | L74: =$H74 -> \ | M74: =$I74 -> mag-22 | N74: =F74 -> ETR1000V300-CPR-14C | O74: =G74 -> 2.05.1015 | P74: =H74 -> \ | Q74: =I74 -> mag-22
A75: Arredamento vestiboli | B75: =CONCATENATE(D75,"_",E75) -> CPR_14D | C75: pdf | D75: CPR | E75: 14D | F75: =CONCATENATE("ETR1000V300-",$D75,"-",$E75) -> ETR1000V300-CPR-14D | G75: 2.05.1016 | H75: \ | I75: mag-22 | J75: =$F75 -> ETR1000V300-CPR-14D | K75: =$G75 -> 2.05.1016 | L75: =$H75 -> \ | M75: =$I75 -> mag-22 | N75: =F75 -> ETR1000V300-CPR-14D | O75: =G75 -> 2.05.1016 | P75: =H75 -> \ | Q75: =I75 -> mag-22 | V75: =CONCATENATE("ETR1000V300_R1-",$D75,"-",$E75) -> ETR1000V300_R1-CPR-14D | W75: 2.05.1420 | X75: 01 | Y75: 45931 | Z75: =V75 -> ETR1000V300_R1-CPR-14D | AA75: =W75 -> 2.05.1420 | AB75: =X75 -> 01 | AC75: =Y75 -> 45931
A76: Servizi Generali di Bordo - Toilet | B76: =CONCATENATE(D76,"_",E76) -> CPR_15A | C76: pdf | D76: CPR | E76: 15A | F76: =CONCATENATE("ETR1000V300-",$D76,"-",$E76) -> ETR1000V300-CPR-15A | G76: 2.05.1017 | H76: \ | I76: mag-22 | J76: =$F76 -> ETR1000V300-CPR-15A | K76: =$G76 -> 2.05.1017 | L76: =$H76 -> \ | M76: =$I76 -> mag-22 | N76: =F76 -> ETR1000V300-CPR-15A | O76: =G76 -> 2.05.1017 | P76: =H76 -> \ | Q76: =I76 -> mag-22
A77: Servizi Generali di Bordo - Bar Bistrò | B77: =CONCATENATE(D77,"_",E77) -> CPR_15B | C77: pdf | D77: CPR | E77: 15B | F77: =CONCATENATE("ETR1000V300-",$D77,"-",$E77) -> ETR1000V300-CPR-15B | G77: 2.05.1018 | H77: \ | I77: mag-22 | J77: =$F77 -> ETR1000V300-CPR-15B | K77: =$G77 -> 2.05.1018 | L77: =$H77 -> \ | M77: =$I77 -> mag-22 | N77: =F77 -> ETR1000V300-CPR-15B | O77: =G77 -> 2.05.1018 | P77: =H77 -> \ | Q77: =I77 -> mag-22
A78: Sistemi tecnologici di bordo | B78: =CONCATENATE(D78,"_",E78) -> CPR_31A | C78: pdf | D78: CPR | E78: 31A | F78: =CONCATENATE("ETR1000V300-",$D78,"-",$E78) -> ETR1000V300-CPR-31A | G78: 2.05.1019 | H78: \ | I78: 45717 | J78: =$F78 -> ETR1000V300-CPR-31A | K78: =$G78 -> 2.05.1019 | L78: =$H78 -> \ | M78: =$I78 -> 45717 | N78: =F78 -> ETR1000V300-CPR-31A | O78: =G78 -> 2.05.1019 | P78: =H78 -> \ | Q78: =I78 -> 45717 | V78: =CONCATENATE("ETR1000V300_R1-",$D78,"-",$E78) -> ETR1000V300_R1-CPR-31A | W78: 2.05.1423 | X78: 02 | Y78: 45931 | Z78: =V78 -> ETR1000V300_R1-CPR-31A | AA78: =W78 -> 2.05.1423 | AB78: =X78 -> 02 | AC78: =Y78 -> 45931
A79: SOTTOSISTEMA DI BORDO ERTMS/BL3 PIATTAFORMA ELO | B79: =CONCATENATE(D79,"_",E79) -> CPR_20A | C79: pdf | D79: CPR | E79: 20A | F79: =CONCATENATE("ETR1000V300-",$D79,"-",$E79) -> ETR1000V300-CPR-20A | G79: B60A.0100914.G00.01IT | H79: \ | I79: 45017 | J79: =$F79 -> ETR1000V300-CPR-20A | K79: =$G79 -> B60A.0100914.G00.01IT | L79: =$H79 -> \ | M79: =$I79 -> 45017 | N79: \ | O79: \ | P79: \ | Q79: \

Sheet DIAGNOSTIC
A1: DOC DESCRIPTION | B1: DOC ID | C1: DOC EXT | D1: VZI_Base | F1: VZI_New14 | H1: VZ_FR | J1: VZ_ES | L1: VZI-6_R1 | N1: VZI-4_R1 | P1: VZ_DAI | R1: VZ_Esxx
D2: File/Codice | E2: Rev | F2: File/Codice | G2: Rev | H2: File/Codice | I2: Rev | J2: File/Codice | K2: Rev | L2: Codice | M2: Rev | N2: Codice | O2: Rev | P2: Codice | Q2: Rev | R2: Codice | S2: Rev
A3: Telediagnostica
A4: Sviluppo regole (Algoritmi Diagnostici) | B4: DIA_Regole | C4: xlsm | D4: Sviluppo_Regole_TI_rev1.1 | E4: \ | F4: SVILUPPO REGOLE_ 14_FR_SP_Rev_0.1 | G4: \ | H4: SVILUPPO REGOLE_ 14_FR_SP_Rev_0.1 | I4: \ | J4: SVILUPPO REGOLE_ 14_FR_SP_Rev_0.1 | K4: \
A5: Event Report/List | B5: DIA_Event | C5: xlsx | D5: EventReport_VZI_3.9.0.3 | E5: \ | F5: EventReport_VZI14_BL3_5.1.0.3 2 | G5: \ | H5: EventReport VZIF 11.4.0 | I5: \ | J5: EventReport_VZS 21.2.0.3 | L5: FP010036055 | M5: 3.44
A6: Teledia Signal List | B6: DIA_Signal | C6: xlsx | L6: FP020046917 | M6: 3.44
A7: PropulsionDiagnosticDataset | B7: DIA_Dataset_Propulsion | C7: xlsx | L7: PropulsionDiagnosticDataset | M7: 00.12
A8: EMS ICD diagnostic event | B8: DIA_Event EMS | C8: xlsx | H8: EC130034365 | I8: 00

Sheet Funzioni
A1: FUNC ID | B1: DESCRIZIONE FUNZIONE | C1: DOC CARTELLA | D1: DOC ID | E1: Info DOC | F1: VZI_Base | G1: VZI_New14 | H1: VZ_FR | I1: VZ_ES | J1: VZI-6_R1 | K1: VZI-4_R1 | L1: VZ_DAI
A2: Func_XXX | B2: xxxxx | C2: HW + SW | D2: \
C3: CONFIG | D3: FS_DM1 | E3: Link | F3: {=HYPERLINK(CONCATENATE(Cartelle!$D$5,F$1,"/",$C3,"/",MID($D3,1,FIND("_",$D3)-1),"/",INDIRECT(CONCATENATE("'" & $C3 & "'!",ADDRESS(MATCH($D3, INDIRECT("'" & $C3 & "'!$B:$B"), 0),MATCH(F$1, INDIRECT("'" & $C3 & "'!$1:$1"), 0)))),".",INDIRECT(CONCATENATE("'"&$C3&"'!",ADDRESS(MATCH($D3,INDIRECT("'"&$C3&"'!$B:$B"),0),3))),"#page=",F4),CONCATENATE("#Sharepoint//",$D3))} -> #Sharepoint//FS_DM1 | J3: {=HYPERLINK(CONCATENATE(Cartelle!$D$5,INDEX(INDIRECT("'" & $C3 & "'!$1:$1"), 1, MATCH(INDIRECT(CONCATENATE("'" & $C3 & "'!",ADDRESS(MATCH($D3, INDIRECT("'" & $C3 & "'!$B:$B"), 0),MATCH(J$1, INDIRECT("'" & $C3 & "'!$1:$1"), 0)))),INDIRECT(CONCATENATE("'" & $C3 & "'!",MATCH($D3, INDIRECT("'" & $C3 & "'!$B:$B"), 0),":",MATCH($D3, INDIRECT("'" & $C3 & "'!$B:$B"), 0))),0)),"/",$C3,"/",MID($D3,1,FIND("_",$D3)-1),"/",INDIRECT(CONCATENATE("'" & $C3 & "'!",ADDRESS(MATCH($D3, INDIRECT("'" & $C3 & "'!$B:$B"), 0),MATCH(J$1, INDIRECT("'" & $C3 & "'!$1:$1"), 0)))),".",INDIRECT(CONCATENATE("'"&$C3&"'!",ADDRESS(MATCH($D3,INDIRECT("'"&$C3&"'!$B:$B"),0),3))),"#page=",J4),CONCATENATE("#Sharepoint//",$D3))} -> #Sharepoint//FS_DM1
B4: {=INDIRECT("'" & $C9 & "'!B5")} -> PBS_01A | E4: Rif. Pagina | F4: 1 | J4: 1
C5: CONFIG | D5: FRS_xx | E5: Link | F5: {=HYPERLINK(CONCATENATE(Cartelle!$D$5,F$1,"/CONFIG/",MID($D5,1,FIND("_",$D5)-1),"/",INDIRECT(CONCATENATE("'CONFIG'!",ADDRESS(MATCH($D5, CONFIG!$B:$B, 0),MATCH(F$1, CONFIG!$1:$1, 0)))),".pdf#page=",F6),CONCATENATE("#Sharepoint//",$D5))} -> #N/A | J5: {=HYPERLINK(CONCATENATE(Cartelle!$D$5,J$1,"/CONFIG/",MID($D5,1,FIND("_",$D5)-1),"/",INDIRECT(CONCATENATE("'CONFIG'!",ADDRESS(MATCH($D5, CONFIG!$B:$B, 0),MATCH(J$1, CONFIG!$1:$1, 0)))),".pdf#page=",J6),CONCATENATE("#Sharepoint//",$D5))} -> #N/A
E6: Rif. Pagina | F6: 1 | J6: 1
C7: CONFIG | D7: FPD_xx | E7: Link | F7: {=HYPERLINK(CONCATENATE(Cartelle!$D$5,F$1,"/CONFIG/",MID($D7,1,FIND("_",$D7)-1),"/",INDIRECT(CONCATENATE("'CONFIG'!",ADDRESS(MATCH($D7, CONFIG!$B:$B, 0),MATCH(F$1, CONFIG!$1:$1, 0)))),".pdf#page=",F8),CONCATENATE("#Sharepoint//",$D7))} -> #N/A | J7: {=HYPERLINK(CONCATENATE(Cartelle!$D$5,J$1,"/CONFIG/",MID($D7,1,FIND("_",$D7)-1),"/",INDIRECT(CONCATENATE("'CONFIG'!",ADDRESS(MATCH($D7, CONFIG!$B:$B, 0),MATCH(J$1, CONFIG!$1:$1, 0)))),".pdf#page=",J8),CONCATENATE("#Sharepoint//",$D7))} -> #N/A
E8: Rif. Pagina | F8: 1 | J8: 1
C9: MAN_CPR | D9: PBC_01A | E9: Link | F9: {=HYPERLINK(CONCATENATE(Cartelle!$D$5,F$1,"/",$C9,"/",MID($D9,1,FIND("_",$D9)-1),"/",INDIRECT(CONCATENATE("'" & $C9 & "'!",ADDRESS(MATCH($D9, INDIRECT("'" & $C9 & "'!$B:$B"), 0),MATCH(F$1, INDIRECT("'" & $C9 & "'!$1:$1"), 0)))),".",INDIRECT(CONCATENATE("'"&$C9&"'!",ADDRESS(MATCH($D9,INDIRECT("'"&$C9&"'!$B:$B"),0),3))),"#page=",F10),CONCATENATE("#Sharepoint//",$D9))} -> #Sharepoint//PBC_01A | G9: {=HYPERLINK(CONCATENATE(Cartelle!$D$5,INDEX(INDIRECT("'" & $C9 & "'!$1:$1"), 1, MATCH(INDIRECT(CONCATENATE("'" & $C9 & "'!",ADDRESS(MATCH($D9, INDIRECT("'" & $C9 & "'!$B:$B"), 0),MATCH(G$1, INDIRECT("'" & $C9 & "'!$1:$1"), 0)))),INDIRECT(CONCATENATE("'" & $C9 & "'!",MATCH($D9, INDIRECT("'" & $C9 & "'!$B:$B"), 0),":",MATCH($D9, INDIRECT("'" & $C9 & "'!$B:$B"), 0))),0)),"/",$C9,"/",MID($D9,1,FIND("_",$D9)-1),"/",INDIRECT(CONCATENATE("'" & $C9 & "'!",ADDRESS(MATCH($D9, INDIRECT("'" & $C9 & "'!$B:$B"), 0),MATCH(G$1, INDIRECT("'" & $C9 & "'!$1:$1"), 0)))),".",INDIRECT(CONCATENATE("'"&$C9&"'!",ADDRESS(MATCH($D9,INDIRECT("'"&$C9&"'!$B:$B"),0),3))),"#page=",G10),CONCATENATE("#Sharepoint//",$D9))} -> #Sharepoint//PBC_01A
E10: Rif. Pagina | F10: 1 | G10: 1
E11: Descrizione
C12: DIAGNOSTIC | D12: DIA_Regole | E12: Link | F12: {=HYPERLINK(CONCATENATE(Cartelle!$D$5,F$1,"/",$C12,"/",MID($D12,1,FIND("_",$D12)-1),"/",INDIRECT(CONCATENATE("'" & $C12 & "'!",ADDRESS(MATCH($D12, INDIRECT("'" & $C12 & "'!$B:$B"), 0),MATCH(F$1, INDIRECT("'" & $C12 & "'!$1:$1"), 0)))),".",INDIRECT(CONCATENATE("'"&$C12&"'!",ADDRESS(MATCH($D12,INDIRECT("'"&$C12&"'!$B:$B"),0),3))),"#page=",F13),CONCATENATE("#Sharepoint//",$D12))} -> #Sharepoint//DIA_Regole
E13: Pagina | F13: 1
B14: TBD Sottocartelle GENERAL sulla base del prefisso | C14: GENERAL | D14: FD_TCMS | E14: Link | F14: {=HYPERLINK(CONCATENATE(Cartelle!$D$5,F$1,"/",$C14,"/",MID($D14,1,FIND("_",$D14)-1),"/",INDIRECT(CONCATENATE("'" & $C14 & "'!",ADDRESS(MATCH($D14, INDIRECT("'" & $C14 & "'!$B:$B"), 0),MATCH(F$1, INDIRECT("'" & $C14 & "'!$1:$1"), 0)))),".",INDIRECT(CONCATENATE("'"&$C14&"'!",ADDRESS(MATCH($D14,INDIRECT("'"&$C14&"'!$B:$B"),0),3))),"#page=",F15),CONCATENATE("#Sharepoint//",$D14))} -> #Sharepoint//FD_TCMS
E15: Pagina | F15: 1
A16: LV_Country_code_selection | B16: Selezione su IDU del paese corrente, per informare la PCU sui pantografi selezionabili | D16: \
C17: CONFIG | D17: FRS_Line Voltage | E17: Link | F17: {=HYPERLINK(CONCATENATE(Cartelle!$D$5,F$1,"/",$C17,"/",MID($D17,1,FIND("_",$D17)-1),"/",INDIRECT(CONCATENATE("'" & $C17 & "'!",ADDRESS(MATCH($D17, INDIRECT("'" & $C17 & "'!$B:$B"), 0),MATCH(F$1, INDIRECT("'" & $C17 & "'!$1:$1"), 0)))),".",INDIRECT(CONCATENATE("'"&$C17&"'!",ADDRESS(MATCH($D17,INDIRECT("'"&$C17&"'!$B:$B"),0),3))),"#page=",F18),CONCATENATE("#Sharepoint//",$D17))} -> #Sharepoint//FRS_Line Voltage | H17: {=HYPERLINK(CONCATENATE(Cartelle!$D$5,INDEX(INDIRECT("'" & $C17 & "'!$1:$1"), 1, MATCH(INDIRECT(CONCATENATE("'" & $C17 & "'!",ADDRESS(MATCH($D17, INDIRECT("'" & $C17 & "'!$B:$B"), 0),MATCH(H$1, INDIRECT("'" & $C17 & "'!$1:$1"), 0)))),INDIRECT(CONCATENATE("'" & $C17 & "'!",MATCH($D17, INDIRECT("'" & $C17 & "'!$B:$B"), 0),":",MATCH($D17, INDIRECT("'" & $C17 & "'!$B:$B"), 0))),0)),"/",$C17,"/",MID($D17,1,FIND("_",$D17)-1),"/",INDIRECT(CONCATENATE("'" & $C17 & "'!",ADDRESS(MATCH($D17, INDIRECT("'" & $C17 & "'!$B:$B"), 0),MATCH(H$1, INDIRECT("'" & $C17 & "'!$1:$1"), 0)))),".",INDIRECT(CONCATENATE("'"&$C17&"'!",ADDRESS(MATCH($D17,INDIRECT("'"&$C17&"'!$B:$B"),0),3))),"#page=",H18),CONCATENATE("#Sharepoint//",$D17))} -> #Sharepoint//FRS_Line Voltage | I17: {=HYPERLINK(CONCATENATE(Cartelle!$D$5,INDEX(INDIRECT("'" & $C17 & "'!$1:$1"), 1, MATCH(INDIRECT(CONCATENATE("'" & $C17 & "'!",ADDRESS(MATCH($D17, INDIRECT("'" & $C17 & "'!$B:$B"), 0),MATCH(I$1, INDIRECT("'" & $C17 & "'!$1:$1"), 0)))),INDIRECT(CONCATENATE("'" & $C17 & "'!",MATCH($D17, INDIRECT("'" & $C17 & "'!$B:$B"), 0),":",MATCH($D17, INDIRECT("'" & $C17 & "'!$B:$B"), 0))),0)),"/",$C17,"/",MID($D17,1,FIND("_",$D17)-1),"/",INDIRECT(CONCATENATE("'" & $C17 & "'!",ADDRESS(MATCH($D17, INDIRECT("'" & $C17 & "'!$B:$B"), 0),MATCH(I$1, INDIRECT("'" & $C17 & "'!$1:$1"), 0)))),".",INDIRECT(CONCATENATE("'"&$C17&"'!",ADDRESS(MATCH($D17,INDIRECT("'"&$C17&"'!$B:$B"),0),3))),"#page=",I18),CONCATENATE("#Sharepoint//",$D17))} -> #Sharepoint//FRS_Line Voltage | J17: {=HYPERLINK(CONCATENATE(Cartelle!$D$5,INDEX(INDIRECT("'" & $C17 & "'!$1:$1"), 1, MATCH(INDIRECT(CONCATENATE("'" & $C17 & "'!",ADDRESS(MATCH($D17, INDIRECT("'" & $C17 & "'!$B:$B"), 0),MATCH(J$1, INDIRECT("'" & $C17 & "'!$1:$1"), 0)))),INDIRECT(CONCATENATE("'" & $C17 & "'!",MATCH($D17, INDIRECT("'" & $C17 & "'!$B:$B"), 0),":",MATCH($D17, INDIRECT("'" & $C17 & "'!$B:$B"), 0))),0)),"/",$C17,"/",MID($D17,1,FIND("_",$D17)-1),"/",INDIRECT(CONCATENATE("'" & $C17 & "'!",ADDRESS(MATCH($D17, INDIRECT("'" & $C17 & "'!$B:$B"), 0),MATCH(J$1, INDIRECT("'" & $C17 & "'!$1:$1"), 0)))),".",INDIRECT(CONCATENATE("'"&$C17&"'!",ADDRESS(MATCH($D17,INDIRECT("'"&$C17&"'!$B:$B"),0),3))),"#page=",J18),CONCATENATE("#Sharepoint//",$D17))} -> #Sharepoint//FRS_Line Voltage
E18: Rif. Pagina | F18: 7 | H18: 7 | I18: 7 | J18: 12
E19: Funzioni AI
A20: LV_Pantograph_Lifting | B20: Comando di alzamento pantografo 1 o 2 sulla base di tensione di linea (switch) e paese (IDU) selezionati | D20: \
C21: CONFIG | D21: FRS_Line Voltage | E21: Link | F21: {=HYPERLINK(CONCATENATE(Cartelle!$D$5,F$1,"/",$C21,"/",MID($D21,1,FIND("_",$D21)-1),"/",INDIRECT(CONCATENATE("'" & $C21 & "'!",ADDRESS(MATCH($D21, INDIRECT("'" & $C21 & "'!$B:$B"), 0),MATCH(F$1, INDIRECT("'" & $C21 & "'!$1:$1"), 0)))),".",INDIRECT(CONCATENATE("'"&$C21&"'!",ADDRESS(MATCH($D21,INDIRECT("'"&$C21&"'!$B:$B"),0),3))),"#page=",F22),CONCATENATE("#Sharepoint//",$D21))} -> #Sharepoint//FRS_Line Voltage | H21: {=HYPERLINK(CONCATENATE(Cartelle!$D$5,INDEX(INDIRECT("'" & $C21 & "'!$1:$1"), 1, MATCH(INDIRECT(CONCATENATE("'" & $C21 & "'!",ADDRESS(MATCH($D21, INDIRECT("'" & $C21 & "'!$B:$B"), 0),MATCH(H$1, INDIRECT("'" & $C21 & "'!$1:$1"), 0)))),INDIRECT(CONCATENATE("'" & $C21 & "'!",MATCH($D21, INDIRECT("'" & $C21 & "'!$B:$B"), 0),":",MATCH($D21, INDIRECT("'" & $C21 & "'!$B:$B"), 0))),0)),"/",$C21,"/",MID($D21,1,FIND("_",$D21)-1),"/",INDIRECT(CONCATENATE("'" & $C21 & "'!",ADDRESS(MATCH($D21, INDIRECT("'" & $C21 & "'!$B:$B"), 0),MATCH(H$1, INDIRECT("'" & $C21 & "'!$1:$1"), 0)))),".",INDIRECT(CONCATENATE("'"&$C21&"'!",ADDRESS(MATCH($D21,INDIRECT("'"&$C21&"'!$B:$B"),0),3))),"#page=",H22),CONCATENATE("#Sharepoint//",$D21))} -> #Sharepoint//FRS_Line Voltage | I21: {=HYPERLINK(CONCATENATE(Cartelle!$D$5,INDEX(INDIRECT("'" & $C21 & "'!$1:$1"), 1, MATCH(INDIRECT(CONCATENATE("'" & $C21 & "'!",ADDRESS(MATCH($D21, INDIRECT("'" & $C21 & "'!$B:$B"), 0),MATCH(I$1, INDIRECT("'" & $C21 & "'!$1:$1"), 0)))),INDIRECT(CONCATENATE("'" & $C21 & "'!",MATCH($D21, INDIRECT("'" & $C21 & "'!$B:$B"), 0),":",MATCH($D21, INDIRECT("'" & $C21 & "'!$B:$B"), 0))),0)),"/",$C21,"/",MID($D21,1,FIND("_",$D21)-1),"/",INDIRECT(CONCATENATE("'" & $C21 & "'!",ADDRESS(MATCH($D21, INDIRECT("'" & $C21 & "'!$B:$B"), 0),MATCH(I$1, INDIRECT("'" & $C21 & "'!$1:$1"), 0)))),".",INDIRECT(CONCATENATE("'"&$C21&"'!",ADDRESS(MATCH($D21,INDIRECT("'"&$C21&"'!$B:$B"),0),3))),"#page=",I22),CONCATENATE("#Sharepoint//",$D21))} -> #Sharepoint//FRS_Line Voltage | J21: {=HYPERLINK(CONCATENATE(Cartelle!$D$5,INDEX(INDIRECT("'" & $C21 & "'!$1:$1"), 1, MATCH(INDIRECT(CONCATENATE("'" & $C21 & "'!",ADDRESS(MATCH($D21, INDIRECT("'" & $C21 & "'!$B:$B"), 0),MATCH(J$1, INDIRECT("'" & $C21 & "'!$1:$1"), 0)))),INDIRECT(CONCATENATE("'" & $C21 & "'!",MATCH($D21, INDIRECT("'" & $C21 & "'!$B:$B"), 0),":",MATCH($D21, INDIRECT("'" & $C21 & "'!$B:$B"), 0))),0)),"/",$C21,"/",MID($D21,1,FIND("_",$D21)-1),"/",INDIRECT(CONCATENATE("'" & $C21 & "'!",ADDRESS(MATCH($D21, INDIRECT("'" & $C21 & "'!$B:$B"), 0),MATCH(J$1, INDIRECT("'" & $C21 & "'!$1:$1"), 0)))),".",INDIRECT(CONCATENATE("'"&$C21&"'!",ADDRESS(MATCH($D21,INDIRECT("'"&$C21&"'!$B:$B"),0),3))),"#page=",J22),CONCATENATE("#Sharepoint//",$D21))} -> #Sharepoint//FRS_Line Voltage
E22: Rif. Pagina | F22: 8 | H22: 8 | I22: 8 | J22: 13
E23: Funzioni AI
A24: LV_Pantograph_Lowering | B24: Comando di abbassamento pantografo manuale/automatico | D24: \
C25: CONFIG | D25: FRS_Line Voltage | E25: Link | F25: {=HYPERLINK(CONCATENATE(Cartelle!$D$5,F$1,"/",$C25,"/",MID($D25,1,FIND("_",$D25)-1),"/",INDIRECT(CONCATENATE("'" & $C25 & "'!",ADDRESS(MATCH($D25, INDIRECT("'" & $C25 & "'!$B:$B"), 0),MATCH(F$1, INDIRECT("'" & $C25 & "'!$1:$1"), 0)))),".",INDIRECT(CONCATENATE("'"&$C25&"'!",ADDRESS(MATCH($D25,INDIRECT("'"&$C25&"'!$B:$B"),0),3))),"#page=",F26),CONCATENATE("#Sharepoint//",$D25))} -> #Sharepoint//FRS_Line Voltage | H25: {=HYPERLINK(CONCATENATE(Cartelle!$D$5,INDEX(INDIRECT("'" & $C25 & "'!$1:$1"), 1, MATCH(INDIRECT(CONCATENATE("'" & $C25 & "'!",ADDRESS(MATCH($D25, INDIRECT("'" & $C25 & "'!$B:$B"), 0),MATCH(H$1, INDIRECT("'" & $C25 & "'!$1:$1"), 0)))),INDIRECT(CONCATENATE("'" & $C25 & "'!",MATCH($D25, INDIRECT("'" & $C25 & "'!$B:$B"), 0),":",MATCH($D25, INDIRECT("'" & $C25 & "'!$B:$B"), 0))),0)),"/",$C25,"/",MID($D25,1,FIND("_",$D25)-1),"/",INDIRECT(CONCATENATE("'" & $C25 & "'!",ADDRESS(MATCH($D25, INDIRECT("'" & $C25 & "'!$B:$B"), 0),MATCH(H$1, INDIRECT("'" & $C25 & "'!$1:$1"), 0)))),".",INDIRECT(CONCATENATE("'"&$C25&"'!",ADDRESS(MATCH($D25,INDIRECT("'"&$C25&"'!$B:$B"),0),3))),"#page=",H26),CONCATENATE("#Sharepoint//",$D25))} -> #Sharepoint//FRS_Line Voltage | I25: {=HYPERLINK(CONCATENATE(Cartelle!$D$5,INDEX(INDIRECT("'" & $C25 & "'!$1:$1"), 1, MATCH(INDIRECT(CONCATENATE("'" & $C25 & "'!",ADDRESS(MATCH($D25, INDIRECT("'" & $C25 & "'!$B:$B"), 0),MATCH(I$1, INDIRECT("'" & $C25 & "'!$1:$1"), 0)))),INDIRECT(CONCATENATE("'" & $C25 & "'!",MATCH($D25, INDIRECT("'" & $C25 & "'!$B:$B"), 0),":",MATCH($D25, INDIRECT("'" & $C25 & "'!$B:$B"), 0))),0)),"/",$C25,"/",MID($D25,1,FIND("_",$D25)-1),"/",INDIRECT(CONCATENATE("'" & $C25 & "'!",ADDRESS(MATCH($D25, INDIRECT("'" & $C25 & "'!$B:$B"), 0),MATCH(I$1, INDIRECT("'" & $C25 & "'!$1:$1"), 0)))),".",INDIRECT(CONCATENATE("'"&$C25&"'!",ADDRESS(MATCH($D25,INDIRECT("'"&$C25&"'!$B:$B"),0),3))),"#page=",I26),CONCATENATE("#Sharepoint//",$D25))} -> #Sharepoint//FRS_Line Voltage | J25: {=HYPERLINK(CONCATENATE(Cartelle!$D$5,INDEX(INDIRECT("'" & $C25 & "'!$1:$1"), 1, MATCH(INDIRECT(CONCATENATE("'" & $C25 & "'!",ADDRESS(MATCH($D25, INDIRECT("'" & $C25 & "'!$B:$B"), 0),MATCH(J$1, INDIRECT("'" & $C25 & "'!$1:$1"), 0)))),INDIRECT(CONCATENATE("'" & $C25 & "'!",MATCH($D25, INDIRECT("'" & $C25 & "'!$B:$B"), 0),":",MATCH($D25, INDIRECT("'" & $C25 & "'!$B:$B"), 0))),0)),"/",$C25,"/",MID($D25,1,FIND("_",$D25)-1),"/",INDIRECT(CONCATENATE("'" & $C25 & "'!",ADDRESS(MATCH($D25, INDIRECT("'" & $C25 & "'!$B:$B"), 0),MATCH(J$1, INDIRECT("'" & $C25 & "'!$1:$1"), 0)))),".",INDIRECT(CONCATENATE("'"&$C25&"'!",ADDRESS(MATCH($D25,INDIRECT("'"&$C25&"'!$B:$B"),0),3))),"#page=",J26),CONCATENATE("#Sharepoint//",$D25))} -> #Sharepoint//FRS_Line Voltage
E26: Rif. Pagina | F26: 14 | H26: 16 | I26: 14 | J26: 19
E27: Funzioni AI
A28: LV_Automatic_Dropping_Device_(ADD) | B28: Dispositivo di abbassamento automatico del pantografo in caso di guasto | D28: \
C29: CONFIG | D29: FRS_Line Voltage | E29: Link | F29: {=HYPERLINK(CONCATENATE(Cartelle!$D$5,F$1,"/",$C29,"/",MID($D29,1,FIND("_",$D29)-1),"/",INDIRECT(CONCATENATE("'" & $C29 & "'!",ADDRESS(MATCH($D29, INDIRECT("'" & $C29 & "'!$B:$B"), 0),MATCH(F$1, INDIRECT("'" & $C29 & "'!$1:$1"), 0)))),".",INDIRECT(CONCATENATE("'"&$C29&"'!",ADDRESS(MATCH($D29,INDIRECT("'"&$C29&"'!$B:$B"),0),3))),"#page=",F30),CONCATENATE("#Sharepoint//",$D29))} -> #Sharepoint//FRS_Line Voltage | H29: {=HYPERLINK(CONCATENATE(Cartelle!$D$5,INDEX(INDIRECT("'" & $C29 & "'!$1:$1"), 1, MATCH(INDIRECT(CONCATENATE("'" & $C29 & "'!",ADDRESS(MATCH($D29, INDIRECT("'" & $C29 & "'!$B:$B"), 0),MATCH(H$1, INDIRECT("'" & $C29 & "'!$1:$1"), 0)))),INDIRECT(CONCATENATE("'" & $C29 & "'!",MATCH($D29, INDIRECT("'" & $C29 & "'!$B:$B"), 0),":",MATCH($D29, INDIRECT("'" & $C29 & "'!$B:$B"), 0))),0)),"/",$C29,"/",MID($D29,1,FIND("_",$D29)-1),"/",INDIRECT(CONCATENATE("'" & $C29 & "'!",ADDRESS(MATCH($D29, INDIRECT("'" & $C29 & "'!$B:$B"), 0),MATCH(H$1, INDIRECT("'" & $C29 & "'!$1:$1"), 0)))),".",INDIRECT(CONCATENATE("'"&$C29&"'!",ADDRESS(MATCH($D29,INDIRECT("'"&$C29&"'!$B:$B"),0),3))),"#page=",H30),CONCATENATE("#Sharepoint//",$D29))} -> #Sharepoint//FRS_Line Voltage | I29: {=HYPERLINK(CONCATENATE(Cartelle!$D$5,INDEX(INDIRECT("'" & $C29 & "'!$1:$1"), 1, MATCH(INDIRECT(CONCATENATE("'" & $C29 & "'!",ADDRESS(MATCH($D29, INDIRECT("'" & $C29 & "'!$B:$B"), 0),MATCH(I$1, INDIRECT("'" & $C29 & "'!$1:$1"), 0)))),INDIRECT(CONCATENATE("'" & $C29 & "'!",MATCH($D29, INDIRECT("'" & $C29 & "'!$B:$B"), 0),":",MATCH($D29, INDIRECT("'" & $C29 & "'!$B:$B"), 0))),0)),"/",$C29,"/",MID($D29,1,FIND("_",$D29)-1),"/",INDIRECT(CONCATENATE("'" & $C29 & "'!",ADDRESS(MATCH($D29, INDIRECT("'" & $C29 & "'!$B:$B"), 0),MATCH(I$1, INDIRECT("'" & $C29 & "'!$1:$1"), 0)))),".",INDIRECT(CONCATENATE("'"&$C29&"'!",ADDRESS(MATCH($D29,INDIRECT("'"&$C29&"'!$B:$B"),0),3))),"#page=",I30),CONCATENATE("#Sharepoint//",$D29))} -> #Sharepoint//FRS_Line Voltage | J29: {=HYPERLINK(CONCATENATE(Cartelle!$D$5,INDEX(INDIRECT("'" & $C29 & "'!$1:$1"), 1, MATCH(INDIRECT(CONCATENATE("'" & $C29 & "'!",ADDRESS(MATCH($D29, INDIRECT("'" & $C29 & "'!$B:$B"), 0),MATCH(J$1, INDIRECT("'" & $C29 & "'!$1:$1"), 0)))),INDIRECT(CONCATENATE("'" & $C29 & "'!",MATCH($D29, INDIRECT("'" & $C29 & "'!$B:$B"), 0),":",MATCH($D29, INDIRECT("'" & $C29 & "'!$B:$B"), 0))),0)),"/",$C29,"/",MID($D29,1,FIND("_",$D29)-1),"/",INDIRECT(CONCATENATE("'" & $C29 & "'!",ADDRESS(MATCH($D29, INDIRECT("'" & $C29 & "'!$B:$B"), 0),MATCH(J$1, INDIRECT("'" & $C29 & "'!$1:$1"), 0)))),".",INDIRECT(CONCATENATE("'"&$C29&"'!",ADDRESS(MATCH($D29,INDIRECT("'"&$C29&"'!$B:$B"),0),3))),"#page=",J30),CONCATENATE("#Sharepoint//",$D29))} -> #Sharepoint//FRS_Line Voltage
E30: Rif. Pagina | F30: 16 | H30: 18 | I30: 16 | J30: 22
E31: Funzioni AI | F31: La funzione ferroviaria LV_Automatic_Dropping_Device_(ADD) è un dispositivo automatico che abbassa il pantografo in caso di guasto. È composta da componenti elettrici/meccanici/software come Pantograph Control Unit (PCU), LCB, TCMS e pneumatic system. La logica di funzionamento attiva il dispositivo dopo 2 secondi dall'inizio della detezione dell'incongruenza tra HW e SW, con un ciclo di 16 secondi. In caso di comunicazione fallita con la TCMS, viene attivato un'energia di emergenza per l'apertura del LCB. La funzione è progettata per ridurre il rischio di guasto al pantografo e garantire la sicurezza del treno. Analisi — Funzione equivalente tra le seguenti configurazioni: VZI_Base, VZ_FR, VZ_ES, VZI-6_R1. | H31: La funzione ferroviaria LV_Automatic_Dropping_Device_(ADD) è un dispositivo automatico che abbassa il pantografo in caso di guasto. È composta da componenti elettrici/meccanici/software come LCB, Pantograph Control Unit (PCU), TCMS e pneumatic system. La logica di funzionamento attiva il dispositivo dopo 2 secondi dall'indicazione di incongruenza tra HW e SW, con un ciclo di preparazione che include l'apertura dell'LCB, la riduzione del pantografo e l'invio di eventi al driver e al mantenitore. In caso di comunicazione fallita con il TCMS, il dispositivo attiva l'emergenza LCB e successivamente l'abbassamento del pantografo. Analisi — Funzione equivalente tra le seguenti configurazioni: VZI_Base, VZ_FR, VZ_ES, VZI-6_R1. | I31: La funzione ferroviaria LV_Automatic_Dropping_Device_(ADD) è un dispositivo automatico che abbassa il pantografo in caso di guasto. È composta da componenti elettrici/meccanici/software come Pantograph Control Unit (PCU), LCB, TCMS e pneumatic system. La logica di funzionamento attiva il dispositivo dopo 2 secondi dall'inizio della detezione di incongruenza tra HW e SW, con la possibilità di attivare l'LCB emergency open trainline in caso di comunicazione fallita con il TCMS. Analisi — Funzione equivalente tra le seguenti configurazioni: VZI_Base, VZ_FR, VZ_ES, VZI-6_R1. | J31: La funzione ferroviaria LV_Automatic_Dropping_Device_(ADD) è un dispositivo automatico che abbassa il pantografo in caso di guasto del sistema di raccoglienza elettrica. I componenti principali coinvolti sono i tubi pneumatici all'interno dei contatti, il sistema di comunicazione tra Pantograph Control Unit (PCU) e TCMS (System for Train Management and Control), e il sistema di controllo del pantografo. La logica di funzionamento attiva l'abbassamento del pantografo in caso di detezione di danni ai contatti, mentre la comunicazione tra PCU e TCMS garantisce che tutti i pantografi della train che abbiano subito un guasto possano essere sollevati correttamente. La funzione è progettata per garantire una sicurezza di livello SIL 2 e dispone di ridondanze per assicurare la continuità del servizio. Analisi — Funzione equivalente tra le seguenti configurazioni: VZI_Base, VZ_FR, VZ_ES, VZI-6_R1.
A32: LV_Pantograph_Interlock | B32: Interblocco automatico dei pantografi in caso di guasto rilevato. Il Pdc può bloccare anche manualmente un pantografo per impedirne la selezione | D32: \
C33: CONFIG | D33: FRS_Line Voltage | E33: Link | F33: {=HYPERLINK(CONCATENATE(Cartelle!$D$5,F$1,"/",$C33,"/",MID($D33,1,FIND("_",$D33)-1),"/",INDIRECT(CONCATENATE("'" & $C33 & "'!",ADDRESS(MATCH($D33, INDIRECT("'" & $C33 & "'!$B:$B"), 0),MATCH(F$1, INDIRECT("'" & $C33 & "'!$1:$1"), 0)))),".",INDIRECT(CONCATENATE("'"&$C33&"'!",ADDRESS(MATCH($D33,INDIRECT("'"&$C33&"'!$B:$B"),0),3))),"#page=",F34),CONCATENATE("#Sharepoint//",$D33))} -> #Sharepoint//FRS_Line Voltage | H33: {=HYPERLINK(CONCATENATE(Cartelle!$D$5,INDEX(INDIRECT("'" & $C33 & "'!$1:$1"), 1, MATCH(INDIRECT(CONCATENATE("'" & $C33 & "'!",ADDRESS(MATCH($D33, INDIRECT("'" & $C33 & "'!$B:$B"), 0),MATCH(H$1, INDIRECT("'" & $C33 & "'!$1:$1"), 0)))),INDIRECT(CONCATENATE("'" & $C33 & "'!",MATCH($D33, INDIRECT("'" & $C33 & "'!$B:$B"), 0),":",MATCH($D33, INDIRECT("'" & $C33 & "'!$B:$B"), 0))),0)),"/",$C33,"/",MID($D33,1,FIND("_",$D33)-1),"/",INDIRECT(CONCATENATE("'" & $C33 & "'!",ADDRESS(MATCH($D33, INDIRECT("'" & $C33 & "'!$B:$B"), 0),MATCH(H$1, INDIRECT("'" & $C33 & "'!$1:$1"), 0)))),".",INDIRECT(CONCATENATE("'"&$C33&"'!",ADDRESS(MATCH($D33,INDIRECT("'"&$C33&"'!$B:$B"),0),3))),"#page=",H34),CONCATENATE("#Sharepoint//",$D33))} -> #Sharepoint//FRS_Line Voltage | I33: {=HYPERLINK(CONCATENATE(Cartelle!$D$5,INDEX(INDIRECT("'" & $C33 & "'!$1:$1"), 1, MATCH(INDIRECT(CONCATENATE("'" & $C33 & "'!",ADDRESS(MATCH($D33, INDIRECT("'" & $C33 & "'!$B:$B"), 0),MATCH(I$1, INDIRECT("'" & $C33 & "'!$1:$1"), 0)))),INDIRECT(CONCATENATE("'" & $C33 & "'!",MATCH($D33, INDIRECT("'" & $C33 & "'!$B:$B"), 0),":",MATCH($D33, INDIRECT("'" & $C33 & "'!$B:$B"), 0))),0)),"/",$C33,"/",MID($D33,1,FIND("_",$D33)-1),"/",INDIRECT(CONCATENATE("'" & $C33 & "'!",ADDRESS(MATCH($D33, INDIRECT("'" & $C33 & "'!$B:$B"), 0),MATCH(I$1, INDIRECT("'" & $C33 & "'!$1:$1"), 0)))),".",INDIRECT(CONCATENATE("'"&$C33&"'!",ADDRESS(MATCH($D33,INDIRECT("'"&$C33&"'!$B:$B"),0),3))),"#page=",I34),CONCATENATE("#Sharepoint//",$D33))} -> #Sharepoint//FRS_Line Voltage | J33: {=HYPERLINK(CONCATENATE(Cartelle!$D$5,INDEX(INDIRECT("'" & $C33 & "'!$1:$1"), 1, MATCH(INDIRECT(CONCATENATE("'" & $C33 & "'!",ADDRESS(MATCH($D33, INDIRECT("'" & $C33 & "'!$B:$B"), 0),MATCH(J$1, INDIRECT("'" & $C33 & "'!$1:$1"), 0)))),INDIRECT(CONCATENATE("'" & $C33 & "'!",MATCH($D33, INDIRECT("'" & $C33 & "'!$B:$B"), 0),":",MATCH($D33, INDIRECT("'" & $C33 & "'!$B:$B"), 0))),0)),"/",$C33,"/",MID($D33,1,FIND("_",$D33)-1),"/",INDIRECT(CONCATENATE("'" & $C33 & "'!",ADDRESS(MATCH($D33, INDIRECT("'" & $C33 & "'!$B:$B"), 0),MATCH(J$1, INDIRECT("'" & $C33 & "'!$1:$1"), 0)))),".",INDIRECT(CONCATENATE("'"&$C33&"'!",ADDRESS(MATCH($D33,INDIRECT("'"&$C33&"'!$B:$B"),0),3))),"#page=",J34),CONCATENATE("#Sharepoint//",$D33))} -> #Sharepoint//FRS_Line Voltage
E34: Rif. Pagina | F34: 18 | H34: 21 | I34: 21 | J34: 26
E35: Funzioni AI | F35: La funzione ferroviaria LV_Pantograph_Interlock è un interblocco automatico dei pantografi in caso di guasto rilevato. È implementata dal sistema PDC (Pantograph Control Unit) e coinvolge il circuito "fast panto down" per bloccare manualmente un pantografo in caso di ADD-trip (tripolo di aggiustamento del pantografo). La funzione viene attivata quando si verifica un guasto rilevato, con una logica di funzionamento che include la richiesta di apertura dell'LCB (Line Control Block) e l'immediata riduzione della velocità del treno. La funzione è progettata per garantire la sicurezza dei passeggeri e degli operatori, con requisiti di sicurezza come l'insulazione a distanza immediata e il controllo del circuito "fast panto down". Analisi — Funzione equivalente tra le seguenti configurazioni: VZI_Base, VZ_FR, VZ_ES, VZI-6_R1. | H35: La funzione ferroviaria LV_Pantograph_Interlock è un interblocco automatico dei pantografi in caso di guasto rilevato. La funzione coinvolge il sistema elettrico del treno, il pantografo e il controllo centrale (Pdc), con l'obiettivo di impedire la selezione del pantografo se è stato rilevato un guasto. In caso di manutenzione manuale, il Pdc può bloccare manualmente il pantografo per evitare la sua selezione. La funzione si attiva in condizioni di guasto rilevato (elevazione anomala del pantografo) e si disattiva quando il pantografo è bloccato o se viene effettuata una manutenzione manuale. Analisi — Funzione equivalente tra le seguenti configurazioni: VZI_Base, VZ_FR, VZ_ES, VZI-6_R1. | I35: La funzione ferroviaria LV_Pantograph_Interlock è un interblocco automatico dei pantografi in caso di guasto rilevato. È implementata dal sistema software e coinvolge il controllo elettronico del pantografo, la pressione sensoriale e il sistema di blocco. La funzione viene attivata in condizioni di guasto rilevato (elevazione anomala del pantografo) e viene disattivata quando il pantografo è bloccato o quando il guasto è risolto manualmente dal conducente. Analisi — Funzione equivalente tra le seguenti configurazioni: VZI_Base, VZ_FR, VZ_ES, VZI-6_R1. | J35: La funzione ferroviaria LV_Pantograph_Interlock è un interblocco automatico dei pantografi in caso di guasto rilevato. È implementata dal Pantograph Control Unit (PCU) e dalla Central Computer System (CCS), con l'aiuto del sistema di controllo dell'ADD bypass. La funzione viene attivata quando il pantografo è stato dichiarato come difettoso e l'ADD bypass è in posizione "AC" o "DC". In questo caso, la PCU ignora qualsiasi intervento ADD ricevuto per evitare di isolare il pantografo. Una volta spenta l'attivazione dell'ADD bypass, il pantografo viene nuovamente bloccato. Analisi — Funzione equivalente tra le seguenti configurazioni: VZI_Base, VZ_FR, VZ_ES, VZI-6_R1.
A36: LV_Pantograph_Selection | B36: Selezione del pantografo in base al paese (tipologia/dimensioni pantografo) e al sistema di alimentazione (AC/DC) selezionato | D36: \
C37: CONFIG | D37: FRS_Line Voltage | E37: Link | F37: {=HYPERLINK(CONCATENATE(Cartelle!$D$5,F$1,"/",$C37,"/",MID($D37,1,FIND("_",$D37)-1),"/",INDIRECT(CONCATENATE("'" & $C37 & "'!",ADDRESS(MATCH($D37, INDIRECT("'" & $C37 & "'!$B:$B"), 0),MATCH(F$1, INDIRECT("'" & $C37 & "'!$1:$1"), 0)))),".",INDIRECT(CONCATENATE("'"&$C37&"'!",ADDRESS(MATCH($D37,INDIRECT("'"&$C37&"'!$B:$B"),0),3))),"#page=",F38),CONCATENATE("#Sharepoint//",$D37))} -> #Sharepoint//FRS_Line Voltage | H37: {=HYPERLINK(CONCATENATE(Cartelle!$D$5,INDEX(INDIRECT("'" & $C37 & "'!$1:$1"), 1, MATCH(INDIRECT(CONCATENATE("'" & $C37 & "'!",ADDRESS(MATCH($D37, INDIRECT("'" & $C37 & "'!$B:$B"), 0),MATCH(H$1, INDIRECT("'" & $C37 & "'!$1:$1"), 0)))),INDIRECT(CONCATENATE("'" & $C37 & "'!",MATCH($D37, INDIRECT("'" & $C37 & "'!$B:$B"), 0),":",MATCH($D37, INDIRECT("'" & $C37 & "'!$B:$B"), 0))),0)),"/",$C37,"/",MID($D37,1,FIND("_",$D37)-1),"/",INDIRECT(CONCATENATE("'" & $C37 & "'!",ADDRESS(MATCH($D37, INDIRECT("'" & $C37 & "'!$B:$B"), 0),MATCH(H$1, INDIRECT("'" & $C37 & "'!$1:$1"), 0)))),".",INDIRECT(CONCATENATE("'"&$C37&"'!",ADDRESS(MATCH($D37,INDIRECT("'"&$C37&"'!$B:$B"),0),3))),"#page=",H38),CONCATENATE("#Sharepoint//",$D37))} -> #Sharepoint//FRS_Line Voltage | I37: {=HYPERLINK(CONCATENATE(Cartelle!$D$5,INDEX(INDIRECT("'" & $C37 & "'!$1:$1"), 1, MATCH(INDIRECT(CONCATENATE("'" & $C37 & "'!",ADDRESS(MATCH($D37, INDIRECT("'" & $C37 & "'!$B:$B"), 0),MATCH(I$1, INDIRECT("'" & $C37 & "'!$1:$1"), 0)))),INDIRECT(CONCATENATE("'" & $C37 & "'!",MATCH($D37, INDIRECT("'" & $C37 & "'!$B:$B"), 0),":",MATCH($D37, INDIRECT("'" & $C37 & "'!$B:$B"), 0))),0)),"/",$C37,"/",MID($D37,1,FIND("_",$D37)-1),"/",INDIRECT(CONCATENATE("'" & $C37 & "'!",ADDRESS(MATCH($D37, INDIRECT("'" & $C37 & "'!$B:$B"), 0),MATCH(I$1, INDIRECT("'" & $C37 & "'!$1:$1"), 0)))),".",INDIRECT(CONCATENATE("'"&$C37&"'!",ADDRESS(MATCH($D37,INDIRECT("'"&$C37&"'!$B:$B"),0),3))),"#page=",I38),CONCATENATE("#Sharepoint//",$D37))} -> #Sharepoint//FRS_Line Voltage | J37: {=HYPERLINK(CONCATENATE(Cartelle!$D$5,INDEX(INDIRECT("'" & $C37 & "'!$1:$1"), 1, MATCH(INDIRECT(CONCATENATE("'" & $C37 & "'!",ADDRESS(MATCH($D37, INDIRECT("'" & $C37 & "'!$B:$B"), 0),MATCH(J$1, INDIRECT("'" & $C37 & "'!$1:$1"), 0)))),INDIRECT(CONCATENATE("'" & $C37 & "'!",MATCH($D37, INDIRECT("'" & $C37 & "'!$B:$B"), 0),":",MATCH($D37, INDIRECT("'" & $C37 & "'!$B:$B"), 0))),0)),"/",$C37,"/",MID($D37,1,FIND("_",$D37)-1),"/",INDIRECT(CONCATENATE("'" & $C37 & "'!",ADDRESS(MATCH($D37, INDIRECT("'" & $C37 & "'!$B:$B"), 0),MATCH(J$1, INDIRECT("'" & $C37 & "'!$1:$1"), 0)))),".",INDIRECT(CONCATENATE("'"&$C37&"'!",ADDRESS(MATCH($D37,INDIRECT("'"&$C37&"'!$B:$B"),0),3))),"#page=",J38),CONCATENATE("#Sharepoint//",$D37))} -> #Sharepoint//FRS_Line Voltage
E38: Rif. Pagina | F38: 20 | H38: 22 | I38: 22 | J38: 28
E39: Funzioni AI | F39: La funzione ferroviaria LV_Pantograph_Selection seleziona il pantografo in base al paese e al sistema di alimentazione (AC/DC) selezionato. Coinvolti sono il pantografo, il disconnettore del pantografo, il sistema di controllo della velocità (TCMS), il codice di paese e il tipo di alimentazione. La funzione attiva il disconnettore del pantografo se si verifica un errore di selezione o se il pantografo non viene abbassato correttamente. La logica di funzionamento prevede la connessione dei due stati (aperto e chiuso) del disconnettore al sistema TCMS, con l'obiettivo di garantire la sicurezza e la stabilità del sistema. Analisi — Funzione equivalente tra le seguenti configurazioni: VZI_Base, VZ_FR, VZ_ES, VZI-6_R1. | H39: La funzione ferroviaria LV_Pantograph_Selection seleziona il pantografo in base al paese (tipologia/dimensioni) e al sistema di alimentazione (AC/DC) selezionato. La funzione coinvolge il controllo unitario (PCU), il disconnettore del pantografo, l'interfaccia IP e il sistema di gestione dei requisiti di sicurezza (SIL). La logica di funzionamento attiva la bloccatura del pantografo in caso di fallimento del controllo unitario o del disconnettore, con l'invio di eventi di allarme al conducente. Analisi — Funzione equivalente tra le seguenti configurazioni: VZI_Base, VZ_FR, VZ_ES, VZI-6_R1. | I39: La funzione ferroviaria LV_Pantograph_Selection seleziona il pantografo in base al paese (tipologia/dimensioni) e al sistema di alimentazione (AC/DC) selezionato. Coinvolti sono i componenti elettrici/meccanici/software come il pantografo, il disconnettore, il sistema di controllo e la TCMS. La funzione è attivata se il pantografo è in movimento per più di 20 secondi o se il disconnettore non apre/cierra correttamente, causando l'blocco dei pantografi connessi alla stessa LCB. Questa funzione è progettata per garantire la sicurezza e prevenire incidenti. Analisi — Funzione equivalente tra le seguenti configurazioni: VZI_Base, VZ_FR, VZ_ES, VZI-6_R1. | J39: La funzione ferroviaria LV_Pantograph_Selection seleziona il pantografo in base al paese e al sistema di alimentazione (AC/DC) selezionato, utilizzando un codice di paese per identificare la nazionalità del traino. I componenti principali coinvolti sono i pantografi di diverse tipologie e dimensioni, il sistema di controllo elettronico e il software di gestione della funzione. La logica di funzionamento attiva il pantografo selezionato in base alle condizioni di paese e sistema di alimentazione, con la possibilità di disattivare automaticamente tutti i pantografi in caso di errore o manomissione. Le ridondanze sono garantite dal fatto che solo un pantografo per traino completo (8 car) viene selezionato, mentre per l'ice scraping si utilizza il secondo pantografo. Analisi — Funzione equivalente tra le seguenti configurazioni: VZI_Base, VZ_FR, VZ_ES, VZI-6_R1.
A40: LV_Pantograph_Control_of_Static_Contact_Force | B40: Controllo della forza statica/pressione del pantografo alzato in funzione del sistema di tensione, della velocità, della direzione di marcia e della posizione del pantografo stesso | D40: \
C41: CONFIG | D41: FRS_Line Voltage | E41: Link | F41: {=HYPERLINK(CONCATENATE(Cartelle!$D$5,F$1,"/",$C41,"/",MID($D41,1,FIND("_",$D41)-1),"/",INDIRECT(CONCATENATE("'" & $C41 & "'!",ADDRESS(MATCH($D41, INDIRECT("'" & $C41 & "'!$B:$B"), 0),MATCH(F$1, INDIRECT("'" & $C41 & "'!$1:$1"), 0)))),".",INDIRECT(CONCATENATE("'"&$C41&"'!",ADDRESS(MATCH($D41,INDIRECT("'"&$C41&"'!$B:$B"),0),3))),"#page=",F42),CONCATENATE("#Sharepoint//",$D41))} -> #Sharepoint//FRS_Line Voltage | H41: {=HYPERLINK(CONCATENATE(Cartelle!$D$5,INDEX(INDIRECT("'" & $C41 & "'!$1:$1"), 1, MATCH(INDIRECT(CONCATENATE("'" & $C41 & "'!",ADDRESS(MATCH($D41, INDIRECT("'" & $C41 & "'!$B:$B"), 0),MATCH(H$1, INDIRECT("'" & $C41 & "'!$1:$1"), 0)))),INDIRECT(CONCATENATE("'" & $C41 & "'!",MATCH($D41, INDIRECT("'" & $C41 & "'!$B:$B"), 0),":",MATCH($D41, INDIRECT("'" & $C41 & "'!$B:$B"), 0))),0)),"/",$C41,"/",MID($D41,1,FIND("_",$D41)-1),"/",INDIRECT(CONCATENATE("'" & $C41 & "'!",ADDRESS(MATCH($D41, INDIRECT("'" & $C41 & "'!$B:$B"), 0),MATCH(H$1, INDIRECT("'" & $C41 & "'!$1:$1"), 0)))),".",INDIRECT(CONCATENATE("'"&$C41&"'!",ADDRESS(MATCH($D41,INDIRECT("'"&$C41&"'!$B:$B"),0),3))),"#page=",H42),CONCATENATE("#Sharepoint//",$D41))} -> #Sharepoint//FRS_Line Voltage | I41: {=HYPERLINK(CONCATENATE(Cartelle!$D$5,INDEX(INDIRECT("'" & $C41 & "'!$1:$1"), 1, MATCH(INDIRECT(CONCATENATE("'" & $C41 & "'!",ADDRESS(MATCH($D41, INDIRECT("'" & $C41 & "'!$B:$B"), 0),MATCH(I$1, INDIRECT("'" & $C41 & "'!$1:$1"), 0)))),INDIRECT(CONCATENATE("'" & $C41 & "'!",MATCH($D41, INDIRECT("'" & $C41 & "'!$B:$B"), 0),":",MATCH($D41, INDIRECT("'" & $C41 & "'!$B:$B"), 0))),0)),"/",$C41,"/",MID($D41,1,FIND("_",$D41)-1),"/",INDIRECT(CONCATENATE("'" & $C41 & "'!",ADDRESS(MATCH($D41, INDIRECT("'" & $C41 & "'!$B:$B"), 0),MATCH(I$1, INDIRECT("'" & $C41 & "'!$1:$1"), 0)))),".",INDIRECT(CONCATENATE("'"&$C41&"'!",ADDRESS(MATCH($D41,INDIRECT("'"&$C41&"'!$B:$B"),0),3))),"#page=",I42),CONCATENATE("#Sharepoint//",$D41))} -> #Sharepoint//FRS_Line Voltage | J41: {=HYPERLINK(CONCATENATE(Cartelle!$D$5,INDEX(INDIRECT("'" & $C41 & "'!$1:$1"), 1, MATCH(INDIRECT(CONCATENATE("'" & $C41 & "'!",ADDRESS(MATCH($D41, INDIRECT("'" & $C41 & "'!$B:$B"), 0),MATCH(J$1, INDIRECT("'" & $C41 & "'!$1:$1"), 0)))),INDIRECT(CONCATENATE("'" & $C41 & "'!",MATCH($D41, INDIRECT("'" & $C41 & "'!$B:$B"), 0),":",MATCH($D41, INDIRECT("'" & $C41 & "'!$B:$B"), 0))),0)),"/",$C41,"/",MID($D41,1,FIND("_",$D41)-1),"/",INDIRECT(CONCATENATE("'" & $C41 & "'!",ADDRESS(MATCH($D41, INDIRECT("'" & $C41 & "'!$B:$B"), 0),MATCH(J$1, INDIRECT("'" & $C41 & "'!$1:$1"), 0)))),".",INDIRECT(CONCATENATE("'"&$C41&"'!",ADDRESS(MATCH($D41,INDIRECT("'"&$C41&"'!$B:$B"),0),3))),"#page=",J42),CONCATENATE("#Sharepoint//",$D41))} -> #Sharepoint//FRS_Line Voltage
E42: Rif. Pagina | F42: 21 | H42: 24 | I42: 23 | J42: 29
E43: Funzioni AI | F43: La funzione ferroviaria LV_Pantograph_Control_of_Static_Contact_Force controlla la forza statica/pressione del pantografo alzato in base al sistema di tensione, alla velocità, alla direzione di marcia e alla posizione del pantografo. È coinvolta il pantografo, il sistema di tensione e il software TCMS. La funzione è attivata quando la condizione di attivazione viene soddisfatta, ovvero quando il pantografo è alzato e in contatto con la linea elettrica. In caso di mancata attivazione, il sistema invia un segnale di allarme per garantire la sicurezza del traino. Analisi — Funzione equivalente tra le seguenti configurazioni: VZI_Base, VZ_FR, VZ_ES, VZI-6_R1. | H43: La funzione ferroviaria LV_Pantograph_Control_of_Static_Contact_Force controlla la forza statica del pantografo alzato in base alla velocità, direzione di marcia e posizione del pantografo, utilizzando il sistema di tensione e i parametri software. I componenti principali coinvolti sono il pantografo, il sistema di tensione e il CCU (Control Center Unit). La funzione è attivata quando la velocità supera un certo limite o quando si seleziona una determinata posizione del pantografo, e viene disattivata quando la forza statica raggiunge un valore critico. La funzione è progettata per garantire una sicurezza elevata, con ridondanze nel caso di fallimento del sistema o blocco del LCB (Low Voltage Circuit Breaker). Analisi — Funzione equivalente tra le seguenti configurazioni: VZI_Base, VZ_FR, VZ_ES, VZI-6_R1. | I43: La funzione ferroviaria LV_Pantograph_Control_of_Static_Contact_Force è un sistema di controllo che regola la forza statica/pressione del pantografo alzato in base alla tensione elettrica, alla velocità, alla direzione di marcia e alla posizione del pantografo. Il sistema coinvolge componenti elettrici/meccanici come il pantografo, l'unità di controllo (TCMS) e il sistema di interazione con il driver. La logica di funzionamento attiva il controllo quando la tensione elettrica cambia o quando si verifica un blocco del LCB (Low Voltage Circuit Breaker). Il sistema è progettato per garantire una sicurezza elevata, con ridondanze e requisiti di sicurezza come l'indicazione visiva del driver in caso di blocco del LCB. Analisi — Funzione equivalente tra le seguenti configurazioni: VZI_Base, VZ_FR, VZ_ES, VZI-6_R1. | J43: La funzione ferroviaria LV_Pantograph_Control_of_Static_Contact_Force controlla la forza statica del pantografo alzato in base alla tensione elettrica, alla velocità di marcia, alla direzione di marcia e alla posizione del pantografo. La funzione è gestita dal sistema di controllo dei pantografi (PCU) e viene attivata quando la tensione elettrica cambia o quando si verifica un problema nel sistema. In caso di fallimento, il sistema può scorrere automaticamente ai pantografi alternativi. La funzione è progettata per garantire una sicurezza elevata e richiede l'accesso diretto al PCU tramite strumenti di commissioning per la configurazione dei parametri di test. Analisi — Funzione equivalente tra le seguenti configurazioni: VZI_Base, VZ_FR, VZ_ES, VZI-6_R1.
A44: LV_Line_Voltage_Supervision | B44: Controllo della tensione di linea tramite sensori di tensione letti dal sistema di propulsione | D44: \
C45: CONFIG | D45: FRS_Line Voltage | E45: Link | F45: {=HYPERLINK(CONCATENATE(Cartelle!$D$5,F$1,"/",$C45,"/",MID($D45,1,FIND("_",$D45)-1),"/",INDIRECT(CONCATENATE("'" & $C45 & "'!",ADDRESS(MATCH($D45, INDIRECT("'" & $C45 & "'!$B:$B"), 0),MATCH(F$1, INDIRECT("'" & $C45 & "'!$1:$1"), 0)))),".",INDIRECT(CONCATENATE("'"&$C45&"'!",ADDRESS(MATCH($D45,INDIRECT("'"&$C45&"'!$B:$B"),0),3))),"#page=",F46),CONCATENATE("#Sharepoint//",$D45))} -> #Sharepoint//FRS_Line Voltage | H45: {=HYPERLINK(CONCATENATE(Cartelle!$D$5,INDEX(INDIRECT("'" & $C45 & "'!$1:$1"), 1, MATCH(INDIRECT(CONCATENATE("'" & $C45 & "'!",ADDRESS(MATCH($D45, INDIRECT("'" & $C45 & "'!$B:$B"), 0),MATCH(H$1, INDIRECT("'" & $C45 & "'!$1:$1"), 0)))),INDIRECT(CONCATENATE("'" & $C45 & "'!",MATCH($D45, INDIRECT("'" & $C45 & "'!$B:$B"), 0),":",MATCH($D45, INDIRECT("'" & $C45 & "'!$B:$B"), 0))),0)),"/",$C45,"/",MID($D45,1,FIND("_",$D45)-1),"/",INDIRECT(CONCATENATE("'" & $C45 & "'!",ADDRESS(MATCH($D45, INDIRECT("'" & $C45 & "'!$B:$B"), 0),MATCH(H$1, INDIRECT("'" & $C45 & "'!$1:$1"), 0)))),".",INDIRECT(CONCATENATE("'"&$C45&"'!",ADDRESS(MATCH($D45,INDIRECT("'"&$C45&"'!$B:$B"),0),3))),"#page=",H46),CONCATENATE("#Sharepoint//",$D45))} -> #Sharepoint//FRS_Line Voltage | I45: {=HYPERLINK(CONCATENATE(Cartelle!$D$5,INDEX(INDIRECT("'" & $C45 & "'!$1:$1"), 1, MATCH(INDIRECT(CONCATENATE("'" & $C45 & "'!",ADDRESS(MATCH($D45, INDIRECT("'" & $C45 & "'!$B:$B"), 0),MATCH(I$1, INDIRECT("'" & $C45 & "'!$1:$1"), 0)))),INDIRECT(CONCATENATE("'" & $C45 & "'!",MATCH($D45, INDIRECT("'" & $C45 & "'!$B:$B"), 0),":",MATCH($D45, INDIRECT("'" & $C45 & "'!$B:$B"), 0))),0)),"/",$C45,"/",MID($D45,1,FIND("_",$D45)-1),"/",INDIRECT(CONCATENATE("'" & $C45 & "'!",ADDRESS(MATCH($D45, INDIRECT("'" & $C45 & "'!$B:$B"), 0),MATCH(I$1, INDIRECT("'" & $C45 & "'!$1:$1"), 0)))),".",INDIRECT(CONCATENATE("'"&$C45&"'!",ADDRESS(MATCH($D45,INDIRECT("'"&$C45&"'!$B:$B"),0),3))),"#page=",I46),CONCATENATE("#Sharepoint//",$D45))} -> #Sharepoint//FRS_Line Voltage | J45: {=HYPERLINK(CONCATENATE(Cartelle!$D$5,INDEX(INDIRECT("'" & $C45 & "'!$1:$1"), 1, MATCH(INDIRECT(CONCATENATE("'" & $C45 & "'!",ADDRESS(MATCH($D45, INDIRECT("'" & $C45 & "'!$B:$B"), 0),MATCH(J$1, INDIRECT("'" & $C45 & "'!$1:$1"), 0)))),INDIRECT(CONCATENATE("'" & $C45 & "'!",MATCH($D45, INDIRECT("'" & $C45 & "'!$B:$B"), 0),":",MATCH($D45, INDIRECT("'" & $C45 & "'!$B:$B"), 0))),0)),"/",$C45,"/",MID($D45,1,FIND("_",$D45)-1),"/",INDIRECT(CONCATENATE("'" & $C45 & "'!",ADDRESS(MATCH($D45, INDIRECT("'" & $C45 & "'!$B:$B"), 0),MATCH(J$1, INDIRECT("'" & $C45 & "'!$1:$1"), 0)))),".",INDIRECT(CONCATENATE("'"&$C45&"'!",ADDRESS(MATCH($D45,INDIRECT("'"&$C45&"'!$B:$B"),0),3))),"#page=",J46),CONCATENATE("#Sharepoint//",$D45))} -> #Sharepoint//FRS_Line Voltage
E46: Rif. Pagina | F46: 23 | H46: 25 | I46: 24 | J46: 30
E47: Funzioni AI | F47: La funzione ferroviaria "LV_Line_Voltage_Supervision" controlla la tensione di linea tramite sensori di tensione letti dal sistema di propulsione. I componenti elettrici/meccanici/software coinvolti sono i sensori di tensione, il sistema di controllo del circuito a scelta continua (LCB) e il software di gestione del sistema. La logica di funzionamento attiva il LCB in caso di tensione anomala o assente, con la possibilità di isolare la sezione ferroviaria danneggiata. La funzione è progettata per garantire un livello di sicurezza di SIL 1 e richiede la presenza di ridondanze per garantire la continuità del servizio. Analisi — Funzione equivalente tra le seguenti configurazioni: VZI_Base, VZ_FR, VZ_ES, VZI-6_R1. | H47: La funzione ferroviaria "LV_Line_Voltage_Supervision" è un sistema di controllo della tensione di linea tramite sensori di tensione letti dal sistema di propulsione. I componenti elettrici/meccanici/software principali coinvolti sono i sensori di tensione, il sistema di propulsione e il TCMS (System Integration Level 0). La logica di funzionamento attiva il controllo della tensione di linea quando la velocità del treno supera un certo limite o quando si trova in una determinata regione geografica. Il sistema è progettato per garantire una sicurezza ridotta, con la possibilità di disattivazione automatica in caso di anomalia. Analisi — Funzione equivalente tra le seguenti configurazioni: VZI_Base, VZ_FR, VZ_ES, VZI-6_R1. | I47: PARTE 1: La funzione LV_Line_Voltage_Supervision per la configurazione VZ_ES è responsabile del controllo della tensione di linea tramite sensori di tensione letti dal sistema di propulsione. Questa funzione è parte dell'impianto di controllo del treno ETR1000 e si occupa di monitorare la tensione elettrica presente sulla linea ferroviaria, garantendo che rimanga all'interno dei limiti di sicurezza stabiliti dalla normativa. La logica operativa prevede l'utilizzo di sensori di tensione installati lungo la linea ferroviaria per rilevare le variazioni della tensione elettrica, che vengono poi inviate al sistema di controllo del treno per essere valutate e gestite. PARTE 2: Le differenze rispetto alla configurazione VZI-6_R1 sono legate all'utilizzo di componenti diversi e a una logica operativa specifica. Mentre VZI-6_R1 prevede l'utilizzo di un sistema di controllo più complesso, con una maggiore quantità di parametri da monitorare, la configurazione VZ_ES sembra essere più semplicemente strutturata per il controllo della tensione di linea. Inoltre, potrebbe esserci una differenza nel requisito di sicurezza e nella gestione delle variazioni della tensione elettrica. Analisi — Funzione equivalente tra le seguenti configurazioni: VZI_Base, VZ_FR, VZ_ES. | J47: La funzione ferroviaria "LV_Line_Voltage_Supervision" controlla la tensione di linea tramite sensori di tensione letti dal sistema di propulsione. I componenti elettrici/meccanici principali coinvolti sono i sensori di tensione, il sistema di controllo del pantografo (PCU) e il sistema di protezione contro la corrente elettrica (LCB). La logica di funzionamento attiva il LCB se si verifica una tensione di linea fuori dal range accettabile o se non si ricevono segnali da sensori di tensione. Le ridondanze sono garantite dalla presenza di più sensori e sistemi di controllo, mentre i requisiti di sicurezza sono soddisfatti attraverso la classificazione SIL 1. Analisi — Funzione equivalente tra le seguenti configurazioni: VZI_Base, VZ_FR, VZ_ES, VZI-6_R1.
A48: LV_Line_Current_Supervision | B48: Controllo della corrente di linea | D48: \
C49: CONFIG | D49: FRS_Line Voltage | E49: Link | F49: {=HYPERLINK(CONCATENATE(Cartelle!$D$5,F$1,"/",$C49,"/",MID($D49,1,FIND("_",$D49)-1),"/",INDIRECT(CONCATENATE("'" & $C49 & "'!",ADDRESS(MATCH($D49, INDIRECT("'" & $C49 & "'!$B:$B"), 0),MATCH(F$1, INDIRECT("'" & $C49 & "'!$1:$1"), 0)))),".",INDIRECT(CONCATENATE("'"&$C49&"'!",ADDRESS(MATCH($D49,INDIRECT("'"&$C49&"'!$B:$B"),0),3))),"#page=",F50),CONCATENATE("#Sharepoint//",$D49))} -> #Sharepoint//FRS_Line Voltage | H49: {=HYPERLINK(CONCATENATE(Cartelle!$D$5,INDEX(INDIRECT("'" & $C49 & "'!$1:$1"), 1, MATCH(INDIRECT(CONCATENATE("'" & $C49 & "'!",ADDRESS(MATCH($D49, INDIRECT("'" & $C49 & "'!$B:$B"), 0),MATCH(H$1, INDIRECT("'" & $C49 & "'!$1:$1"), 0)))),INDIRECT(CONCATENATE("'" & $C49 & "'!",MATCH($D49, INDIRECT("'" & $C49 & "'!$B:$B"), 0),":",MATCH($D49, INDIRECT("'" & $C49 & "'!$B:$B"), 0))),0)),"/",$C49,"/",MID($D49,1,FIND("_",$D49)-1),"/",INDIRECT(CONCATENATE("'" & $C49 & "'!",ADDRESS(MATCH($D49, INDIRECT("'" & $C49 & "'!$B:$B"), 0),MATCH(H$1, INDIRECT("'" & $C49 & "'!$1:$1"), 0)))),".",INDIRECT(CONCATENATE("'"&$C49&"'!",ADDRESS(MATCH($D49,INDIRECT("'"&$C49&"'!$B:$B"),0),3))),"#page=",H50),CONCATENATE("#Sharepoint//",$D49))} -> #Sharepoint//FRS_Line Voltage | I49: {=HYPERLINK(CONCATENATE(Cartelle!$D$5,INDEX(INDIRECT("'" & $C49 & "'!$1:$1"), 1, MATCH(INDIRECT(CONCATENATE("'" & $C49 & "'!",ADDRESS(MATCH($D49, INDIRECT("'" & $C49 & "'!$B:$B"), 0),MATCH(I$1, INDIRECT("'" & $C49 & "'!$1:$1"), 0)))),INDIRECT(CONCATENATE("'" & $C49 & "'!",MATCH($D49, INDIRECT("'" & $C49 & "'!$B:$B"), 0),":",MATCH($D49, INDIRECT("'" & $C49 & "'!$B:$B"), 0))),0)),"/",$C49,"/",MID($D49,1,FIND("_",$D49)-1),"/",INDIRECT(CONCATENATE("'" & $C49 & "'!",ADDRESS(MATCH($D49, INDIRECT("'" & $C49 & "'!$B:$B"), 0),MATCH(I$1, INDIRECT("'" & $C49 & "'!$1:$1"), 0)))),".",INDIRECT(CONCATENATE("'"&$C49&"'!",ADDRESS(MATCH($D49,INDIRECT("'"&$C49&"'!$B:$B"),0),3))),"#page=",I50),CONCATENATE("#Sharepoint//",$D49))} -> #Sharepoint//FRS_Line Voltage | J49: {=HYPERLINK(CONCATENATE(Cartelle!$D$5,INDEX(INDIRECT("'" & $C49 & "'!$1:$1"), 1, MATCH(INDIRECT(CONCATENATE("'" & $C49 & "'!",ADDRESS(MATCH($D49, INDIRECT("'" & $C49 & "'!$B:$B"), 0),MATCH(J$1, INDIRECT("'" & $C49 & "'!$1:$1"), 0)))),INDIRECT(CONCATENATE("'" & $C49 & "'!",MATCH($D49, INDIRECT("'" & $C49 & "'!$B:$B"), 0),":",MATCH($D49, INDIRECT("'" & $C49 & "'!$B:$B"), 0))),0)),"/",$C49,"/",MID($D49,1,FIND("_",$D49)-1),"/",INDIRECT(CONCATENATE("'" & $C49 & "'!",ADDRESS(MATCH($D49, INDIRECT("'" & $C49 & "'!$B:$B"), 0),MATCH(J$1, INDIRECT("'" & $C49 & "'!$1:$1"), 0)))),".",INDIRECT(CONCATENATE("'"&$C49&"'!",ADDRESS(MATCH($D49,INDIRECT("'"&$C49&"'!$B:$B"),0),3))),"#page=",J50),CONCATENATE("#Sharepoint//",$D49))} -> #Sharepoint//FRS_Line Voltage
E50: Rif. Pagina | F50: 25 | H50: 29 | I50: 27 | J50: 36
E51: Funzioni AI | F51: **PARTE 1: VZI_Base** La funzione LV_Line_Current_Supervision per la configurazione VZI_Base è responsabile del controllo della corrente di linea. Questo sistema supervisiona la tensione elettrica presente sulla linea ferroviaria, utilizzando un clock che incrementa o decrementa in base alla tensione superiore o inferiore a 4 kV. Il sistema è progettato per garantire una sicurezza elevata, con un tempo massimo di 5 minuti e un valore minimo di 0. **PARTE 2: Differenze rispetto alle altre configurazioni** Le principali differenze rispetto alle altre configurazioni sono: * VZ_FR: non è presente alcun riferimento alla funzione LV_Line_Current_Supervision, ma si trova una specifica configurazione per la gestione della corrente lineare. * VZ_ES: presenta una configurazione simile a quella di VZI_Base, con la stessa logica operativa e requisiti tecnici. Tuttavia, non è presente alcun riferimento alla funzione LV_Line_Current_Supervision. * VZI-6_R1: presenta una struttura più complessa rispetto a VZI_Base, con l'aggiunta di altri sistemi e sottosistemi coinvolti nella gestione della corrente lineare. | H51: **PARTE 1: Funzione per 'VZ_FR'** La funzione LV_Line_Current_Supervision per 'VZ_FR' è responsabile del controllo della corrente di linea per la gestione della tensione elettrica nel sistema ferroviario. La funzione è attivata sulla base delle condizioni di operazione specificate nella configurazione VZ_FR, che include il monitoraggio della tensione elettrica e l'apertura del circuito di protezione in caso di superamento dei limiti di tensione. **PARTE 2: Differenze rispetto alle altre configurazioni** Le principali differenze rispetto alle altre configurazioni sono: * La funzione VZ_FR utilizza una logica operativa diversa rispetto a VZI_Base e VZ_ES, poiché la prima include un meccanismo di controllo più complesso per gestire le condizioni di operazione. * La componente elettrica principale è rappresentata dal circuito di protezione, che è diverso da quello utilizzato nelle altre configurazioni. * La funzione VZ_FR richiede un sistema di monitoraggio più avanzato rispetto alle altre configurazioni, poiché include la gestione della tensione elettrica in tempo reale. | I51: **PARTE 1: VZ_ES** La funzione LV_Line_Current_Supervision per 'VZ_ES' è responsabile del controllo della corrente di linea. I componenti principali includono la trasformata di corrente lineare (9d) e il senso di corrente DC (9c), collegati al sistema LIM per l'individuazione dell'overcurrent. La logica operativa prevede la misurazione della corrente lineare in condizioni normali, con la possibilità di avviare un evento di interruzione del pantografo in caso di anomalia. **PARTE 2: Differenze rispetto alle altre configurazioni** - VZ_FR e VZ_ES differiscono per l'uso della trasformata di corrente lineare (9d) e del senso di corrente DC (9c), rispettivamente. - La logica operativa di VZ_FR prevede la contropartita dell'evento di interruzione del pantografo, mentre in VZ_ES si avvia solo l'evento di interruzione. - Le differenze tecniche tra VZ_FR e VZ_ES risiedono nell'utilizzo della trasformata di corrente lineare (9d) e del senso di corrente DC (9c), con una logica operativa diversa. | J51: **PARTE 1** La funzione LV_Line_Current_Supervision per VZI-6_R1 è responsabile del controllo della corrente di linea. La sua logica operativa prevede l'installazione di line current transformer (9d) e DC line current sensor (9c) per misurare la corrente AC e DC rispettivamente. L'eventuale mancata deteczione di corrente quando è prevista, o la detección di corrente non prevista, attiva un evento che richiede al conducente di cambiare il pantografo. **PARTE 2** Le differenze rispetto alle altre configurazioni sono: * Componenti elettrici/meccanici/software: VZI-6_R1 utilizza line current transformer (9d) e DC line current sensor (9c), mentre VZ_FR e VZ_ES utilizzano solo line current transformer (9d). La differenza di software è legata all'eventuale attivazione di un evento in caso di mancata detezione di corrente. * Logica di funzionamento o condizioni operative: VZI-6_R1 richiede l'attivazione di un evento se la corrente non viene rilevata entro 5 secondi, mentre VZ_FR e VZ_ES richiedono solo l'eventuale attivazione di un evento se la corrente supera i 4kV. * Requisiti o parametri tecnici: La configurazione VZI-6_R1 richiede una frequenza di rilevamento della corrente più alta rispetto alle altre configurazioni.
A52: LV_Line_Interference_Monitor | B52: Controllo correnti/interferenze indesiderate di linea | D52: \
C53: CONFIG | D53: FRS_Line Voltage | E53: Link | F53: {=HYPERLINK(CONCATENATE(Cartelle!$D$5,F$1,"/",$C53,"/",MID($D53,1,FIND("_",$D53)-1),"/",INDIRECT(CONCATENATE("'" & $C53 & "'!",ADDRESS(MATCH($D53, INDIRECT("'" & $C53 & "'!$B:$B"), 0),MATCH(F$1, INDIRECT("'" & $C53 & "'!$1:$1"), 0)))),".",INDIRECT(CONCATENATE("'"&$C53&"'!",ADDRESS(MATCH($D53,INDIRECT("'"&$C53&"'!$B:$B"),0),3))),"#page=",F54),CONCATENATE("#Sharepoint//",$D53))} -> #Sharepoint//FRS_Line Voltage | H53: {=HYPERLINK(CONCATENATE(Cartelle!$D$5,INDEX(INDIRECT("'" & $C53 & "'!$1:$1"), 1, MATCH(INDIRECT(CONCATENATE("'" & $C53 & "'!",ADDRESS(MATCH($D53, INDIRECT("'" & $C53 & "'!$B:$B"), 0),MATCH(H$1, INDIRECT("'" & $C53 & "'!$1:$1"), 0)))),INDIRECT(CONCATENATE("'" & $C53 & "'!",MATCH($D53, INDIRECT("'" & $C53 & "'!$B:$B"), 0),":",MATCH($D53, INDIRECT("'" & $C53 & "'!$B:$B"), 0))),0)),"/",$C53,"/",MID($D53,1,FIND("_",$D53)-1),"/",INDIRECT(CONCATENATE("'" & $C53 & "'!",ADDRESS(MATCH($D53, INDIRECT("'" & $C53 & "'!$B:$B"), 0),MATCH(H$1, INDIRECT("'" & $C53 & "'!$1:$1"), 0)))),".",INDIRECT(CONCATENATE("'"&$C53&"'!",ADDRESS(MATCH($D53,INDIRECT("'"&$C53&"'!$B:$B"),0),3))),"#page=",H54),CONCATENATE("#Sharepoint//",$D53))} -> #Sharepoint//FRS_Line Voltage | I53: {=HYPERLINK(CONCATENATE(Cartelle!$D$5,INDEX(INDIRECT("'" & $C53 & "'!$1:$1"), 1, MATCH(INDIRECT(CONCATENATE("'" & $C53 & "'!",ADDRESS(MATCH($D53, INDIRECT("'" & $C53 & "'!$B:$B"), 0),MATCH(I$1, INDIRECT("'" & $C53 & "'!$1:$1"), 0)))),INDIRECT(CONCATENATE("'" & $C53 & "'!",MATCH($D53, INDIRECT("'" & $C53 & "'!$B:$B"), 0),":",MATCH($D53, INDIRECT("'" & $C53 & "'!$B:$B"), 0))),0)),"/",$C53,"/",MID($D53,1,FIND("_",$D53)-1),"/",INDIRECT(CONCATENATE("'" & $C53 & "'!",ADDRESS(MATCH($D53, INDIRECT("'" & $C53 & "'!$B:$B"), 0),MATCH(I$1, INDIRECT("'" & $C53 & "'!$1:$1"), 0)))),".",INDIRECT(CONCATENATE("'"&$C53&"'!",ADDRESS(MATCH($D53,INDIRECT("'"&$C53&"'!$B:$B"),0),3))),"#page=",I54),CONCATENATE("#Sharepoint//",$D53))} -> #Sharepoint//FRS_Line Voltage | J53: {=HYPERLINK(CONCATENATE(Cartelle!$D$5,INDEX(INDIRECT("'" & $C53 & "'!$1:$1"), 1, MATCH(INDIRECT(CONCATENATE("'" & $C53 & "'!",ADDRESS(MATCH($D53, INDIRECT("'" & $C53 & "'!$B:$B"), 0),MATCH(J$1, INDIRECT("'" & $C53 & "'!$1:$1"), 0)))),INDIRECT(CONCATENATE("'" & $C53 & "'!",MATCH($D53, INDIRECT("'" & $C53 & "'!$B:$B"), 0),":",MATCH($D53, INDIRECT("'" & $C53 & "'!$B:$B"), 0))),0)),"/",$C53,"/",MID($D53,1,FIND("_",$D53)-1),"/",INDIRECT(CONCATENATE("'" & $C53 & "'!",ADDRESS(MATCH($D53, INDIRECT("'" & $C53 & "'!$B:$B"), 0),MATCH(J$1, INDIRECT("'" & $C53 & "'!$1:$1"), 0)))),".",INDIRECT(CONCATENATE("'"&$C53&"'!",ADDRESS(MATCH($D53,INDIRECT("'"&$C53&"'!$B:$B"),0),3))),"#page=",J54),CONCATENATE("#Sharepoint//",$D53))} -> #Sharepoint//FRS_Line Voltage
E54: Rif. Pagina | F54: 27 | H54: 31 | I54: 29 | J54: 39
E55: Funzioni AI | F55: La funzione ferroviaria LV_Line_Interference_Monitor - Controllo correnti/interferenze indesiderate di linea è un sistema di monitoraggio che supervisiona le correnti interne e le interferenze indesiderate sulla linea ferroviaria. I componenti principali coinvolti sono il sistema di controllo IDU, il software TCMS e il PCU (Pantograph Control Unit). La logica di funzionamento attiva il sistema quando si verificano condizioni di interruzione del corrente, come ad esempio la mancata detección della tensione elettrica o l'eccesso di corrente. In caso di fallimento, il sistema viene supervisionato dal PCU per garantire la sicurezza e la stabilità della linea ferroviaria. Analisi — Funzione equivalente tra le seguenti configurazioni: VZI_Base, VZ_FR, VZ_ES, VZI-6_R1. | H55: **PARTE 1: Funzione LV_Line_Interference_Monitor per VZ_FR** La funzione LV_Line_Interference_Monitor è un sistema di controllo che monitora le correnti indesiderate di linea e limita la potenza estratta dalla catena elettrica. Per l'ETR1000, questa funzione è configurata come parte del sistema VZ_FR (pagina 31). La logica operativa prevede l'utilizzo di un dispositivo di limitazione della corrente sullo schermo IDU, che può essere impostato in modo da limitare la corrente in base alle condizioni di linea. **PARTE 2: Differenze rispetto alle altre configurazioni** Le principali differenze rispetto alle altre configurazioni sono: * Componenti elettrici/meccanici/software: VZ_FR utilizza un dispositivo di limitazione della corrente sullo schermo IDU, mentre le altre configurazioni (VZI_Base, VZ_ES) utilizzano dispositivi diversi. * Logica di funzionamento o condizioni operative: La logica operativa di VZ_FR è specifica per la catena elettrica 25 kV AC e richiede un dispositivo di limitazione della corrente differente rispetto alle altre configurazioni. * Requisiti o parametri tecnici: VZ_FR ha requisiti tecnici specifici per la limitazione della corrente, come ad esempio una massima corrente di 560 A per la catena elettrica 25 kV AC. * Sistemi o sottosistemi coinvolti: La funzione LV_Line_Interference_Monitor è parte del sistema VZ_FR, che include anche il sistema di controllo della potenza (TCMS) e i PCUs (Power Control Units). | I55: La funzione ferroviaria "LV_Line_Interference_Monitor — Controllo correnti/interferenze indesiderate di linea" è un sistema di sorveglianza che monitora le correnti elettriche indesiderate sulla linea ferroviaria. È composta da componenti elettrici/meccanici/software come il LIM (Line Interference Monitor), che misura la corrente, la tensione e il temperatura dell'olio dei trasformatori. La logica di funzionamento attiva il sistema in caso di anomalia, con condizioni di attivazione/disattivazione basate sulla deteczione della corrente indesiderata o sul fallimento del sistema. Il sistema è progettato per garantire un livello di sicurezza SIL 2 e richiede la presenza di almeno uno LIM per ogni mezzo ferroviario, con ridondanze e requisiti di sicurezza per garantire la stabilità e la sicurezza del sistema. Analisi — Funzione equivalente tra le seguenti configurazioni: VZI_Base, VZ_FR, VZ_ES, VZI-6_R1. | J55: La funzione ferroviaria LV_Line_Interference_Monitor - Controllo correnti/interferenze indesiderate di linea è un sistema di monitoraggio e controllo delle correnti interne e di interferenze nella linea elettrica del treno ad alta velocità ETR1000. Il sistema è composto da componenti elettrici/meccanici/software come il TCMS (System Management Unit) e l'HVSP (High Voltage System Protection), che lavorano insieme per supervisionare le correnti interne e di interferenze nella linea elettrica. La logica di funzionamento attiva il sistema in caso di deteczione di correnti interne o di interferenze indesiderate, con la possibilità di bypassare il sistema in caso di fallimento. Il sistema è progettato per garantire un livello di sicurezza SIL 2 e richiede l'installazione di almeno uno strumento di monitoraggio per ogni mezzo ferroviario. Analisi — Funzione equivalente tra le seguenti configurazioni: VZI_Base, VZ_FR, VZ_ES, VZI-6_R1.
A56: LV_LIM_50Hz_protection_bypass | B56: Bypass della protezione LIM 50 Hz | D56: \
C57: CONFIG | D57: FRS_Line Voltage | E57: Link | F57: {=HYPERLINK(CONCATENATE(Cartelle!$D$5,F$1,"/",$C57,"/",MID($D57,1,FIND("_",$D57)-1),"/",INDIRECT(CONCATENATE("'" & $C57 & "'!",ADDRESS(MATCH($D57, INDIRECT("'" & $C57 & "'!$B:$B"), 0),MATCH(F$1, INDIRECT("'" & $C57 & "'!$1:$1"), 0)))),".",INDIRECT(CONCATENATE("'"&$C57&"'!",ADDRESS(MATCH($D57,INDIRECT("'"&$C57&"'!$B:$B"),0),3))),"#page=",F58),CONCATENATE("#Sharepoint//",$D57))} -> #Sharepoint//FRS_Line Voltage | H57: {=HYPERLINK(CONCATENATE(Cartelle!$D$5,INDEX(INDIRECT("'" & $C57 & "'!$1:$1"), 1, MATCH(INDIRECT(CONCATENATE("'" & $C57 & "'!",ADDRESS(MATCH($D57, INDIRECT("'" & $C57 & "'!$B:$B"), 0),MATCH(H$1, INDIRECT("'" & $C57 & "'!$1:$1"), 0)))),INDIRECT(CONCATENATE("'" & $C57 & "'!",MATCH($D57, INDIRECT("'" & $C57 & "'!$B:$B"), 0),":",MATCH($D57, INDIRECT("'" & $C57 & "'!$B:$B"), 0))),0)),"/",$C57,"/",MID($D57,1,FIND("_",$D57)-1),"/",INDIRECT(CONCATENATE("'" & $C57 & "'!",ADDRESS(MATCH($D57, INDIRECT("'" & $C57 & "'!$B:$B"), 0),MATCH(H$1, INDIRECT("'" & $C57 & "'!$1:$1"), 0)))),".",INDIRECT(CONCATENATE("'"&$C57&"'!",ADDRESS(MATCH($D57,INDIRECT("'"&$C57&"'!$B:$B"),0),3))),"#page=",H58),CONCATENATE("#Sharepoint//",$D57))} -> #Sharepoint//FRS_Line Voltage | I57: {=HYPERLINK(CONCATENATE(Cartelle!$D$5,INDEX(INDIRECT("'" & $C57 & "'!$1:$1"), 1, MATCH(INDIRECT(CONCATENATE("'" & $C57 & "'!",ADDRESS(MATCH($D57, INDIRECT("'" & $C57 & "'!$B:$B"), 0),MATCH(I$1, INDIRECT("'" & $C57 & "'!$1:$1"), 0)))),INDIRECT(CONCATENATE("'" & $C57 & "'!",MATCH($D57, INDIRECT("'" & $C57 & "'!$B:$B"), 0),":",MATCH($D57, INDIRECT("'" & $C57 & "'!$B:$B"), 0))),0)),"/",$C57,"/",MID($D57,1,FIND("_",$D57)-1),"/",INDIRECT(CONCATENATE("'" & $C57 & "'!",ADDRESS(MATCH($D57, INDIRECT("'" & $C57 & "'!$B:$B"), 0),MATCH(I$1, INDIRECT("'" & $C57 & "'!$1:$1"), 0)))),".",INDIRECT(CONCATENATE("'"&$C57&"'!",ADDRESS(MATCH($D57,INDIRECT("'"&$C57&"'!$B:$B"),0),3))),"#page=",I58),CONCATENATE("#Sharepoint//",$D57))} -> #Sharepoint//FRS_Line Voltage | J57: {=HYPERLINK(CONCATENATE(Cartelle!$D$5,INDEX(INDIRECT("'" & $C57 & "'!$1:$1"), 1, MATCH(INDIRECT(CONCATENATE("'" & $C57 & "'!",ADDRESS(MATCH($D57, INDIRECT("'" & $C57 & "'!$B:$B"), 0),MATCH(J$1, INDIRECT("'" & $C57 & "'!$1:$1"), 0)))),INDIRECT(CONCATENATE("'" & $C57 & "'!",MATCH($D57, INDIRECT("'" & $C57 & "'!$B:$B"), 0),":",MATCH($D57, INDIRECT("'" & $C57 & "'!$B:$B"), 0))),0)),"/",$C57,"/",MID($D57,1,FIND("_",$D57)-1),"/",INDIRECT(CONCATENATE("'" & $C57 & "'!",ADDRESS(MATCH($D57, INDIRECT("'" & $C57 & "'!$B:$B"), 0),MATCH(J$1, INDIRECT("'" & $C57 & "'!$1:$1"), 0)))),".",INDIRECT(CONCATENATE("'"&$C57&"'!",ADDRESS(MATCH($D57,INDIRECT("'"&$C57&"'!$B:$B"),0),3))),"#page=",J58),CONCATENATE("#Sharepoint//",$D57))} -> #Sharepoint//FRS_Line Voltage
E58: Rif. Pagina | F58: 29 | H58: 34 | I58: 31 | J58: 42
E59: Funzioni AI | F59: La funzione ferroviaria LV_LIM_50Hz_protection_bypass è un bypass della protezione LIM 50 Hz che viene attivata in caso di errore di test LIM o mancata esecuzione del test, causando l'isolamento del pantografo e la conservazione dell'impegno di trazione al 100%. La funzione coinvolge il sistema di protezione LIM, il pantografo e il sistema di controllo del treno. La logica di funzionamento attiva il bypass in caso di errore di test o mancata esecuzione del test, informando il conducente che il pantografo può essere sollevato una volta terminato il test. Analisi — Funzione equivalente tra le seguenti configurazioni: VZI_Base, VZ_FR, VZ_ES, VZI-6_R1. | H59: La funzione ferroviaria "LV_LIM_50Hz_protection_bypass" è un bypass della protezione LIM 50 Hz che viene attivata in caso di detección di errori durante il test di autotestazione del sistema LIM. La funzione coinvolge il pantografo isolato e mantiene il 100% dell'impegno di trazione, garantendo la sicurezza del sistema e prevenendo potenziali danni. La logica di funzionamento attiva il bypass se si verificano errori durante l'autotestazione, come ad esempio limiti per line current superati o short circuit detectati. Analisi — Funzione equivalente tra le seguenti configurazioni: VZI_Base, VZ_FR, VZ_ES, VZI-6_R1. | I59: La funzione ferroviaria LV_LIM_50Hz_protection_bypass è un bypass della protezione LIM 50 Hz che apre il circuito di spegnimento in caso di detección di correnti armoniche da 50 Hz durante la corsa su una linea DC. I componenti elettrici/meccanici principali coinvolti sono il sistema di protezione LIM, il circuito di spegnimento e il dispositivo di bypass. La logica di funzionamento attiva il bypass quando si verifica un evento come la detezione di correnti armoniche da 50 Hz, ma solo se il treno è in corsa su una linea DC. Questa funzione è progettata per evitare rischi potenziali e consente al treno di proseguire la sua corsa su un'altra sezione della linea dove non si verificano problemi simili. Analisi — Funzione equivalente tra le seguenti configurazioni: VZI_Base, VZ_FR, VZ_ES, VZI-6_R1. | J59: La funzione ferroviaria LV_LIM_50Hz_protection_bypass è un bypass della protezione LIM 50 Hz che apre il circuito di spegnimento in caso di detezione di correnti armoniche a 50 Hz durante la corsa su una linea DC. I componenti elettrici/meccanici principali coinvolti sono il sistema di protezione HVSP, il circuito di spegnimento e il pantografo. La logica di funzionamento attiva il bypass quando si verifica un'eccezione alla normale condizione di correnti armoniche a 50 Hz, consentendo al treno di proseguire la corsa su una sezione diversa della linea dove non è presente il problema. L'attivazione del bypass è gestita dal sistema TCMS e richiede l'intervento del conducente, che riceve un messaggio per eseguire un test di auto-verifica. Analisi — Funzione equivalente tra le seguenti configurazioni: VZI_Base, VZ_FR, VZ_ES, VZI-6_R1.
A60: LV_Neutral_Section_Passing | B60: Gestione del passaggio in sezione neutra: - automatica da ATP in caso di tratto neutro al cambio fase - inizializzata da ATP con selezione manuale deò PdC della tensione di linea, in caso di tratto neutro al cambio tensione | D60: \
C61: CONFIG | D61: FRS_Line Voltage | E61: Link | F61: {=HYPERLINK(CONCATENATE(Cartelle!$D$5,F$1,"/",$C61,"/",MID($D61,1,FIND("_",$D61)-1),"/",INDIRECT(CONCATENATE("'" & $C61 & "'!",ADDRESS(MATCH($D61, INDIRECT("'" & $C61 & "'!$B:$B"), 0),MATCH(F$1, INDIRECT("'" & $C61 & "'!$1:$1"), 0)))),".",INDIRECT(CONCATENATE("'"&$C61&"'!",ADDRESS(MATCH($D61,INDIRECT("'"&$C61&"'!$B:$B"),0),3))),"#page=",F62),CONCATENATE("#Sharepoint//",$D61))} -> #Sharepoint//FRS_Line Voltage | H61: {=HYPERLINK(CONCATENATE(Cartelle!$D$5,INDEX(INDIRECT("'" & $C61 & "'!$1:$1"), 1, MATCH(INDIRECT(CONCATENATE("'" & $C61 & "'!",ADDRESS(MATCH($D61, INDIRECT("'" & $C61 & "'!$B:$B"), 0),MATCH(H$1, INDIRECT("'" & $C61 & "'!$1:$1"), 0)))),INDIRECT(CONCATENATE("'" & $C61 & "'!",MATCH($D61, INDIRECT("'" & $C61 & "'!$B:$B"), 0),":",MATCH($D61, INDIRECT("'" & $C61 & "'!$B:$B"), 0))),0)),"/",$C61,"/",MID($D61,1,FIND("_",$D61)-1),"/",INDIRECT(CONCATENATE("'" & $C61 & "'!",ADDRESS(MATCH($D61, INDIRECT("'" & $C61 & "'!$B:$B"), 0),MATCH(H$1, INDIRECT("'" & $C61 & "'!$1:$1"), 0)))),".",INDIRECT(CONCATENATE("'"&$C61&"'!",ADDRESS(MATCH($D61,INDIRECT("'"&$C61&"'!$B:$B"),0),3))),"#page=",H62),CONCATENATE("#Sharepoint//",$D61))} -> #Sharepoint//FRS_Line Voltage | I61: {=HYPERLINK(CONCATENATE(Cartelle!$D$5,INDEX(INDIRECT("'" & $C61 & "'!$1:$1"), 1, MATCH(INDIRECT(CONCATENATE("'" & $C61 & "'!",ADDRESS(MATCH($D61, INDIRECT("'" & $C61 & "'!$B:$B"), 0),MATCH(I$1, INDIRECT("'" & $C61 & "'!$1:$1"), 0)))),INDIRECT(CONCATENATE("'" & $C61 & "'!",MATCH($D61, INDIRECT("'" & $C61 & "'!$B:$B"), 0),":",MATCH($D61, INDIRECT("'" & $C61 & "'!$B:$B"), 0))),0)),"/",$C61,"/",MID($D61,1,FIND("_",$D61)-1),"/",INDIRECT(CONCATENATE("'" & $C61 & "'!",ADDRESS(MATCH($D61, INDIRECT("'" & $C61 & "'!$B:$B"), 0),MATCH(I$1, INDIRECT("'" & $C61 & "'!$1:$1"), 0)))),".",INDIRECT(CONCATENATE("'"&$C61&"'!",ADDRESS(MATCH($D61,INDIRECT("'"&$C61&"'!$B:$B"),0),3))),"#page=",I62),CONCATENATE("#Sharepoint//",$D61))} -> #Sharepoint//FRS_Line Voltage | J61: {=HYPERLINK(CONCATENATE(Cartelle!$D$5,INDEX(INDIRECT("'" & $C61 & "'!$1:$1"), 1, MATCH(INDIRECT(CONCATENATE("'" & $C61 & "'!",ADDRESS(MATCH($D61, INDIRECT("'" & $C61 & "'!$B:$B"), 0),MATCH(J$1, INDIRECT("'" & $C61 & "'!$1:$1"), 0)))),INDIRECT(CONCATENATE("'" & $C61 & "'!",MATCH($D61, INDIRECT("'" & $C61 & "'!$B:$B"), 0),":",MATCH($D61, INDIRECT("'" & $C61 & "'!$B:$B"), 0))),0)),"/",$C61,"/",MID($D61,1,FIND("_",$D61)-1),"/",INDIRECT(CONCATENATE("'" & $C61 & "'!",ADDRESS(MATCH($D61, INDIRECT("'" & $C61 & "'!$B:$B"), 0),MATCH(J$1, INDIRECT("'" & $C61 & "'!$1:$1"), 0)))),".",INDIRECT(CONCATENATE("'"&$C61&"'!",ADDRESS(MATCH($D61,INDIRECT("'"&$C61&"'!$B:$B"),0),3))),"#page=",J62),CONCATENATE("#Sharepoint//",$D61))} -> #Sharepoint//FRS_Line Voltage
E62: Rif. Pagina | F62: 30 | H62: 35 | I62: 32 | J62: 43
E63: Funzioni AI | F63: La funzione ferroviaria "LV_Neutral_Section_Passing" gestisce il passaggio in sezione neutra automaticamente tramite ATP (Automatic Train Protection) in caso di tratto neutro al cambio fase. La funzione è inizializzata da ATP con selezione manuale del PdC (Punto di Controllo) della tensione di linea, in caso di tratto neutro al cambio tensione. Il sistema è dotato di un switch selettivo installato nella cabina del conducente che consente di bypassare la protezione in caso di linee DC. La funzione è caratterizzata da una logica di funzionamento che attiva il bypass solo quando il switch è stato attivato e la protezione non è stata disattivata. Il sistema dispone di ridondanze e richiede un alto livello di sicurezza, con una classificazione SIL 2 (Safety Integrated Level 2). Analisi — Funzione equivalente tra le seguenti configurazioni: VZI_Base, VZ_FR, VZ_ES, VZI-6_R1. | H63: La funzione ferroviaria "LV_Neutral_Section_Passing" gestisce il passaggio in sezione neutra del sistema elettrico ferroviario. Coinvolti sono l'ATP (Automatic Train Protection), il sistema di controllo della tensione di linea, il sistema di supervisione LIM (Low Induction Motor) e il sistema di comunicazione MVB (Multiple Vehicle Bus). La funzione è attivata automaticamente in caso di tratto neutro al cambio fase, oppure con selezione manuale da parte dell'ATP. In entrambi i casi, viene bypassato il controllo LIM 50Hz e viene visualizzato un evento sullo schermo IDU (Indicatore di Velocità). Analisi — Funzione equivalente tra le seguenti configurazioni: VZI_Base, VZ_FR, VZ_ES, VZI-6_R1. | I63: La funzione ferroviaria "LV_Neutral_Section_Passing" gestisce il passaggio in sezione neutra, ovvero le parti del sistema elettrico ferroviario che non sono alimentate. Questa funzione è automaticamente attivata dall'ATP (Automatic Train Protection) in caso di tratto neutro al cambio fase, mentre viene inizializzata manualmente dal driver con la selezione della tensione di linea. La logica di funzionamento prevede l'attivazione dell'avviso del LIM bypass quando il sistema di supervisione 50Hz è bypassato, e l'indicazione sullo schermo IDU (Interface Display Unit). Questa funzione richiede la presenza di componenti elettrici/meccanici/software come il sistema di protezione contro l'eccesso di tensione (TCMS) e il sistema di supervisione del LIM. La funzione è progettata per garantire la sicurezza e la stabilità del sistema ferroviario, con ridondanze e requisiti di sicurezza come la bypassing automatica dell'avviso del LIM bypass e l'indicazione sullo schermo IDU. Analisi — Funzione equivalente tra le seguenti configurazioni: VZI_Base, VZ_FR, VZ_ES, VZI-6_R1. | J63: La funzione ferroviaria LV_Neutral_Section_Passing gestisce il passaggio in sezione neutra, automatizzata da ATP in caso di tratto neutro al cambio fase e inizializzata con selezione manuale del PdC della tensione di linea. La logica di funzionamento attiva la bypass HVSP 50Hz supervision quando il switch è stato attivato e l'IDU indica una condizione di disattivazione, mentre la TCMS invia un comando per disattivare la supervisione HVSP via Ethernet bus. La funzione richiede la presenza di un sealed switch bypass, connesso a Digital Inputs sicuri e redundanti, e comporta l'attivazione di un eventuale indicatore IDU. Analisi — Funzione equivalente tra le seguenti configurazioni: VZI_Base, VZ_FR, VZ_ES, VZI-6_R1.
A64: LV_System_Selection | B64: Selezione tramite commutatore a 4 posizioni della tensione di linea (25 kV AC, 15 kV AC, 3 kV DC o 1,5 kV DC) | D64: \
C65: CONFIG | D65: FRS_Line Voltage | E65: Link | F65: {=HYPERLINK(CONCATENATE(Cartelle!$D$5,F$1,"/",$C65,"/",MID($D65,1,FIND("_",$D65)-1),"/",INDIRECT(CONCATENATE("'" & $C65 & "'!",ADDRESS(MATCH($D65, INDIRECT("'" & $C65 & "'!$B:$B"), 0),MATCH(F$1, INDIRECT("'" & $C65 & "'!$1:$1"), 0)))),".",INDIRECT(CONCATENATE("'"&$C65&"'!",ADDRESS(MATCH($D65,INDIRECT("'"&$C65&"'!$B:$B"),0),3))),"#page=",F66),CONCATENATE("#Sharepoint//",$D65))} -> #Sharepoint//FRS_Line Voltage | H65: {=HYPERLINK(CONCATENATE(Cartelle!$D$5,INDEX(INDIRECT("'" & $C65 & "'!$1:$1"), 1, MATCH(INDIRECT(CONCATENATE("'" & $C65 & "'!",ADDRESS(MATCH($D65, INDIRECT("'" & $C65 & "'!$B:$B"), 0),MATCH(H$1, INDIRECT("'" & $C65 & "'!$1:$1"), 0)))),INDIRECT(CONCATENATE("'" & $C65 & "'!",MATCH($D65, INDIRECT("'" & $C65 & "'!$B:$B"), 0),":",MATCH($D65, INDIRECT("'" & $C65 & "'!$B:$B"), 0))),0)),"/",$C65,"/",MID($D65,1,FIND("_",$D65)-1),"/",INDIRECT(CONCATENATE("'" & $C65 & "'!",ADDRESS(MATCH($D65, INDIRECT("'" & $C65 & "'!$B:$B"), 0),MATCH(H$1, INDIRECT("'" & $C65 & "'!$1:$1"), 0)))),".",INDIRECT(CONCATENATE("'"&$C65&"'!",ADDRESS(MATCH($D65,INDIRECT("'"&$C65&"'!$B:$B"),0),3))),"#page=",H66),CONCATENATE("#Sharepoint//",$D65))} -> #Sharepoint//FRS_Line Voltage | I65: {=HYPERLINK(CONCATENATE(Cartelle!$D$5,INDEX(INDIRECT("'" & $C65 & "'!$1:$1"), 1, MATCH(INDIRECT(CONCATENATE("'" & $C65 & "'!",ADDRESS(MATCH($D65, INDIRECT("'" & $C65 & "'!$B:$B"), 0),MATCH(I$1, INDIRECT("'" & $C65 & "'!$1:$1"), 0)))),INDIRECT(CONCATENATE("'" & $C65 & "'!",MATCH($D65, INDIRECT("'" & $C65 & "'!$B:$B"), 0),":",MATCH($D65, INDIRECT("'" & $C65 & "'!$B:$B"), 0))),0)),"/",$C65,"/",MID($D65,1,FIND("_",$D65)-1),"/",INDIRECT(CONCATENATE("'" & $C65 & "'!",ADDRESS(MATCH($D65, INDIRECT("'" & $C65 & "'!$B:$B"), 0),MATCH(I$1, INDIRECT("'" & $C65 & "'!$1:$1"), 0)))),".",INDIRECT(CONCATENATE("'"&$C65&"'!",ADDRESS(MATCH($D65,INDIRECT("'"&$C65&"'!$B:$B"),0),3))),"#page=",I66),CONCATENATE("#Sharepoint//",$D65))} -> #Sharepoint//FRS_Line Voltage | J65: {=HYPERLINK(CONCATENATE(Cartelle!$D$5,INDEX(INDIRECT("'" & $C65 & "'!$1:$1"), 1, MATCH(INDIRECT(CONCATENATE("'" & $C65 & "'!",ADDRESS(MATCH($D65, INDIRECT("'" & $C65 & "'!$B:$B"), 0),MATCH(J$1, INDIRECT("'" & $C65 & "'!$1:$1"), 0)))),INDIRECT(CONCATENATE("'" & $C65 & "'!",MATCH($D65, INDIRECT("'" & $C65 & "'!$B:$B"), 0),":",MATCH($D65, INDIRECT("'" & $C65 & "'!$B:$B"), 0))),0)),"/",$C65,"/",MID($D65,1,FIND("_",$D65)-1),"/",INDIRECT(CONCATENATE("'" & $C65 & "'!",ADDRESS(MATCH($D65, INDIRECT("'" & $C65 & "'!$B:$B"), 0),MATCH(J$1, INDIRECT("'" & $C65 & "'!$1:$1"), 0)))),".",INDIRECT(CONCATENATE("'"&$C65&"'!",ADDRESS(MATCH($D65,INDIRECT("'"&$C65&"'!$B:$B"),0),3))),"#page=",J66),CONCATENATE("#Sharepoint//",$D65))} -> #Sharepoint//FRS_Line Voltage
E66: Rif. Pagina | F66: 34 | H66: 39 | I66: 35 | J66: 47
E67: Funzioni AI | F67: La funzione ferroviaria "LV_System_Selection" seleziona il sistema di tensione elettrica tramite un commutatore a 4 posizioni (25 kV AC, 15 kV AC, 3 kV DC o 1,5 kV DC) utilizzando un switch "Line voltage selector". La funzione è attivata quando il driver seleziona la linea di tensione e richiede una selezione del sistema. In caso di fallimento, il sistema si isolerà e il driver dovrà sollevare l'altra pantografia. La logica di funzionamento prevede la deteczione dei sistemi di tensione elettrica e la loro verifica per assicurare la sicurezza del sistema. Analisi — Funzione equivalente tra le seguenti configurazioni: VZI_Base, VZ_FR, VZ_ES, VZI-6_R1. | H67: La funzione ferroviaria "LV_System_Selection" seleziona la tensione di linea tramite un commutatore a 4 posizioni (25 kV AC, 15 kV AC, 3 kV DC o 1,5 kV DC) utilizzando il switch "Line voltage selector". La logica di funzionamento attiva la selezione automaticamente quando il sistema cambia da una tensione all'altra, con la possibilità di configurare il codice del paese di operazione. La funzione è progettata per garantire la sicurezza e la stabilità del sistema, con ridondanze e requisiti di sicurezza implementati per prevenire cortocircuiti e altre anomalie. Analisi — Funzione equivalente tra le seguenti configurazioni: VZI_Base, VZ_FR, VZ_ES, VZI-6_R1. | I67: La funzione LV_System_Selection seleziona tramite commutatore a 4 posizioni la tensione di linea (25 kV AC, 15 kV AC, 3 kV DC o 1,5 kV DC) per il sistema ferroviario ETR1000. La logica di funzionamento attiva la selezione della tensione di linea in base all'indicazione dell'ATP (Automatic Train Protection), mentre l'automatica dei pantografi viene gestita dal software TCMS, che verifica la corrispondenza tra la selezione e quella indicata dall'ATP. La funzione è progettata per garantire una sicurezza di livello SIL 0, con ridondanze e requisiti di sicurezza per prevenire errori o interruzioni del sistema durante il transito. Analisi — Funzione equivalente tra le seguenti configurazioni: VZI_Base, VZ_FR, VZ_ES, VZI-6_R1. | J67: La funzione ferroviaria LV_System_Selection seleziona tramite commutatore a 4 posizioni la tensione di linea (25 kV AC, 15 kV AC, 3 kV DC o 1,5 kV DC) in base alle indicazioni dell'ATP. Il sistema è gestito dal software TCMS e viene controllato dall'IDU. La funzione viene attivata quando il pantografo deve essere sollevato, ma solo se la tensione di linea selezionata è in linea con quella indicata dall'ATP. In caso di differenza, l'IDU visualizza un avviso. Analisi — Funzione equivalente tra le seguenti configurazioni: VZI_Base, VZ_FR, VZ_ES, VZI-6_R1.
A68: LV_Line_Circuit_Breaker_Closing | B68: Chiusura dell’interruttore di linea (LCB) per collegare la tensione di linea al treno | D68: \
C69: CONFIG | D69: FRS_Line Voltage | E69: Link | F69: {=HYPERLINK(CONCATENATE(Cartelle!$D$5,F$1,"/",$C69,"/",MID($D69,1,FIND("_",$D69)-1),"/",INDIRECT(CONCATENATE("'" & $C69 & "'!",ADDRESS(MATCH($D69, INDIRECT("'" & $C69 & "'!$B:$B"), 0),MATCH(F$1, INDIRECT("'" & $C69 & "'!$1:$1"), 0)))),".",INDIRECT(CONCATENATE("'"&$C69&"'!",ADDRESS(MATCH($D69,INDIRECT("'"&$C69&"'!$B:$B"),0),3))),"#page=",F70),CONCATENATE("#Sharepoint//",$D69))} -> #Sharepoint//FRS_Line Voltage | H69: {=HYPERLINK(CONCATENATE(Cartelle!$D$5,INDEX(INDIRECT("'" & $C69 & "'!$1:$1"), 1, MATCH(INDIRECT(CONCATENATE("'" & $C69 & "'!",ADDRESS(MATCH($D69, INDIRECT("'" & $C69 & "'!$B:$B"), 0),MATCH(H$1, INDIRECT("'" & $C69 & "'!$1:$1"), 0)))),INDIRECT(CONCATENATE("'" & $C69 & "'!",MATCH($D69, INDIRECT("'" & $C69 & "'!$B:$B"), 0),":",MATCH($D69, INDIRECT("'" & $C69 & "'!$B:$B"), 0))),0)),"/",$C69,"/",MID($D69,1,FIND("_",$D69)-1),"/",INDIRECT(CONCATENATE("'" & $C69 & "'!",ADDRESS(MATCH($D69, INDIRECT("'" & $C69 & "'!$B:$B"), 0),MATCH(H$1, INDIRECT("'" & $C69 & "'!$1:$1"), 0)))),".",INDIRECT(CONCATENATE("'"&$C69&"'!",ADDRESS(MATCH($D69,INDIRECT("'"&$C69&"'!$B:$B"),0),3))),"#page=",H70),CONCATENATE("#Sharepoint//",$D69))} -> #Sharepoint//FRS_Line Voltage | I69: {=HYPERLINK(CONCATENATE(Cartelle!$D$5,INDEX(INDIRECT("'" & $C69 & "'!$1:$1"), 1, MATCH(INDIRECT(CONCATENATE("'" & $C69 & "'!",ADDRESS(MATCH($D69, INDIRECT("'" & $C69 & "'!$B:$B"), 0),MATCH(I$1, INDIRECT("'" & $C69 & "'!$1:$1"), 0)))),INDIRECT(CONCATENATE("'" & $C69 & "'!",MATCH($D69, INDIRECT("'" & $C69 & "'!$B:$B"), 0),":",MATCH($D69, INDIRECT("'" & $C69 & "'!$B:$B"), 0))),0)),"/",$C69,"/",MID($D69,1,FIND("_",$D69)-1),"/",INDIRECT(CONCATENATE("'" & $C69 & "'!",ADDRESS(MATCH($D69, INDIRECT("'" & $C69 & "'!$B:$B"), 0),MATCH(I$1, INDIRECT("'" & $C69 & "'!$1:$1"), 0)))),".",INDIRECT(CONCATENATE("'"&$C69&"'!",ADDRESS(MATCH($D69,INDIRECT("'"&$C69&"'!$B:$B"),0),3))),"#page=",I70),CONCATENATE("#Sharepoint//",$D69))} -> #Sharepoint//FRS_Line Voltage | J69: {=HYPERLINK(CONCATENATE(Cartelle!$D$5,INDEX(INDIRECT("'" & $C69 & "'!$1:$1"), 1, MATCH(INDIRECT(CONCATENATE("'" & $C69 & "'!",ADDRESS(MATCH($D69, INDIRECT("'" & $C69 & "'!$B:$B"), 0),MATCH(J$1, INDIRECT("'" & $C69 & "'!$1:$1"), 0)))),INDIRECT(CONCATENATE("'" & $C69 & "'!",MATCH($D69, INDIRECT("'" & $C69 & "'!$B:$B"), 0),":",MATCH($D69, INDIRECT("'" & $C69 & "'!$B:$B"), 0))),0)),"/",$C69,"/",MID($D69,1,FIND("_",$D69)-1),"/",INDIRECT(CONCATENATE("'" & $C69 & "'!",ADDRESS(MATCH($D69, INDIRECT("'" & $C69 & "'!$B:$B"), 0),MATCH(J$1, INDIRECT("'" & $C69 & "'!$1:$1"), 0)))),".",INDIRECT(CONCATENATE("'"&$C69&"'!",ADDRESS(MATCH($D69,INDIRECT("'"&$C69&"'!$B:$B"),0),3))),"#page=",J70),CONCATENATE("#Sharepoint//",$D69))} -> #Sharepoint//FRS_Line Voltage
E70: Rif. Pagina | F70: 37 | H70: 42 | I70: 38 | J70: 50
E71: Funzioni AI | F71: **PARTE 1: VZI_Base** La funzione LV_Line_Circuit_Breaker_Closing per la configurazione VZI_Base è responsabile della chiusura dell'interruttore di linea (LCB) per collegare la tensione di linea al treno. Questo sistema è composto da componenti elettrici, meccanici e software che lavorano insieme per garantire la sicurezza e l'efficienza del sistema ferroviario. La logica operativa prevede che l'LCB venga chiuso automaticamente quando il sistema di deteczione rileva la presenza della tensione corretta. In caso di fallimento, l'LCB viene bloccato e il pantografo viene abbassato per aprire il disconnettore. **PARTE 2: Differenze rispetto alle altre configurazioni** - **Componenti elettrici/meccanici/software**: La differenza principale è la presenza di un sistema di deteczione più avanzato nelle configurazioni VZ_FR e VZ_ES, che può rilevare diverse linee di tensione. Inoltre, la configurazione VZI-6_R1 introduce requisiti aggiuntivi per garantire la sicurezza del sistema. - **Logica di funzionamento o condizioni operative**: La configurazione VZ_FR e VZ_ES richiedono che l'LCB venga aperto se il sistema di deteczione rileva una linea di tensione diversa dalla selezionata. Inoltre, la configurazione VZI-6_R1 introduce un requisito per garantire che l'LCB non venga chiuso se il sistema di deteczione rileva una linea di tensione diversa. - **Requisiti o parametri tecnici**: La configurazione VZI-6_R1 richiede un requisito aggiuntivo per garantire la sicurezza del sistema, mentre le altre configurazioni non presentano differenze significative in questo aspetto. | H71: **PARTE 1: Funzione per 'VZ_FR'** La funzione LV_Line_Circuit_Breaker_Closing per la configurazione VZ_FR è responsabile di chiusura dell'interruttore di linea (LCB) per collegare la tensione di linea al treno. Questa funzione è parte del sistema di gestione della corrente elettrica, ed è attivata automaticamente dal sistema di detezione della tensione di linea. La funzione verifica se il sistema di detezione ha rilevato una tensione di linea diversa da quella selezionata dal conducente, e in tal caso, l'LCB viene aperto rispettivamente. **PARTE 2: Differenze rispetto alle altre configurazioni** Le differenze principali rispetto alle altre configurazioni sono: * La configurazione VZ_FR utilizza il sistema di detezione della tensione di linea per verificare la correttezza della selezione del conducente, mentre le altre configurazioni (VZI_Base, VZ_ES) utilizzano un sistema di detezione più complesso che include anche la verifica della correttezza della tensione di linea. * La configurazione VZ_FR non richiede l'utilizzo di componenti elettrici/meccanici software aggiuntivi rispetto alle altre configurazioni, mentre la configurazione VZI-6_R1 richiede l'utilizzo di un sistema di gestione della corrente più avanzato. * La configurazione VZ_FR ha requisiti tecnici più semplici rispetto alle altre configurazioni, poiché non richiede la verifica della correttezza della tensione di linea in condizioni di errore. | I71: La funzione ferroviaria "LV_Line_Circuit_Breaker_Closing" si chiama "Chiusura dell'interruttore di linea (LCB)" e ha lo scopo di collegare la tensione di linea al treno. La funzione è coinvoltiva del sistema di isolamento dei circuiti elettrici, della gestione della tensione di linea e della sicurezza del sistema. La logica di funzionamento prevede che l'LCB si attivino solo se il sistema di riferimento è valido e corretto, altrimenti la chiusura dell'interruttore viene bloccata per evitare danni al sistema o al treno. La funzione è progettata con ridondanze per garantire la sicurezza del sistema, con un limite di 3 tentativi senza successo entro 30 minuti prima che l'LCB venga bloccato permanentemente. Analisi — Funzione equivalente tra le seguenti configurazioni: VZI_Base, VZ_FR, VZ_ES, VZI-6_R1. | J71: La funzione ferroviaria "LV_Line_Circuit_Breaker_Closing" si chiama "Chiusura dell'interruttore di linea" (LCB) e ha lo scopo di collegare la tensione di linea al treno. La funzione è coinvoltiva del sistema di detrazione dei segnali elettrici, del controllo della tensione di linea e del software di gestione del sistema. La logica di funzionamento prevede che l'interruttore non si chiuda se il sistema di detrazione dei segnali rileva una tensione di linea diversa dalla selezionata, per evitare danni al treno o alla linea. L'interruttore viene disattivato automaticamente se la tensione di linea non corrisponde alla selezione del pantografo sollevato.
A72: LV_Line_Circuit_Breaker_Opening | B72: Apertura LCB su comando o per intervento protezione | D72: \
C73: CONFIG | D73: FRS_Line Voltage | E73: Link | F73: {=HYPERLINK(CONCATENATE(Cartelle!$D$5,F$1,"/",$C73,"/",MID($D73,1,FIND("_",$D73)-1),"/",INDIRECT(CONCATENATE("'" & $C73 & "'!",ADDRESS(MATCH($D73, INDIRECT("'" & $C73 & "'!$B:$B"), 0),MATCH(F$1, INDIRECT("'" & $C73 & "'!$1:$1"), 0)))),".",INDIRECT(CONCATENATE("'"&$C73&"'!",ADDRESS(MATCH($D73,INDIRECT("'"&$C73&"'!$B:$B"),0),3))),"#page=",F74),CONCATENATE("#Sharepoint//",$D73))} -> #Sharepoint//FRS_Line Voltage | H73: {=HYPERLINK(CONCATENATE(Cartelle!$D$5,INDEX(INDIRECT("'" & $C73 & "'!$1:$1"), 1, MATCH(INDIRECT(CONCATENATE("'" & $C73 & "'!",ADDRESS(MATCH($D73, INDIRECT("'" & $C73 & "'!$B:$B"), 0),MATCH(H$1, INDIRECT("'" & $C73 & "'!$1:$1"), 0)))),INDIRECT(CONCATENATE("'" & $C73 & "'!",MATCH($D73, INDIRECT("'" & $C73 & "'!$B:$B"), 0),":",MATCH($D73, INDIRECT("'" & $C73 & "'!$B:$B"), 0))),0)),"/",$C73,"/",MID($D73,1,FIND("_",$D73)-1),"/",INDIRECT(CONCATENATE("'" & $C73 & "'!",ADDRESS(MATCH($D73, INDIRECT("'" & $C73 & "'!$B:$B"), 0),MATCH(H$1, INDIRECT("'" & $C73 & "'!$1:$1"), 0)))),".",INDIRECT(CONCATENATE("'"&$C73&"'!",ADDRESS(MATCH($D73,INDIRECT("'"&$C73&"'!$B:$B"),0),3))),"#page=",H74),CONCATENATE("#Sharepoint//",$D73))} -> #Sharepoint//FRS_Line Voltage | I73: {=HYPERLINK(CONCATENATE(Cartelle!$D$5,INDEX(INDIRECT("'" & $C73 & "'!$1:$1"), 1, MATCH(INDIRECT(CONCATENATE("'" & $C73 & "'!",ADDRESS(MATCH($D73, INDIRECT("'" & $C73 & "'!$B:$B"), 0),MATCH(I$1, INDIRECT("'" & $C73 & "'!$1:$1"), 0)))),INDIRECT(CONCATENATE("'" & $C73 & "'!",MATCH($D73, INDIRECT("'" & $C73 & "'!$B:$B"), 0),":",MATCH($D73, INDIRECT("'" & $C73 & "'!$B:$B"), 0))),0)),"/",$C73,"/",MID($D73,1,FIND("_",$D73)-1),"/",INDIRECT(CONCATENATE("'" & $C73 & "'!",ADDRESS(MATCH($D73, INDIRECT("'" & $C73 & "'!$B:$B"), 0),MATCH(I$1, INDIRECT("'" & $C73 & "'!$1:$1"), 0)))),".",INDIRECT(CONCATENATE("'"&$C73&"'!",ADDRESS(MATCH($D73,INDIRECT("'"&$C73&"'!$B:$B"),0),3))),"#page=",I74),CONCATENATE("#Sharepoint//",$D73))} -> #Sharepoint//FRS_Line Voltage | J73: {=HYPERLINK(CONCATENATE(Cartelle!$D$5,INDEX(INDIRECT("'" & $C73 & "'!$1:$1"), 1, MATCH(INDIRECT(CONCATENATE("'" & $C73 & "'!",ADDRESS(MATCH($D73, INDIRECT("'" & $C73 & "'!$B:$B"), 0),MATCH(J$1, INDIRECT("'" & $C73 & "'!$1:$1"), 0)))),INDIRECT(CONCATENATE("'" & $C73 & "'!",MATCH($D73, INDIRECT("'" & $C73 & "'!$B:$B"), 0),":",MATCH($D73, INDIRECT("'" & $C73 & "'!$B:$B"), 0))),0)),"/",$C73,"/",MID($D73,1,FIND("_",$D73)-1),"/",INDIRECT(CONCATENATE("'" & $C73 & "'!",ADDRESS(MATCH($D73, INDIRECT("'" & $C73 & "'!$B:$B"), 0),MATCH(J$1, INDIRECT("'" & $C73 & "'!$1:$1"), 0)))),".",INDIRECT(CONCATENATE("'"&$C73&"'!",ADDRESS(MATCH($D73,INDIRECT("'"&$C73&"'!$B:$B"),0),3))),"#page=",J74),CONCATENATE("#Sharepoint//",$D73))} -> #Sharepoint//FRS_Line Voltage
E74: Rif. Pagina | F74: 40 | H74: 46 | I74: 42 | J74: 56
E75: Funzioni AI | F75: **PARTE 1: Funzione per VZI_Base** La funzione LV_Line_Circuit_Breaker_Opening per la configurazione VZI_Base è responsabile di aprire il circuito di spegnimento della linea elettrica (LCB) solo se viene rilevato una tensione corretta sulla linea o se il treno è in modalità di manutenzione. In caso di assenza di tensione, l'automatico procedimento di uscita si attiva e, una volta rilevata la tensione, il LCB viene riaperto solo se già stato chiuso precedentemente. **PARTE 2: Differenze rispetto alle altre configurazioni** Le differenze principali rispetto alle altre configurazioni sono: * VZ_FR: in questa versione, il LCB si chiude automaticamente dopo un tempo di delay proporzionato al numero del treno, mentre nella versione VZI_Base tale funzione è assente. * VZ_ES: in questa versione, il LCB si chiude solo quando il converter è disconnesso o il DC-link è carico, mentre nella versione VZI_Base la funzione di spegnimento del LCB dipende solo dalla rilevazione della tensione corretta sulla linea. * VZI-6_R1: in questa versione, il LCB si chiude con un ritardo di 1 secondo per il secondo treno in caso di presenza di due treni nella stessa linea. | H75: **PARTE 1** La funzione LV_Line_Circuit_Breaker_Opening per la configurazione VZ_FR si attiva quando il sistema necessita di spegnere l'alimentazione elettrica al treno ad alta velocità ETR1000. La funzione è gestita dal circuito a scelta del segnale (LCB) che viene attivato in caso di disconnessione della tensione elettrica o carico del DC-link. Il LCB viene aperto solo se la tensione elettrica è valida, al fine di evitare un'interruzione improvvisa. **PARTE 2** Le differenze rispetto alle altre configurazioni sono le seguenti: * Componenti elettrici/meccanici/software: il VZ_FR utilizza una logica operativa diversa rispetto a VZI_Base, VZ_ES e VZI-6_R1. * Logica di funzionamento o condizioni operative: la funzione LCB viene aperta solo se la tensione elettrica è valida, al fine di evitare un'interruzione improvvisa. Questo è diverso da VZI_Base e VZ_ES che richiedono una validazione della tensione elettrica. * Requisiti o parametri tecnici: il VZ_FR richiede una sincronizzazione con la fine del sinusodial line voltage di 15kV AC, al fine di evitare l'over magnetisation del main trafo. Questo è diverso da VZI-6_R1 che richiede un'interruzione immediata. * Sistemi o sottosistemi coinvolti: il VZ_FR coinvolge il sistema di protezione e il sistema di controllo del treno, mentre VZI-6_R1 coinvolge anche il sistema di gestione della velocità. | I75: **PARTE 1** La funzione LV_Line_Circuit_Breaker_Opening per la configurazione VZ_ES apre il circuito di spegnimento della linea elettrica quando viene ricevuto un comando da parte del sistema LIM, o quando si verifica una protezione di lineatura o durante attività di manutenzione. Il circuito breaker è composto da componenti elettrici e meccanici, tra cui il diseguagliatore di linea, il relè e l'interruttore. La logica operativa prevede la disconnessione del circuito quando viene ricevuto un comando o quando si verifica una protezione. **PARTE 2** Le differenze rispetto alle altre configurazioni sono: * VZ_FR: la funzione di chiusura del circuito è limitata alla chiusura solo se il corrente è presente, mentre in VZ_ES il circuito può essere aperto anche senza corrente. * VZI-6_R1: la funzione di chiusura del circuito è sincronizzata con la linea elettrica per evitare l'eccessiva magnetizzazione del trasformer, mentre in VZ_ES non ci sono specifiche richieste di sincronizzazione. * Componenti elettrici/meccanici/software: solo VZ_FR ha una specifica richiesta di protezione della chiusura del circuito quando il corrente è presente. | J75: **PARTE 1** La funzione LV_Line_Circuit_Breaker_Opening per la configurazione VZI-6_R1 è finalizzata a aprire il circuito di spegnimento della linea elettrica (LCB) in caso di disconnessione della tensione di linea. La logica operativa prevede che l'apertura del LCB avvenga al vertice della tensione sinusoidale di 15kV AC, evitando così l'eccesso di magnetizzazione del trasformer principale. **PARTE 2** Le differenze rispetto alle altre configurazioni sono le seguenti: * Componenti elettrici/meccanici/software: la configurazione VZI-6_R1 presenta una logica operativa diversa rispetto a VZ_FR e VZ_ES, che richiedono l'apertura del LCB solo quando il converter è disconnesso o il DC-link è carico. * Logica di funzionamento o condizioni operative: la configurazione VZI-6_R1 non prevede un'interruzione anticipata del LCB in caso di apertura senza ordine, a differenza di VZ_FR e VZ_ES che richiedono tale interruzione. * Requisiti o parametri tecnici: la configurazione VZI-6_R1 presenta requisiti tecnici diversi rispetto alle altre, come ad esempio il rilascio del documento FA020022045 Rev 5.0.
A76: LV_Isolate_High_Voltage | B76: Isolamento di sezioni HV guaste per mantenere disponibile parte della trazione | D76: \
C77: CONFIG | D77: FRS_Line Voltage | E77: Link | F77: {=HYPERLINK(CONCATENATE(Cartelle!$D$5,F$1,"/",$C77,"/",MID($D77,1,FIND("_",$D77)-1),"/",INDIRECT(CONCATENATE("'" & $C77 & "'!",ADDRESS(MATCH($D77, INDIRECT("'" & $C77 & "'!$B:$B"), 0),MATCH(F$1, INDIRECT("'" & $C77 & "'!$1:$1"), 0)))),".",INDIRECT(CONCATENATE("'"&$C77&"'!",ADDRESS(MATCH($D77,INDIRECT("'"&$C77&"'!$B:$B"),0),3))),"#page=",F78),CONCATENATE("#Sharepoint//",$D77))} -> #Sharepoint//FRS_Line Voltage | H77: {=HYPERLINK(CONCATENATE(Cartelle!$D$5,INDEX(INDIRECT("'" & $C77 & "'!$1:$1"), 1, MATCH(INDIRECT(CONCATENATE("'" & $C77 & "'!",ADDRESS(MATCH($D77, INDIRECT("'" & $C77 & "'!$B:$B"), 0),MATCH(H$1, INDIRECT("'" & $C77 & "'!$1:$1"), 0)))),INDIRECT(CONCATENATE("'" & $C77 & "'!",MATCH($D77, INDIRECT("'" & $C77 & "'!$B:$B"), 0),":",MATCH($D77, INDIRECT("'" & $C77 & "'!$B:$B"), 0))),0)),"/",$C77,"/",MID($D77,1,FIND("_",$D77)-1),"/",INDIRECT(CONCATENATE("'" & $C77 & "'!",ADDRESS(MATCH($D77, INDIRECT("'" & $C77 & "'!$B:$B"), 0),MATCH(H$1, INDIRECT("'" & $C77 & "'!$1:$1"), 0)))),".",INDIRECT(CONCATENATE("'"&$C77&"'!",ADDRESS(MATCH($D77,INDIRECT("'"&$C77&"'!$B:$B"),0),3))),"#page=",H78),CONCATENATE("#Sharepoint//",$D77))} -> #Sharepoint//FRS_Line Voltage | I77: {=HYPERLINK(CONCATENATE(Cartelle!$D$5,INDEX(INDIRECT("'" & $C77 & "'!$1:$1"), 1, MATCH(INDIRECT(CONCATENATE("'" & $C77 & "'!",ADDRESS(MATCH($D77, INDIRECT("'" & $C77 & "'!$B:$B"), 0),MATCH(I$1, INDIRECT("'" & $C77 & "'!$1:$1"), 0)))),INDIRECT(CONCATENATE("'" & $C77 & "'!",MATCH($D77, INDIRECT("'" & $C77 & "'!$B:$B"), 0),":",MATCH($D77, INDIRECT("'" & $C77 & "'!$B:$B"), 0))),0)),"/",$C77,"/",MID($D77,1,FIND("_",$D77)-1),"/",INDIRECT(CONCATENATE("'" & $C77 & "'!",ADDRESS(MATCH($D77, INDIRECT("'" & $C77 & "'!$B:$B"), 0),MATCH(I$1, INDIRECT("'" & $C77 & "'!$1:$1"), 0)))),".",INDIRECT(CONCATENATE("'"&$C77&"'!",ADDRESS(MATCH($D77,INDIRECT("'"&$C77&"'!$B:$B"),0),3))),"#page=",I78),CONCATENATE("#Sharepoint//",$D77))} -> #Sharepoint//FRS_Line Voltage | J77: {=HYPERLINK(CONCATENATE(Cartelle!$D$5,INDEX(INDIRECT("'" & $C77 & "'!$1:$1"), 1, MATCH(INDIRECT(CONCATENATE("'" & $C77 & "'!",ADDRESS(MATCH($D77, INDIRECT("'" & $C77 & "'!$B:$B"), 0),MATCH(J$1, INDIRECT("'" & $C77 & "'!$1:$1"), 0)))),INDIRECT(CONCATENATE("'" & $C77 & "'!",MATCH($D77, INDIRECT("'" & $C77 & "'!$B:$B"), 0),":",MATCH($D77, INDIRECT("'" & $C77 & "'!$B:$B"), 0))),0)),"/",$C77,"/",MID($D77,1,FIND("_",$D77)-1),"/",INDIRECT(CONCATENATE("'" & $C77 & "'!",ADDRESS(MATCH($D77, INDIRECT("'" & $C77 & "'!$B:$B"), 0),MATCH(J$1, INDIRECT("'" & $C77 & "'!$1:$1"), 0)))),".",INDIRECT(CONCATENATE("'"&$C77&"'!",ADDRESS(MATCH($D77,INDIRECT("'"&$C77&"'!$B:$B"),0),3))),"#page=",J78),CONCATENATE("#Sharepoint//",$D77))} -> #Sharepoint//FRS_Line Voltage
E78: Rif. Pagina | F78: 45 | H78: 52 | I78: 47 | J78: 61
E79: Funzioni AI | F79: La funzione ferroviaria "LV_Isolate_High_Voltage" è un meccanismo di isolamento di sezioni HV guaste per mantenere disponibile parte della trazione. È attivata quando il voltage supera i 15 kV e viene attivata anche in caso di apertura di un LCB (disconnettore) senza che l'altro sia stato chiuduto. La funzione è attivata su livello consistente, ovvero se un LCB non è stato aperto sul traino posteriore, la messaggio deve essere inviato al driver del traino anteriore. La logica di funzionamento prevede l'invio di una notifica al driver con istruzioni per abbassare il disconnettore automatico e attivazione del buzzer. Analisi — Funzione equivalente tra le seguenti configurazioni: VZI_Base, VZ_FR, VZ_ES, VZI-6_R1. | H79: La funzione ferroviaria "LV_Isolate_High_Voltage" è progettata per isolare sezioni HV guaste mantenendo disponibile parte della trazione. La funzione coinvolge componenti elettrici/meccanici/software come disconnettori di alta tensione, pantografi e sistemi di isolamento. La logica di funzionamento attiva la funzione quando si verificano condizioni di fallimento dei disconnettori (apertura o chiusura ritardata) o quando il loro stato non è noto. La funzione dispone di ridondanze con tre tentativi di apertura del disconnettore entro un intervallo di 10 secondi, e richiede un livello di sicurezza SIL 0 per garantire la sicurezza del sistema. Analisi — Funzione equivalente tra le seguenti configurazioni: VZI_Base, VZ_FR, VZ_ES, VZI-6_R1. | I79: La funzione ferroviaria "LV_Isolate_High_Voltage" è finalizzata a isolare sezioni HV guaste per mantenere disponibile parte della trazione. Coinvolti sono i disconnettori di linea HV, il sistema di controllo elettronico e il software di gestione del sistema. La funzione si attiva quando si verificano condizioni di fallimento dei disconnettori (apertura o chiusura non corretta) o quando la posizione dei disconnettori è sconosciuta, con l'obiettivo di mantenere almeno metà della trazione disponibile. La funzione è progettata per garantire un livello di sicurezza SIL 0 e prevede ridondanze nel sistema, come il controllo dei disconnettori e la gestione degli eventi di fallimento. Analisi — Funzione equivalente tra le seguenti configurazioni: VZI_Base, VZ_FR, VZ_ES, VZI-6_R1. | J79: La funzione ferroviaria "LV_Isolate_High_Voltage" è finalizzata a isolare sezioni HV guaste per mantenere disponibile parte della trazione di un treno ad alta velocità ETR1000 VZI-6. La logica di funzionamento prevede l'attivazione dell'isolamento quando si verificano condizioni di fallimento dei disconnettori elettrici, come la mancata apertura o chiusura, o la posizione incerta. Il sistema consente tre tentativi di apertura con intervalli di 10 secondi tra ogni tentativo, e in caso di fallimento, l'evento viene segnalato al conducente che deve cambiare manualmente il pantografo. La funzione è progettata per garantire un livello di sicurezza SIL 0 e prevede la presenza di ridondanze nei disconnettori elettrici e nel sistema di controllo software. Analisi — Funzione equivalente tra le seguenti configurazioni: VZI_Base, VZ_FR, VZ_ES, VZI-6_R1.
A80: LV_Main_Transformer_cooling_control | B80: Controllo da parte della PCU della velocità delle ventole del circuito di raffreddamento ad olio | D80: \
C81: CONFIG | D81: FRS_Line Voltage | E81: Link | J81: {=HYPERLINK(CONCATENATE(Cartelle!$D$5,INDEX(INDIRECT("'" & $C81 & "'!$1:$1"), 1, MATCH(INDIRECT(CONCATENATE("'" & $C81 & "'!",ADDRESS(MATCH($D81, INDIRECT("'" & $C81 & "'!$B:$B"), 0),MATCH(J$1, INDIRECT("'" & $C81 & "'!$1:$1"), 0)))),INDIRECT(CONCATENATE("'" & $C81 & "'!",MATCH($D81, INDIRECT("'" & $C81 & "'!$B:$B"), 0),":",MATCH($D81, INDIRECT("'" & $C81 & "'!$B:$B"), 0))),0)),"/",$C81,"/",MID($D81,1,FIND("_",$D81)-1),"/",INDIRECT(CONCATENATE("'" & $C81 & "'!",ADDRESS(MATCH($D81, INDIRECT("'" & $C81 & "'!$B:$B"), 0),MATCH(J$1, INDIRECT("'" & $C81 & "'!$1:$1"), 0)))),".",INDIRECT(CONCATENATE("'"&$C81&"'!",ADDRESS(MATCH($D81,INDIRECT("'"&$C81&"'!$B:$B"),0),3))),"#page=",J82),CONCATENATE("#Sharepoint//",$D81))} -> #Sharepoint//FRS_Line Voltage
E82: Rif. Pagina | J82: 65
E83: Funzioni AI | J83: La funzione ferroviaria LV_Main_Transformer_cooling_control è responsabile del controllo della velocità delle ventole del circuito di raffreddamento ad olio del transformatore principale. I componenti elettrici/meccanici/software coinvolti sono i fan del circuito di raffreddamento, il sistema di gestione dell'olio e la PCU (Propulsion Control Unit). La logica di funzionamento attiva le ventole in base alla temperatura dell'olio e alla velocità della vettura, con un ritardo di inizio diverso per ogni fan. Le ridondanze sono garantite dal fatto che il sistema è progettato per essere monitorato dalla PCU e dal sistema di gestione dell'olio, con requisiti di sicurezza come l'indicazione di eventuali errori del contattore dell'olio pump o dell'MCB (Meccanic Contact Breaker).
A84: LV_Main_Transformer_Supervision | B84: Controllo da parte della PCU della temperatura del trasformatore e degli induttori linea | D84: \
C85: CONFIG | D85: FRS_Line Voltage | E85: Link | J85: {=HYPERLINK(CONCATENATE(Cartelle!$D$5,INDEX(INDIRECT("'" & $C85 & "'!$1:$1"), 1, MATCH(INDIRECT(CONCATENATE("'" & $C85 & "'!",ADDRESS(MATCH($D85, INDIRECT("'" & $C85 & "'!$B:$B"), 0),MATCH(J$1, INDIRECT("'" & $C85 & "'!$1:$1"), 0)))),INDIRECT(CONCATENATE("'" & $C85 & "'!",MATCH($D85, INDIRECT("'" & $C85 & "'!$B:$B"), 0),":",MATCH($D85, INDIRECT("'" & $C85 & "'!$B:$B"), 0))),0)),"/",$C85,"/",MID($D85,1,FIND("_",$D85)-1),"/",INDIRECT(CONCATENATE("'" & $C85 & "'!",ADDRESS(MATCH($D85, INDIRECT("'" & $C85 & "'!$B:$B"), 0),MATCH(J$1, INDIRECT("'" & $C85 & "'!$1:$1"), 0)))),".",INDIRECT(CONCATENATE("'"&$C85&"'!",ADDRESS(MATCH($D85,INDIRECT("'"&$C85&"'!$B:$B"),0),3))),"#page=",J86),CONCATENATE("#Sharepoint//",$D85))} -> #Sharepoint//FRS_Line Voltage
E86: Rif. Pagina | J86: 68
E87: Funzioni AI | J87: La funzione ferroviaria LV_Main_Transformer_Supervision monitora e controlla la temperatura del trasformatore e degli induttori linea, utilizzando dati provenienti da sensori PT100 acquistati dal sistema TCMS e inviati alle PCU. La logica di funzionamento attiva il controllo quando entrambi i sensori del trasformatore sono disponibili, altrimenti il sistema attiva la ventilazione dei trasformatore fino all'uscita massima.
A88: LV_Energy_Meter | B88: Sistema di lettura dell'evergia assorbita dal treno e invio a terra dei dati | D88: \
C89: CONFIG | D89: FRS_Line Voltage | E89: Link | H89: {=HYPERLINK(CONCATENATE(Cartelle!$D$5,INDEX(INDIRECT("'" & $C89 & "'!$1:$1"), 1, MATCH(INDIRECT(CONCATENATE("'" & $C89 & "'!",ADDRESS(MATCH($D89, INDIRECT("'" & $C89 & "'!$B:$B"), 0),MATCH(H$1, INDIRECT("'" & $C89 & "'!$1:$1"), 0)))),INDIRECT(CONCATENATE("'" & $C89 & "'!",MATCH($D89, INDIRECT("'" & $C89 & "'!$B:$B"), 0),":",MATCH($D89, INDIRECT("'" & $C89 & "'!$B:$B"), 0))),0)),"/",$C89,"/",MID($D89,1,FIND("_",$D89)-1),"/",INDIRECT(CONCATENATE("'" & $C89 & "'!",ADDRESS(MATCH($D89, INDIRECT("'" & $C89 & "'!$B:$B"), 0),MATCH(H$1, INDIRECT("'" & $C89 & "'!$1:$1"), 0)))),".",INDIRECT(CONCATENATE("'"&$C89&"'!",ADDRESS(MATCH($D89,INDIRECT("'"&$C89&"'!$B:$B"),0),3))),"#page=",H90),CONCATENATE("#Sharepoint//",$D89))} -> #Sharepoint//FRS_Line Voltage | I89: {=HYPERLINK(CONCATENATE(Cartelle!$D$5,INDEX(INDIRECT("'" & $C89 & "'!$1:$1"), 1, MATCH(INDIRECT(CONCATENATE("'" & $C89 & "'!",ADDRESS(MATCH($D89, INDIRECT("'" & $C89 & "'!$B:$B"), 0),MATCH(I$1, INDIRECT("'" & $C89 & "'!$1:$1"), 0)))),INDIRECT(CONCATENATE("'" & $C89 & "'!",MATCH($D89, INDIRECT("'" & $C89 & "'!$B:$B"), 0),":",MATCH($D89, INDIRECT("'" & $C89 & "'!$B:$B"), 0))),0)),"/",$C89,"/",MID($D89,1,FIND("_",$D89)-1),"/",INDIRECT(CONCATENATE("'" & $C89 & "'!",ADDRESS(MATCH($D89, INDIRECT("'" & $C89 & "'!$B:$B"), 0),MATCH(I$1, INDIRECT("'" & $C89 & "'!$1:$1"), 0)))),".",INDIRECT(CONCATENATE("'"&$C89&"'!",ADDRESS(MATCH($D89,INDIRECT("'"&$C89&"'!$B:$B"),0),3))),"#page=",I90),CONCATENATE("#Sharepoint//",$D89))} -> #Sharepoint//FRS_Line Voltage | J89: {=HYPERLINK(CONCATENATE(Cartelle!$D$5,J$1,"/CONFIG/",MID($D89,1,FIND("_",$D89)-1),"/",INDIRECT(CONCATENATE("'CONFIG'!",ADDRESS(MATCH($D89, CONFIG!$B:$B, 0),MATCH(J$1, CONFIG!$1:$1, 0)))),".pdf#page=",J90),CONCATENATE("#Sharepoint//",$D89))} -> #Sharepoint//FRS_Line Voltage
E90: Rif. Pagina | H90: 54 | I90: 49 | J90: 71
E91: Funzioni AI | H91: La funzione ferroviaria LV_Energy_Meter è un sistema di lettura dell'energia assorbita dal treno e invio a terra dei dati. È composta da componenti elettrici/meccanici/software come il sistema di gestione del potenziale (TCMS), l'IDU (Interface Device Unit) e il driver desk selector. La logica di funzionamento prevede che la richiesta di apertura della disconnettore del tetto venga inviata solo se il treno è in sosta e tutti i pannelli sono spenti o tutti gli LCB (Line Clearance Devices) sono aperti. In caso di selezione di una specifica tensione, solo quella corrispondente viene inviata alla propulsion. La funzione implementa un master reset per tutti gli equipaggiamenti e richiede l'invio di un evento per l'ingegneria in caso di disconnettore del tetto aperto. Analisi — Funzione equivalente tra le seguenti configurazioni: VZ_FR, VZ_ES, VZI-6_R1. | I91: La funzione ferroviaria LV_Energy_Meter è un sistema di lettura dell'energia assorbita dal treno e invio a terra dei dati. È una funzione indipendente dal livello veicolo, che lavora con l'auxiliary power DC110V e genera eventi in caso di perdita di alimentazione. La logica di funzionamento attiva il sistema quando il treno è in movimento e tutte le condizioni previste sono soddisfatte (cot out command, train standstill, tutti i pantoni down e tutti gli LCB aperti). In caso di mancata verificazione delle condizioni, un evento selezionale viene generato per il driver. Il sistema è progettato con ridondanze e richiede autorizzazione espressa per la riproduzione o distribuzione dei dati contenuti nel documento. Analisi — Funzione equivalente tra le seguenti configurazioni: VZ_FR, VZ_ES, VZI-6_R1. | J91: La funzione ferroviaria LV_Energy_Meter è un sistema di lettura dell'energia assorbita dal treno e invio a terra dei dati. È composta da componenti elettrici/meccanici/software come l'Energy Metering Function, Data Handling System, Communication Unit (4G) e GPS. La logica di funzionamento attiva il sistema quando la corrente elettrica è presente e invia i dati energetici al server terrestre tramite una comunicazione dedicata. Il sistema è progettato per garantire la sicurezza con un livello di sicurezza SIL 0, con ridondanze e requisiti di sicurezza per prevenire errori e garantire l'integrità dei dati. Analisi — Funzione equivalente tra le seguenti configurazioni: VZ_FR, VZ_ES, VZI-6_R1.
A92: LV_Key_interlocking | B92: Interblocco tramite giro chiavi del sistema alta tensione | D92: \
C93: CONFIG | D93: FRS_Line Voltage | E93: Link | F93: {=HYPERLINK(CONCATENATE(Cartelle!$D$5,F$1,"/",$C93,"/",MID($D93,1,FIND("_",$D93)-1),"/",INDIRECT(CONCATENATE("'" & $C93 & "'!",ADDRESS(MATCH($D93, INDIRECT("'" & $C93 & "'!$B:$B"), 0),MATCH(F$1, INDIRECT("'" & $C93 & "'!$1:$1"), 0)))),".",INDIRECT(CONCATENATE("'"&$C93&"'!",ADDRESS(MATCH($D93,INDIRECT("'"&$C93&"'!$B:$B"),0),3))),"#page=",F94),CONCATENATE("#Sharepoint//",$D93))} -> #Sharepoint//FRS_Line Voltage | H93: {=HYPERLINK(CONCATENATE(Cartelle!$D$5,INDEX(INDIRECT("'" & $C93 & "'!$1:$1"), 1, MATCH(INDIRECT(CONCATENATE("'" & $C93 & "'!",ADDRESS(MATCH($D93, INDIRECT("'" & $C93 & "'!$B:$B"), 0),MATCH(H$1, INDIRECT("'" & $C93 & "'!$1:$1"), 0)))),INDIRECT(CONCATENATE("'" & $C93 & "'!",MATCH($D93, INDIRECT("'" & $C93 & "'!$B:$B"), 0),":",MATCH($D93, INDIRECT("'" & $C93 & "'!$B:$B"), 0))),0)),"/",$C93,"/",MID($D93,1,FIND("_",$D93)-1),"/",INDIRECT(CONCATENATE("'" & $C93 & "'!",ADDRESS(MATCH($D93, INDIRECT("'" & $C93 & "'!$B:$B"), 0),MATCH(H$1, INDIRECT("'" & $C93 & "'!$1:$1"), 0)))),".",INDIRECT(CONCATENATE("'"&$C93&"'!",ADDRESS(MATCH($D93,INDIRECT("'"&$C93&"'!$B:$B"),0),3))),"#page=",H94),CONCATENATE("#Sharepoint//",$D93))} -> #Sharepoint//FRS_Line Voltage | I93: {=HYPERLINK(CONCATENATE(Cartelle!$D$5,INDEX(INDIRECT("'" & $C93 & "'!$1:$1"), 1, MATCH(INDIRECT(CONCATENATE("'" & $C93 & "'!",ADDRESS(MATCH($D93, INDIRECT("'" & $C93 & "'!$B:$B"), 0),MATCH(I$1, INDIRECT("'" & $C93 & "'!$1:$1"), 0)))),INDIRECT(CONCATENATE("'" & $C93 & "'!",MATCH($D93, INDIRECT("'" & $C93 & "'!$B:$B"), 0),":",MATCH($D93, INDIRECT("'" & $C93 & "'!$B:$B"), 0))),0)),"/",$C93,"/",MID($D93,1,FIND("_",$D93)-1),"/",INDIRECT(CONCATENATE("'" & $C93 & "'!",ADDRESS(MATCH($D93, INDIRECT("'" & $C93 & "'!$B:$B"), 0),MATCH(I$1, INDIRECT("'" & $C93 & "'!$1:$1"), 0)))),".",INDIRECT(CONCATENATE("'"&$C93&"'!",ADDRESS(MATCH($D93,INDIRECT("'"&$C93&"'!$B:$B"),0),3))),"#page=",I94),CONCATENATE("#Sharepoint//",$D93))} -> #Sharepoint//FRS_Line Voltage | J93: {=HYPERLINK(CONCATENATE(Cartelle!$D$5,INDEX(INDIRECT("'" & $C93 & "'!$1:$1"), 1, MATCH(INDIRECT(CONCATENATE("'" & $C93 & "'!",ADDRESS(MATCH($D93, INDIRECT("'" & $C93 & "'!$B:$B"), 0),MATCH(J$1, INDIRECT("'" & $C93 & "'!$1:$1"), 0)))),INDIRECT(CONCATENATE("'" & $C93 & "'!",MATCH($D93, INDIRECT("'" & $C93 & "'!$B:$B"), 0),":",MATCH($D93, INDIRECT("'" & $C93 & "'!$B:$B"), 0))),0)),"/",$C93,"/",MID($D93,1,FIND("_",$D93)-1),"/",INDIRECT(CONCATENATE("'" & $C93 & "'!",ADDRESS(MATCH($D93, INDIRECT("'" & $C93 & "'!$B:$B"), 0),MATCH(J$1, INDIRECT("'" & $C93 & "'!$1:$1"), 0)))),".",INDIRECT(CONCATENATE("'"&$C93&"'!",ADDRESS(MATCH($D93,INDIRECT("'"&$C93&"'!$B:$B"),0),3))),"#page=",J94),CONCATENATE("#Sharepoint//",$D93))} -> #Sharepoint//FRS_Line Voltage
E94: Rif. Pagina | F94: 48 | H94: 55 | I94: 51 | J94: 73
E95: Funzioni AI | F95: PARTE 1: La funzione LV_Key_interlocking per la configurazione VZI_Base è responsabile dell'interblocco tramite giro chiavi del sistema alta tensione. Questo sistema è composto da componenti come HV-switches e disconnectors, controllati dal TCMS (System Management System) e hardwired per proteggere il lock. La logica operativa prevede che in condizioni normali, il sistema fornisca potenza a HV, 400V e 110V, mentre in caso di fallimento, il TCMS attiva diagnostiche specifiche. PARTE 2: Le differenze rispetto alla configurazione VZI-6_R1 sono legate all'uso diverso dei componenti e della logica operativa. Mentre VZI-6_R1 utilizza un approccio più complesso con la gestione delle diagnostiche in caso di fallimento, VZI_Base si concentra sulla protezione del lock tramite il TCMS. Inoltre, le specifiche dei requisiti SIL sono diverse tra le due configurazioni. Analisi — Funzione equivalente tra le seguenti configurazioni: VZI_Base, VZ_FR, VZ_ES. | H95: La funzione ferroviaria LV_Key_interlocking è un sistema di interblocco tramite giro chiavi del sistema alta tensione (HV) che garantisce la sicurezza durante il trasporto di treni ad alta velocità. Il sistema è composto da componenti elettrici/meccanici/software come TCMS, HV-switches, disconnettori, lampade, solenoidi e isolanti/grounding switches DC (4a). La logica di funzionamento prevede la gestione di due livelli di interblocco: operativo e di manutenzione, con condizioni di attivazione/disattivazione basate sulla presenza o assenza di HV e su specifici comandi di controllo. Il sistema è progettato per garantire un livello di sicurezza di SIL 2 e prevede la presenza di ridondanze per garantire la continuità del servizio. Analisi — Funzione equivalente tra le seguenti configurazioni: VZ_FR, VZ_ES, VZI-6_R1. | I95: La funzione ferroviaria LV_Key_interlocking è un sistema di interblocco tramite giro chiavi del sistema alta tensione. È composta da componenti elettrici/meccanici/software come il sistema di gestione della tensione (TCMS) e i dispositivi di protezione (lampada, solenoid). La logica di funzionamento attiva il sistema quando la tensione è disponibile (normal condition) e lo disattiva in caso di fallimento del sistema (failure condition). Il sistema supporta due livelli di interblocco: operativo e di manutenzione, con cinque modi diversi di gestione. La funzione è progettata per garantire la sicurezza e la ridondanza, con il TCMS che mostra lo stato del sistema EMS e lo disattiva in caso di fallimento, e con la possibilità di trigger eventi diagnostiche. Analisi — Funzione equivalente tra le seguenti configurazioni: VZ_FR, VZ_ES, VZI-6_R1. | J95: La funzione ferroviaria LV_Key_interlocking è un sistema di interblocco tramite giro chiavi del sistema alta tensione (HV) utilizzato nel treno ad alta velocità ETR1000 VZI-6. Il sistema è composto da componenti elettrici/meccanici/software come il sistema di controllo della tensione (TCMS), i commutatori HV, i disconnettori e le luci/solenoidi protetti. La funzione viene attivata quando l'EMS è in fallimento e il TCMS triggerebbe eventi diagnostici rilevanti. Il sistema supporta due livelli di interblocco: operativo e di manutenzione, con cinque modi diversi di sequenza di interloco (operativo, parcheggiato, disattivato, fornitura depot e di manutenzione). Analisi — Funzione equivalente tra le seguenti configurazioni: VZ_FR, VZ_ES, VZI-6_R1.
A96: LV_Function_Earthing_of_High_Voltage_Supply | B96: Messa a terra dell'alta tensione per consentire la manutenzione in sicurezza | D96: \
